basin_id,mean_discharge,median_discharge,discharge_coverage,area,mean_discharge_area_ratio,median_discharge_area_ratio
02AA001,13.956582493521452,7.65,0.4322070810777176,1569.087133753631,0.008894714763312076,0.0048754462613554
02AA002,,,0.0,391.2882362398527,,
02AB001,,,0.0,3553.916861187799,,
02AB002,,,0.0,2894.015833236437,,
02AB004,30.858506378802748,32.3,0.31703067637359217,3397.4083196725314,0.009082954851237054,0.00950724698381657
02AB005,,,0.0,2607.386317921881,,
02AB006,55.65174411322646,49.5,0.9935909402028499,6460.499667493662,0.008614154783296574,0.007661946064181662
02AB007,,,0.0,7367.247353704442,,
02AB008,1.5688797432686288,0.435,0.9937153879659013,207.439295029929,0.007563078842136796,0.002096999027774554
02AB009,23.007477736549163,13.75,0.3353867214236824,2856.587706357903,0.008054182157733668,0.004813435263827764
02AB010,52.33198462101794,47.1,0.3398668408935349,6749.181683541999,0.0077538266229564435,0.006978623810773119
02AB011,7.912652750898535,4.8,0.22506377947856387,1168.1301307680562,0.006773776775791147,0.004109131229107116
02AB012,2.518690813877373,2.0285714285714285,0.28517204903241866,172.6742688461957,0.014586370225900995,0.011747965936825921
02AB013,5.179086316714254,4.1,0.28330533258664675,524.2701407386675,0.009878659710463788,0.007820395787223983
02AB014,1.0403372426699937,0.308,0.9974488208574451,104.68361836558444,0.009937918261832004,0.002942198643959535
02AB015,5.84715306122449,2.19,0.14635056934851595,500.7137678548439,0.011677635880225226,0.004373756306686732
02AB016,1.5275592216582063,0.58,0.1470972559268247,136.11137803633736,0.01122286206852154,0.004261216133196143
02AB017,2.131705513391457,0.701,0.9920353431647067,225.27409806934105,0.00946271911267536,0.003111764761274183
02AB019,0.3794203210940984,0.137,0.8371601020471657,44.63292684915285,0.008500906121985587,0.003069482771385859
02AB020,0.7335342107230988,0.246,0.8321199676435816,81.16640305126974,0.009037411824936397,0.0030308106649078823
02AB021,4.1490959038220545,1.47,0.7944745193205152,405.5787275118516,0.010230062925824462,0.0036244504464476492
02AB022,0.33850579795597485,0.08,0.31659510920291206,44.35998869853953,0.00763088106844174,0.001803426969823233
02AB023,1.596622386537481,0.163,0.3660630950158671,179.91948803100854,0.008874093651613261,0.0009059607815908608
02AB024,0.48365577507598784,0.128,0.36848982639537053,53.00631071742797,0.009124494207007061,0.0024148068082375483
02AB025,191.30068114091102,251.3111795774648,0.29232779540787757,7732.412764787297,0.024740102081988805,0.03250100417839991
02AC001,6.5262518234524025,3.1,0.9981332835542281,725.9219811179809,0.008990293713659732,0.0042704313695333205
02AC002,24.061646615135267,13.9,0.9981955074357538,2614.529682391945,0.009203049702278416,0.005316443754152893
02AD010,7.062620496546575,3.2,1.0,646.228851017346,0.010928977382281872,0.004951806151895416
02AD011,15.907971014492755,16.4,0.004293447825275341,2188.643444414539,0.007268415993061917,0.007493226017172017
02AE001,7.389420052342971,5.08,0.9985688507249082,606.9823033431549,0.012174028817056622,0.008369272006811776
02BA002,15.57271095484826,9.79,0.33625785576504263,1190.941038793889,0.013075971393696645,0.008220390162988003
02BA003,15.28072185924958,7.45,1.0,1319.48691450223,0.011580805911223574,0.005646134052652183
02BA005,0.1859303082756347,0.062,0.7549001306701512,10.82602181440203,0.017174388844135587,0.0057269420903549645
02BA006,14.15158303700777,7.45,0.4724659324248647,1182.927966452962,0.011963182406991046,0.0062979320899302135
02BB002,24.49358775205377,12.3,0.2499533320888557,2158.074627306443,0.011349740848686472,0.005699524865528861
02BB003,49.37882241304212,23.1,1.0,4201.745912072211,0.01175197726049302,0.005497714636582482
02BB004,2.2177484369511764,1.14,0.8857569535187605,208.565285342651,0.010633353644196574,0.005465914416807662
02BC002,,,0.0,4128.020224558867,,
02BC003,,,0.0,2018.9867295006604,,
02BC004,48.0682520045819,31.3,0.8148217285794288,4145.709006089764,0.011594699949748743,0.007549975156004059
02BC005,8.873853834389339,3.507563025210084,0.28479870574326427,531.5592238403161,0.01669400781022869,0.006598630722404281
02BC006,6.039244952616398,2.75,0.30203472092589134,406.39761394106586,0.014860434080924956,0.006766772012590591
02BC008,39.709468784227816,26.7,0.1136208076659822,4229.999328597849,0.009387582762900963,0.006312057739463154
02BD001,,,0.0,1723.653680130046,,
02BD002,65.67189021128644,66.5,0.9306203720988115,5295.747342681235,0.012400872995205392,0.012557245596677404
02BD003,24.810909575886903,14.7,0.2332773318399602,1990.5847212469037,0.01246413142382874,0.00738476480960424
02BD006,0.9619961722488038,0.7867560975609756,0.5852156057494866,30.38193371722952,0.03166342804912573,0.025895524125734242
02BD007,24.58305283925202,20.08245614035088,0.3627030054134777,1948.83900898423,0.012614204008603639,0.010304830746803564
02BE001,,,0.0,2887.6135788494635,,
02BE002,39.37281501268866,41.1,0.9317404019662746,2967.078061207535,0.013269895230415609,0.013852011693710954
02BF001,22.108745566548443,11.0,1.0,1224.9081558123585,0.01804930880869671,0.008980265130739379
02BF002,17.92911585897596,9.3,0.9989421940140626,1134.4456856544653,0.015804296393998444,0.00819783628039874
02BF003,,,0.0,21.391300531826523,,
02BF004,0.8392302877428998,0.349,0.999066641777114,49.81769903631989,0.016846026692863794,0.007005542342402435
02BF005,0.2651851990702557,0.143,0.8298799079086553,10.417947750366327,0.025454648595346522,0.013726311882776688
02BF006,0.19797813225492397,0.107,0.830875490013067,8.085990772272242,0.024484090797359418,0.013232763060639996
02BF007,0.1271220071517413,0.063,0.8004480119469852,4.983246825431638,0.025509875710547462,0.01264235993258132
02BF014,32.31422290223869,17.3,0.3863480803932549,1819.8846295628048,0.01775619309999976,0.00950609710031785
02CA002,1.9676240121958808,0.84,1.0,107.53262148277152,0.018297926573947854,0.007811583019340616
02CA007,4.368195522628443,2.41,0.3863480803932549,268.0263418660363,0.01629763512129615,0.008991653518908805
02CB001,39.94290799561884,32.8,0.3408624229979466,4037.798773411509,0.00989224828603119,0.008123237892879812
02CB002,,,0.0,2143.146463121265,,
02CB003,17.584715035407182,9.33,0.984132910210939,1446.6456319776469,0.012155509716203184,0.006449402530767234
02CC002,,,0.0,8979.475146494075,,
02CC003,,,0.0,9196.023836807952,,
02CC004,,,0.0,9206.03530660045,,
02CC005,26.03790212183436,16.0,1.0,1964.0741746834608,0.013257086956011093,0.008146331847461226
02CC006,,,0.0,6827.352258732164,,
02CC007,75.55053486673968,64.5,0.3408624229979466,6814.607321477703,0.011086557346984013,0.009464962096453358
02CC008,104.5467581357725,83.5,1.0,9236.86911840946,0.011318419347028152,0.009039859602815099
02CC009,105.01299744432276,82.25,0.3408624229979466,8965.279639094098,0.011713298599901103,0.009174281596453471
02CC010,14.863191354903945,8.74,0.9846307012631448,1202.0775922326543,0.0123645856564867,0.007270745296704965
02CD001,19.84342735361832,13.8,1.0,1349.7503566948897,0.01470155370227764,0.010224112875059223
02CD002,1.6289536962635596,1.09,0.30975048223508184,119.90938145979736,0.013584872813389562,0.0090901978371513
02CD003,4.590378410675164,3.12,0.3124261091406882,314.0890077588454,0.01461489672443301,0.00993348994370254
02CD004,8.959744397110576,6.44,0.33594673635741396,569.7138877507284,0.015726743879255416,0.011303919631353179
02CD005,1.5612017637626936,0.822,0.11642088233464004,103.67596938447342,0.01505847278816474,0.007928548967328038
02CD006,2.4727436998319954,1.74,1.0,156.76493556430353,0.01577357647570173,0.011099420886032694
02CE001,121.73974260679081,92.0,0.3408624229979466,11589.450775184489,0.010504358227868903,0.007938253657109604
02CE002,18.106382925766912,11.3,1.0,1336.4958231110234,0.013547653956463436,0.008454945989802247
02CE003,,,0.0,11617.667720963847,,
02CE004,82.85803637786034,66.8,0.3181507062410553,6837.775295748229,0.01211768927671285,0.009769259314727212
02CE007,0.5608418641037104,0.275,0.2783896459461141,39.337675501083474,0.014257117558668741,0.006990753685799908
02CE103,,,0.0,44.72373128263504,,
02CF001,,,0.0,3805.416636462612,,
02CF002,,,0.0,4226.619962624317,,
02CF004,42.86394227005871,26.1,0.31796403459647815,4328.959269334433,0.009901673728764127,0.0060291627562513
02CF005,1.7080510480054092,0.85,0.8282620869889864,91.9822755699144,0.01856934977333915,0.009240910759529179
02CF007,3.0421170120092094,1.52,1.0,273.4025636194081,0.011126878152627745,0.005559567473975578
02CF008,2.075208885570282,1.06,1.0,188.43474186897964,0.011012878331179466,0.005625289633357672
02CF009,0.26427283743475016,0.1,0.3337689005040134,21.15632118630773,0.012491436252432502,0.004726719693815177
02CF010,13.022640657084189,7.6,1.0,1641.546194005205,0.00793315515861925,0.004629781377919543
02CF011,7.669602308172178,4.730069252077563,0.9974488208574451,685.8534431198188,0.011182567332875946,0.006896618074207462
02CF012,3.7722792607802873,2.73,1.0,210.4408303972033,0.017925605281352376,0.012972767665130258
02CF013,0.5128981659612671,0.356,0.970319208512227,30.95966876823017,0.01656665547040952,0.01149883103288611
02CF014,6.696774714688009,3.88,0.4198245286540974,539.9698712328507,0.01240212662124655,0.007185586097871064
02CF100,,,0.0,634.3371362789964,,
02CG001,,,0.0,219.551822180502,,
02CG003,0.6021527550657662,0.48,0.8751788936593865,13.53244405624304,0.04449696984248531,0.035470311054310796
02CG004,0.552749245472837,0.12,0.1237010764731504,65.0556678610663,0.008496557850321286,0.0018445741000810798
02DA001,,,0.0,2541.160889820017,,
02DB001,,,0.0,2647.364506550017,,
02DB002,,,0.0,3249.1930277588026,,
02DB003,,,0.0,2883.489137470225,,
02DB004,,,0.0,79.69671993194052,,
02DB005,37.04817186236077,37.1,1.0,3139.986130932667,0.011798832962155914,0.011815338811378834
02DB006,34.97715909090909,29.25,0.01642710472279261,2647.6679304955646,0.013210553592482577,0.011047457901763863
02DB007,1.3658864472539969,0.704,0.9301848049281314,80.10778296604764,0.017050608526176604,0.008788159825848367
02DB008,39.46787214611872,34.6,0.06813515027067389,3549.885210717689,0.011118069966588977,0.0097467940359133
02DC001,,,0.0,6674.61660733494,,
02DC002,,,0.0,6674.726085719608,,
02DC003,80.69235852500913,65.3,0.3408624229979466,6674.711723248026,0.012089264955662067,0.009783194047551154
02DC004,38.536400847299234,25.3,0.9987555223694854,3006.634830315271,0.012817120475937003,0.008414723246370123
02DC005,,,0.0,2476.609687369787,,
02DC006,,,0.0,543.239516349432,,
02DC007,18.593834725274725,15.0,0.28311866094206956,1379.2271506587592,0.013481343313459111,0.010875655973590399
02DC008,29.434187978346092,26.3,0.3333333333333333,2284.4592589599997,0.012884531804583816,0.011512571255909846
02DC009,,,0.0,302.154441046324,,
02DC011,23.890350877192983,15.25,0.07802874743326489,1821.5047273718792,0.013115722686958209,0.008372198968708224
02DC012,15.329484126984127,8.44,0.8624229979466119,1209.3381050847413,0.012675929140519352,0.006979024281558207
02DC013,3.0588138919313614,1.54,0.3408624229979466,163.27664386315536,0.01873393413509283,0.00943184501814416
02DD001,,,0.0,782.8255225610799,,
02DD002,,,0.0,429.6460258251337,,
02DD004,,,0.0,13913.165596400717,,
02DD005,15.955476808905381,11.0,0.10061601642710473,798.0240532805919,0.019993729190635436,0.013784045674789087
02DD007,167.42867356251904,163.0,0.40905979715014623,12309.315739174051,0.013601785599639952,0.013242003329336746
02DD008,1.8306511415525115,0.9,0.06813515027067389,98.2469475708608,0.018633160488086928,0.009160589944546351
02DD009,5.660166705854691,4.29,0.2646381681289279,320.70186447686154,0.017649310256077633,0.013376910068789204
02DD010,192.9264887063655,189.0,1.0,13913.165596400717,0.013866469666419757,0.013584255767709226
02DD012,18.37063583670925,9.67,0.998382179080331,933.4688839198934,0.019679965934767833,0.010359209788968007
02DD013,0.9150346287992028,0.363,0.999066641777114,68.92489997733585,0.013275820916680154,0.005266601766841345
02DD014,0.626007836008024,0.343,0.9925953580984381,36.26795417022896,0.01726063270814131,0.009457384841452022
02DD015,1.7580044178955885,1.0,1.0,100.094100186677,0.017563516876787783,0.00999059882785284
02DD016,78.35503510506798,90.807833228048,0.7550868023147284,12309.457672632623,0.006365433570584771,0.007377078311901529
02DD017,57.56060263819096,46.097905258583225,0.9906041938896148,12309.30585815551,0.004676185911820062,0.003744963833849423
02DD019,27.497054794520547,19.55,0.04542343351378259,45.86320538839195,0.5995449851719282,0.42626763294107084
02DD020,35.99079856584094,34.0,0.9545143426046917,34.523508475636234,1.0425011870169625,0.9848361739941442
02DD024,3.005998802190281,1.99,0.36363636363636365,211.5427781222161,0.014209886193579267,0.009407080769499506
02DD026,181.6211025921869,183.0,0.3408624229979466,201.3324079866436,0.90209571528214,0.908944574944637
02DD029,154.00082191780822,160.0,0.06813515027067389,13916.754188976398,0.011065857729943512,0.011496933683483295
02DD030,8.552427824267783,7.165,0.05948603073859748,13916.762285939836,0.000614541489503513,0.0005148467619683947
02DD031,22.471620821394456,23.6,0.06514840395743887,13916.762285939836,0.0016147161501851354,0.0016957967316753827
02EA001,,,0.0,407.7562348666965,,
02EA005,6.170279696347459,3.95,1.0,328.8809518304906,0.018761438332031158,0.012010424982094677
02EA006,11.250056298691755,8.3,0.42330906601953827,636.0121725722544,0.017688429221712244,0.013050064696768168
02EA007,,,0.0,2831.0545765831785,,
02EA008,,,0.0,1843.5413686039888,,
02EA009,,,0.0,13.563567308284409,,
02EA010,2.850929672078956,1.57,0.977226059361583,155.8946721089466,0.01828753756309639,0.010070902223668103
02EA011,45.401478669739056,34.1,0.9991288656586398,2831.144458750285,0.016036440150348257,0.01204459910005875
02EA012,,,0.0,231.08987234509212,,
02EA018,7.480401522973671,5.18,0.48211063406135274,400.7276428929597,0.018667046448232666,0.012926485337033899
02EA021,1.5416473046741728,0.9715,0.36475639350382677,71.28528516787115,0.021626445079706375,0.013628338551388203
02EB002,,,0.0,1660.2959142970276,,
02EB003,,,0.0,1654.1212314470115,,
02EB004,26.743278887436997,20.0,1.0,1410.0143900029366,0.018966670891480263,0.014184252403238486
02EB005,,,0.0,4696.274466946646,,
02EB006,86.65342698826598,80.3,0.9545143426046917,4697.251679401184,0.018447686626685656,0.017095102728290856
02EB007,,,0.0,1462.4643467210635,,
02EB008,25.70313137316234,23.0,0.9946487461887873,1404.351609972419,0.018302490053518108,0.01637766485022345
02EB009,,,0.0,4698.088573829794,,
02EB010,,,0.0,8.863156160219113,,
02EB011,25.521085835305843,4.73,0.9989421940140626,4778.821380599586,0.005340456108887623,0.0009897838030109717
02EB012,61.1760492119853,73.0,0.9988799701325368,32.02880658541053,1.9100321158969333,2.27919825252722
02EB013,11.896549810217161,7.46,1.0,609.0256581554063,0.019533741560657687,0.012249073417685823
02EB014,10.920174739701222,7.96,0.9621678800323564,601.4448297434109,0.018156569313863752,0.013234796620324934
02EB103,,,0.0,127.59540988830308,,
02EB104,,,0.0,51.61186180922296,,
02EB105,,,0.0,144.66836069902936,,
02EC001,,,0.0,5323.353540176649,,
02EC002,23.92924964221268,16.5,1.0,1506.360187946414,0.015885476683259184,0.010953555552005173
02EC003,59.33404224801147,51.7,0.9543898948416403,5809.310682945059,0.010213611474112413,0.00889950681270681
02EC004,32.25078557312253,27.6,0.5667351129363449,3700.0350656544974,0.008716345926688589,0.0074593887653110254
02EC006,12.201881125439625,11.6,0.26538485470723666,3695.551441139731,0.003301775477836804,0.0031389090869812074
02EC007,5.324930992141454,4.27,0.2533756455727708,3699.546753892444,0.0014393468568923685,0.0011541954417814448
02EC008,3.0635732598254752,1.6301080887616322,0.9198556405948604,277.6427033865338,0.011034229325884255,0.005871244116551472
02EC009,1.3962429220334762,0.791,1.0,176.18151690132794,0.0079250249775943,0.004489687760169569
02EC010,0.33643578495426546,0.159,1.0,43.871091303661984,0.0076687352640845445,0.003624254498240121
02EC011,2.2822273038392136,0.846,1.0,294.0946589776228,0.007760179364606769,0.0028766248354900274
02EC012,3.0613229813664598,1.69,0.0801443594051397,317.96617985888463,0.009627825772933127,0.00531503067637581
02EC014,54.1398841373499,47.9,0.2953767656026383,5291.4121219835015,0.01023165137949138,0.009052403951110982
02EC018,3.1424780342516754,2.3,0.8356667288905482,349.13408260655586,0.009000777038983554,0.006587726935247116
02EC019,6.404115911165196,4.245,0.40905979715014623,354.130368209451,0.018084063062836428,0.011987110909079925
02EC020,0.5215741826033313,0.316,0.40345964781283056,39.634525115528255,0.013159592074915155,0.007972846882330768
02EC021,0.5980996240601503,0.515,0.3806857071744135,41.12907536867105,0.014542014832546813,0.012521555502613782
02EC022,3.6723249421296296,2.7492527472527475,0.21504573455292142,235.36019287909625,0.015602999373883462,0.011681043908155827
02EC101,0.38277169171110037,0.344,0.12836786758758012,23.138497593730342,0.01654263377129624,0.014866998110249429
02EC103,3.6334874804381845,2.56,0.1590442411797648,349.14036767063163,0.010406953239695003,0.007332294506875887
02EC918,55.146446016891126,49.508648648648645,0.2726028249642213,5335.860997201927,0.010335060460872085,0.009278474209618746
02ED001,,,0.0,1103.5493745904162,,
02ED003,10.368387654781905,6.57,1.0,1227.6707396004529,0.008445576912712208,0.00535159777623943
02ED004,,,0.0,213.78458303435065,,
02ED005,4.360582352941178,2.88,0.17982701760935846,306.66845593440013,0.014219207318388024,0.009391249553935423
02ED007,2.3538891792670027,1.78,1.0,167.34858462655637,0.014065784807919233,0.010636480756452921
02ED009,0.9072916078984485,0.352,0.3529338560139382,98.19679818999816,0.009239523330923234,0.0035846382620228134
02ED010,1.2239515431638586,0.716,0.41733557339306826,127.93278782237324,0.009567145092337389,0.005596688794073038
02ED011,2.086146322378717,1.29,0.1590442411797648,169.5230386312429,0.012305975277594172,0.007609585165625119
02ED013,1.4437085984904543,0.859,0.8408935349387094,122.85775180915398,0.011751058254208469,0.0069918258095293985
02ED014,2.1316866720935397,1.71,0.8408313110571838,189.05682682004263,0.011275375282388646,0.009044899508589003
02ED015,3.6217098884186223,2.23,0.8085993404268558,244.23704114062144,0.014828667557978618,0.009130474188458824
02ED016,0.15592027027027025,0.042,0.11511418082259971,52.353591960372576,0.002978215332164587,0.0008022372186380373
02ED017,0.5556435727496918,0.315,0.8074170866778669,59.07445234855715,0.009405818431819334,0.005332254256736984
02ED018,1.2975448857453753,1.01,0.22873498848858193,94.83633054324164,0.013681938960657548,0.01064992702917243
02ED019,0.14248603213844252,0.094,0.25169560077157616,19.80024027958915,0.007196176921414565,0.004747417135987931
02ED024,3.4101549404669864,2.12,0.8048036836537863,243.6728894448821,0.013994806513911967,0.008700188210636114
02ED025,0.3155307621671258,0.086,0.06776180698151951,28.49348490209571,0.01107378627961083,0.0030182338276801886
02ED026,1.8938665680946292,1.29,0.7785452056499285,175.0231440598477,0.010820663622903707,0.007370453815861606
02ED027,27.3591559714795,19.6,0.6981519507186859,2678.3343435966926,0.010214989042308782,0.007317981060452472
02ED028,0.3541231295425395,0.263,0.14554165888868148,24.187239812104863,0.014640907035837687,0.010873501980510309
02ED029,3.6602958019621266,1.95,0.5454545454545454,475.9749246159938,0.007690102172746124,0.004096854475208368
02ED030,0.1838700943109218,0.145,0.40905979715014623,10.498532798764048,0.01751388482898945,0.01381145373161765
02ED031,1.201141502159161,0.814,0.40345964781283056,68.68180395155602,0.017488496705857833,0.011851756261005406
02ED032,2.557490438001234,2.01,0.40345964781283056,230.3199300853433,0.011104077867050305,0.008726991186803547
02ED100,0.5428033725343787,0.4149827586206897,1.0,74.43283989468202,0.007292525359806407,0.00557526434847663
02ED101,3.2205957813609167,2.29,0.6135896957252194,327.9088298297001,0.00982161957344527,0.006983648476893149
02ED102,2.2241276834048906,1.77,1.0,217.18170536345795,0.010240861124479929,0.00814985772875238
02FA001,15.031323128616764,10.2,1.0,910.5083740631544,0.016508714863916415,0.011202532882242893
02FA002,1.197753285580816,0.562,0.9990044178955884,62.0031286074139,0.019317626585662277,0.009064058743848613
02FA004,5.290076698238864,2.98,0.8408935349387094,311.7858371921402,0.016967020522419746,0.009557842738583261
02FB001,,,0.0,271.8029096811278,,
02FB003,,,0.0,272.35793035828704,,
02FB004,,,0.0,88.13325410453628,,
02FB005,,,0.0,340.21430581154027,,
02FB006,,,0.0,99.9897758778695,,
02FB007,3.3162489577499845,2.23,1.0,188.40307500737197,0.017601883396118796,0.011836324857822746
02FB008,,,0.0,191.99516320069975,,
02FB009,9.390684462696782,6.91,1.0,585.1849654194469,0.01604737820966702,0.01180823228267164
02FB010,5.21257992657582,3.21,1.0,290.8479457558792,0.01792201046161404,0.011036694763848484
02FB012,1.769238278840222,1.18,0.40345964781283056,104.41668352964986,0.016944019088078334,0.011300876067998565
02FB013,4.398301202961135,3.9,0.40345964781283056,277.76826665810927,0.015834426501911317,0.014040480746493299
02FB014,1.053902143738433,0.773,0.40345964781283056,53.96332603685953,0.019529970095219253,0.014324543292087002
02FC001,63.31902744073176,39.8,1.0,3953.2073351977983,0.01601712788422811,0.010067774499363214
02FC002,33.90795416329326,22.4,0.9991288656586398,2130.4167031254838,0.01591611355353519,0.010514374942300016
02FC004,,,0.0,224.7420842199892,,
02FC005,,,0.0,83.00505732900952,,
02FC009,,,0.0,10.204584771718729,,
02FC011,2.117068072926389,1.1784316959483685,1.0,156.7146689088507,0.013509061325699704,0.007519600457017682
02FC012,19.666615767531578,5.78,1.0,612.2855335306859,0.032120007236045446,0.009440040117672197
02FC013,4.6167780497756015,3.5,0.1525107336195632,261.1310295091437,0.01767992895541333,0.013403232877299422
02FC014,,,0.0,368.6287005712561,,
02FC015,13.077208512226992,7.57,1.0,667.3578029389251,0.019595498029149117,0.011343240412658795
02FC016,9.462342791363325,3.48,1.0,310.3511453770423,0.0304891505390374,0.01121310506449778
02FC017,1.396617539191716,0.644,0.8652852964967954,48.479728310827454,0.028808279003490117,0.013283902827816985
02FC018,3.394894789081886,2.76,0.1253811212743451,219.40310061912223,0.01547332184231676,0.012579585211930455
02FC019,1.252768436578171,0.93,0.042187791674444655,76.65090604528757,0.016343817721319553,0.012132928989130659
02FC020,1.9885090993214063,1.26,0.40345964781283056,122.43391361158692,0.016241489311775274,0.010291266225445201
02FC021,1.633510333127699,1.29,0.40345964781283056,108.7358452310097,0.01502274001418116,0.011863613119108884
02FD001,1.913167704530814,0.32,0.8693298487959679,153.90309950724526,0.012430988788765416,0.0020792303795345943
02FD002,1.7486324435318275,0.916,1.0,69.4342691878374,0.02518399723919223,0.01319233298937714
02FD003,1.6135401889723013,0.506,0.4807417086677867,102.86006161301567,0.01568675114198189,0.00491930485034798
02FE001,,,0.0,2539.835389396297,,
02FE002,23.79972621492129,12.3,1.0,1641.2396651345537,0.01450106691941918,0.007494335081763705
02FE003,1.0298643208263332,0.362,1.0,73.80915479432757,0.013953070234933525,0.004904540649581055
02FE004,27.875871924746747,12.3,0.17198680853711654,1791.1786451006228,0.015562865268070884,0.006866986737277133
02FE005,7.917022400597349,4.03,1.0,530.5723419764424,0.014921664350436245,0.007595571199561196
02FE007,5.266008151328481,2.92,1.0,333.9345709243641,0.01576958065992283,0.008744227924401925
02FE008,19.560033663119903,5.07,1.0,645.0445414458223,0.03032353954856738,0.007859922337511684
02FE009,6.231885072490822,2.26,1.0,371.2542316391243,0.016786031084350016,0.006087472700369973
02FE010,3.04296004974351,0.803,0.4002862298550184,204.4042941366848,0.014886967334006632,0.0039284888969261834
02FE011,3.1907993612078975,0.8745,0.9643457158857569,114.10715347348064,0.02796318428843695,0.007663849052226515
02FE013,10.356562069905296,3.01,0.9132599091531329,416.5264670601603,0.024864115221781245,0.00722643154286101
02FE014,1.2961834640705983,0.7282279909706546,0.8884325804243669,74.36774625892895,0.017429376702604756,0.009792255750700796
02FE015,39.1830417742314,20.0,0.7954078775434011,2539.8398456431923,0.015427367139485377,0.007874512258837002
02FE016,3.226732506845148,0.925,0.40905979715014623,179.70910991416469,0.01795530848929332,0.005147207063914635
02FE017,1.2922772979642196,0.82,0.40345964781283056,79.29449208729744,0.01629718866906313,0.010341197457917253
02FE018,0.9604075342465753,0.663,0.04542343351378259,55.52644189239635,0.01729639972443635,0.01194025724329348
02FF001,,,0.0,1023.6916001764176,,
02FF002,11.291279820795221,4.32,1.0,866.2936509500009,0.013034009666829372,0.004986761700564897
02FF003,,,0.0,135.26787443712288,,
02FF004,0.6809766837454518,0.169,0.8379690125070002,42.49127341646997,0.016026271490406772,0.003977287250103787
02FF005,,,0.0,16.132561234607074,,
02FF006,,,0.0,28.64710663465841,,
02FF007,6.662786136519196,2.41,1.0,458.4843049261712,0.014532201135199362,0.005256450382501267
02FF008,1.5125476410425602,0.411,0.9430029245224317,112.47585509734506,0.013447754095610012,0.0036541175850078197
02FF009,1.6337003131524008,0.629,0.894157177524734,114.23466075187524,0.014301266379220044,0.005506209725314692
02FF011,0.2527767283474685,0.078,0.48422624603322756,14.696358535703848,0.01719995655613354,0.0053074372002087505
02FF012,0.8818944333996024,0.158,0.1564930620372099,97.8062311895541,0.009016751005265097,0.0016154389968650047
02FF013,1.971407541640962,0.561,0.40345964781283056,148.06652150115391,0.013314336837619288,0.0037888375732229793
02FF014,0.265350167325829,0.122,0.40905979715014623,17.33099596458794,0.015310728123646984,0.0070394107903134955
02FF015,0.3408784632731959,0.22,0.3862858565117292,21.69743158172327,0.0157105444480504,0.010139448956037543
02FF016,1.4896727438468549,0.417,0.06825959803372535,69.37070927530579,0.021474088407182262,0.006011182592138227
02GA001,,,0.0,762.339367231994,,
02GA002,,,0.0,1420.6191315040112,,
02GA003,41.77005413477693,24.0,1.0,3510.685175696538,0.011897977757714926,0.006836272351091201
02GA004,,,0.0,3566.4529699266004,,
02GA005,2.709876388032079,1.01,0.40345964781283056,195.6688898541699,0.013849296073850693,0.005161781214953196
02GA006,10.329055619930473,4.99,0.48329288781034163,775.9348835672207,0.01331175571388736,0.006430952011152502
02GA007,,,0.0,184.14168804757125,,
02GA008,,,0.0,698.1773446559552,,
02GA009,,,0.0,105.14934854693728,,
02GA010,12.326194698525295,6.58,1.0,1033.5417722944758,0.011926169825880368,0.006366457724676495
02GA011,,,0.0,561.7885321725333,,
02GA012,,,0.0,236.48929409140996,,
02GA013,,,0.0,818.803932137825,,
02GA014,8.415910459834485,3.06,1.0,662.7172514707108,0.012699096697962497,0.004617353770720783
02GA015,5.812460021156119,3.68,1.0,564.1195215440571,0.010303596665555515,0.0065234402630269485
02GA016,10.479971128118972,5.29,1.0,784.3915646826206,0.013360637212307814,0.006744080683912546
02GA017,,,0.0,328.9692708436885,,
02GA018,6.308970972559268,2.07,1.0,540.6963438184711,0.011668233093651897,0.0038283965180555476
02GA020,,,0.0,279.31406198970006,,
02GA022,,,0.0,650.7239365543509,,
02GA023,1.412972909011646,0.712,0.9991288656586398,113.34132034728783,0.012466529458825537,0.006281910232017494
02GA024,0.8643505693485162,0.419,1.0,58.38236325237171,0.014804994542823736,0.0071768249289391114
02GA027,,,0.0,741.4047369309878,,
02GA028,7.468208738469209,3.89,0.9983199551988053,570.8301972705902,0.013083065286626838,0.006814635978614891
02GA029,2.4933005413477694,1.63,1.0,233.4200714238469,0.010681603026418431,0.00698311841846808
02GA030,0.2078141377589219,0.097,0.9973243730943936,47.63590715965013,0.004362552329746547,0.0020362790546825903
02GA031,0.5460591126874494,0.401,1.0,42.38625719754551,0.012882928307221956,0.009460613569419405
02GA033,0.8410937802516941,0.46,0.2571090784643146,66.45370673814999,0.012656837692529135,0.006922111987109389
02GA034,17.76264746227709,8.22,0.997946611909651,1156.7711796471187,0.01535536826539516,0.007105986166172959
02GA035,0.31559178082191774,0.148,0.11355858378445648,22.014995505242126,0.014335309800393565,0.006722690448188318
02GA036,0.2738512470308789,0.06,0.1047850164893286,19.149420738141195,0.014300758794516998,0.003133254045669065
02GA037,0.3699148394241417,0.176,0.280940825088669,29.99474703215838,0.012332654081981207,0.005867694093612607
02GA038,4.283608549561322,0.921,1.0,316.4536144235395,0.013536292064050081,0.002910379145701081
02GA039,4.385035327488397,1.3,0.9652168502271171,275.0606608359768,0.01594206643058734,0.004726230192456388
02GA040,2.191455012133657,1.17,1.0,176.48575033613324,0.01241717820254514,0.006629430408809935
02GA041,1.6209476837338908,0.405,0.893223819301848,67.83268648635546,0.023896262520281344,0.005970572904870365
02GA042,0.9610149427129238,0.453,0.7766162653226308,58.1795189139744,0.016518097101041743,0.00778624520202404
02GA043,0.17482781397839864,0.142,0.6970941447327484,13.128966351821184,0.013316190269171297,0.010815779109701386
02GA045,0.08901022395326191,0.083,0.5751353369423184,4.848310463221654,0.01835901900847239,0.017119365731551633
02GA047,8.526752703398559,5.84,0.48335511169186735,759.7355696191729,0.011223316433206756,0.007686885060452512
02GA048,29.867398942786068,15.2,0.4002240059734926,2491.481912698276,0.011987804844402688,0.00610078681387592
02GA049,1.5218779971791256,0.217,0.08823346400348454,71.92045936073922,0.021160571146322603,0.00301722210798974
02GA050,0.7267456140350878,0.1225,0.04256113496359903,22.046595523732595,0.03296407435119698,0.005556413454772729
02GB001,62.92731192831809,38.0,1.0,5191.568169688588,0.012121060510333766,0.007319561018550471
02GB002,,,0.0,6040.959046671783,,
02GB003,,,0.0,396.6079464387416,,
02GB004,,,0.0,403.9967883639816,,
02GB005,,,0.0,360.0151508308399,,
02GB006,1.811518231597287,1.031807380266946,1.0,165.66461449967878,0.010934853149347713,0.006228290714846331
02GB007,3.6775369637967756,1.72,0.8181195943002925,386.0653256003224,0.009525685732274176,0.004455204562402596
02GB008,4.587080144359405,2.68,1.0,386.3286366740343,0.01187351831810947,0.006937099002218819
02GB009,1.1749662746039367,0.416,0.2592246904361894,86.16948754455302,0.013635525846622133,0.004827694951590742
02GB010,,,0.0,166.28632874102044,,
02GB011,,,0.0,41.1089147715249,,
02GC001,,,0.0,714.1149164892308,,
02GC002,3.7000089602389394,1.03,1.0,330.47232594998474,0.011196123456337208,0.0031167511441060427
02GC004,,,0.0,675.1796215515253,,
02GC005,,,0.0,53.15849709748219,,
02GC006,4.447858565117293,3.34,1.0,369.5457990541137,0.012036014416892287,0.009038121955516842
02GC007,7.250706241055317,5.8,1.0,574.9583145349513,0.012610838138622224,0.010087687843406988
02GC008,1.9340211561197187,1.64,1.0,141.65997999305202,0.013652558444626185,0.011577017024006616
02GC009,,,0.0,91.90661518132322,,
02GC010,4.84931242610914,2.68,1.0,346.6153278499476,0.01399047311666622,0.007731914271143232
02GC011,1.6751892577224528,0.933,0.40489079708792236,153.13146774400565,0.010939549410725401,0.00609280387464008
02GC012,0.8023638768638769,0.66,0.2587268993839836,59.06663048839857,0.013584046867570535,0.01117382174237334
02GC013,1.1494993686868686,0.757,0.09856262833675565,81.07829565633389,0.014177645933250065,0.009336654080750434
02GC014,0.8302873665480427,0.68,0.1398792856698401,58.16086851034959,0.01427570440080851,0.011691709862946693
02GC015,1.5882899513058877,1.19,0.2811274967332462,105.91025184423071,0.014996564767326697,0.011235928338176483
02GC016,,,0.0,106.6596118828351,,
02GC017,1.027846898139506,0.557,1.0,102.747187658486,0.010003649944715687,0.005421072952880933
02GC018,3.399299390205961,1.1,1.0,297.47684332667603,0.01142710589567807,0.003697766816733457
02GC021,1.2914953902697317,1.171331182795699,0.9988799701325368,91.9084014936248,0.014051984032812452,0.012744549614182421
02GC022,1.962031983075104,1.03,1.0,176.55292339393398,0.011112996292320333,0.005833944746991308
02GC023,,,0.0,5.517699684705626,,
02GC024,,,0.0,26.16654251861156,,
02GC025,,,0.0,8.3172719693706,,
02GC026,9.142376081139941,5.3,1.0,651.5986011223207,0.014030687090784128,0.008133841894183353
02GC029,1.4345576757532281,0.374,0.8674009084686702,133.04810638526314,0.010782247975775209,0.002811013325638925
02GC030,1.9542939759928868,0.6415,0.8397735050712464,127.30756721113136,0.015350964744710083,0.005038977761126436
02GC031,1.0823524851801187,0.271,0.8187418331155497,99.07629033153138,0.010924434913321096,0.0027352659157218497
02GC033,0.057895362663495833,0.012,0.10466056872627715,6.98300038056035,0.008290900688573358,0.0017184590213407752
02GC034,0.08248508048684727,0.008,0.15848422624603323,4.070989133504773,0.02026168033905673,0.0019651243807454442
02GC035,1.4090719008264463,0.2395,0.07529089664613278,117.22489498876938,0.012020244513432416,0.0020430813780890574
02GC036,0.5162047399041753,0.338,0.36363636363636365,38.02817339454269,0.013574271226454812,0.008888147124324026
02GC037,0.2760666666666667,0.149,0.10360276274033975,23.038294010993763,0.011982947458476266,0.006467492772203442
02GC038,0.7112412731006159,0.597,0.09090909090909091,42.97010577443272,0.01655200191580179,0.013893379809998418
02GD001,17.426986808537116,9.44,1.0,1336.6128361642743,0.013038171067208934,0.00706262856721495
02GD003,34.6419551988053,10.9,1.0,1417.2631478871808,0.024442853291182114,0.007690879436362568
02GD004,3.9748568228486096,1.74,1.0,291.19870929964605,0.013649980909628438,0.00597530120990174
02GD005,14.952543463381247,5.82,1.0,1050.5912051037778,0.014232503937536988,0.005539737979650323
02GD006,,,0.0,549.5607670495007,,
02GD007,,,0.0,1681.1921795334276,,
02GD008,2.671552112500778,0.961,1.0,198.65559827242572,0.013448159204842311,0.004837517836684047
02GD009,1.7188538672142368,1.13,1.0,148.86065637757343,0.011546730405746016,0.007590991652850456
02GD010,1.7351430215916868,0.798,1.0,145.9281359951158,0.011890393924100845,0.005468445098392191
02GD011,0.970173449069753,0.487,1.0,90.96084358632936,0.010665836098463381,0.005353952105092305
02GD012,3.2028677971188477,1.5,0.4146599464874619,245.5615358426206,0.013043035368420048,0.006108448519239365
02GD013,0.5113908450704227,0.131,0.25623794412295436,35.1062252630055,0.014566956180541574,0.0037315319154533587
02GD014,4.7025714018808,1.22,0.9991288656586398,316.9814854739445,0.014835476573180946,0.003848805232822605
02GD015,18.99037247215481,7.42,1.0,1325.2499328085755,0.014329653601195735,0.005598943879419743
02GD016,6.257613278576318,3.41,1.0,512.6044513557647,0.012207489150798116,0.006652302747237257
02GD018,2.025972341484662,0.896,1.0,135.89935647654454,0.01490788767520274,0.006593114369563954
02GD019,0.5801047850164894,0.24,1.0,44.643299731806266,0.012994218359786517,0.0053759467029049195
02GD020,1.165142866801893,0.446,0.4601456038827702,95.21298139190384,0.012237227001705544,0.004684235211207495
02GD021,1.9390725841577998,0.59,1.0,151.67113966277742,0.012784716911002943,0.0038899951652753067
02GD022,0.5466531334925472,0.474,0.7555845933669342,32.144992617652505,0.017005856557339858,0.014745687007552823
02GD023,0.4519718894009217,0.131,0.27005164582166635,36.23228173413165,0.01247428723140982,0.003615560316108797
02GD025,0.038029518619436875,0.012,0.06850849355982826,4.400026373716681,0.008643020607013663,0.002727256380025663
02GD026,0.6042889245585874,0.3503458571784026,0.6590131292390019,56.93670570951526,0.010613345416252256,0.006153251278109208
02GD027,1.7318687902187904,0.693,0.4834795594549188,145.28917976443466,0.011920149821389071,0.004769797731142808
02GD028,0.4501326570173172,0.1915,0.48148839524609544,37.64299346255133,0.011957939993936087,0.00508726810450161
02GE001,,,0.0,3198.255143122618,,
02GE002,43.315531080828826,21.8,1.0,3077.0087991356577,0.01407715541567392,0.007084802619389225
02GE003,57.42885943625163,30.5,1.0,4362.512956555321,0.013164169369389786,0.006991383247164743
02GE005,1.6187479310559394,0.615,1.0,148.39019288581235,0.01090872583676457,0.0041444787424277305
02GE006,76.59906601953828,35.9,1.0,3810.892189191845,0.02010003490436769,0.009420366207634206
02GE007,1.6962388152572958,0.35,1.0,205.34756523697237,0.008260330787461861,0.0017044273186102683
02GE008,1.1462253584808164,0.434,0.48167506689067263,85.37083031441423,0.01342642860868702,0.0050837036304041
02GE009,0.6327616438356165,0.116,0.022711716756891296,53.569314402267466,0.011812016840163874,0.0021654187904837177
02GG002,7.702260593615829,3.15,1.0,700.5645180728576,0.010994362967173292,0.004496373879546673
02GG003,12.158282067077346,4.81,0.9090909090909091,1148.9431078586902,0.010582144567398987,0.004186456202313184
02GG004,6.430341756159192,1.45,0.09850040445522992,575.817610754255,0.011167323881838524,0.0025181584809479277
02GG005,1.8595427789185488,1.06,1.0,171.42103899437222,0.010847809521091503,0.0061836050359886105
02GG006,2.801971734220103,0.661,0.9917242237570779,243.5595805542553,0.011504255869729321,0.0027139150038598286
02GG007,13.91574668351232,5.4,0.09850040445522992,1222.341487881984,0.011384500012042357,0.004417750729672825
02GG009,5.676869626587964,1.45,0.9698214174600212,530.458287334705,0.010701820976558729,0.0027334854306557167
02GG013,2.563471991356383,0.308,0.3743388712587891,225.8802866215769,0.011348807944674846,0.0013635541401450424
02GH001,0.17077920792079207,0.079,0.28280754153444093,21.134503221163406,0.008080587754235894,0.00373796342281147
02GH002,1.0814268735143249,0.20753688524590158,0.994710970070313,112.91951924783012,0.00957697022372955,0.0018379186045807544
02GH003,1.7759594424161964,0.241,0.937402775185116,177.098276545838,0.010028101216199743,0.0013608263428674442
02GH004,0.355498020804566,0.166,0.6759380250140004,24.52358308650633,0.014496169648234336,0.00676899453943737
02GH011,0.5918576296857252,0.152,0.8216663555472591,55.76393050949053,0.010613628276884038,0.002725776296814855
02GH016,0.31246231766612637,0.118,0.1535685396055006,23.4499544371606,0.013324644979734996,0.005031992719482991
02HA006,3.265010308285164,0.6405000000000001,0.9688258353556095,292.321211354979,0.011169255536233777,0.002191082874318729
02HA007,2.452698807345239,0.495,0.9860618505382366,224.34960260376465,0.010932485633491744,0.0022063778774515813
02HA014,0.6131395370543216,0.26,1.0,47.57137242873465,0.012888834308340565,0.005465471915688343
02HA020,1.9505679105732052,0.378,0.7403397423931305,165.4510609698214,0.011789394997769114,0.0022846634997943467
02HA022,0.1767227414330218,0.043,0.47937278327422067,16.34130130501517,0.010814483995762647,0.0026313693871370717
02HA023,0.362418385977725,0.148,0.3408001991164209,25.694404952177205,0.014104953457854475,0.005760008853112564
02HA024,0.8612157487791644,0.10703416666666665,0.4587144546076784,80.43026928512897,0.010707607427324597,0.0013307697166501538
02HA026,0.6981014492753623,0.5235789473684211,0.004293447825275341,65.28213501943408,0.01069360628397864,0.008020248529135191
02HA027,0.04946190781049936,0.019,0.0971937029431896,13.218811292420549,0.0037417818226106315,0.0014373455812092793
02HA028,7.397912681912682,3.27,0.029929687013875925,478.1784352037699,0.015471029509643512,0.0068384514216048445
02HA029,1.4297128205128204,0.772,0.012133656897517267,49.04527767410998,0.02915087625791009,0.01574055722815335
02HA030,0.17674097779148673,0.086,0.40345964781283056,16.614240327823264,0.010637921102868908,0.005176282412141284
02HA031,0.5681682603331276,0.288,0.40345964781283056,47.39193555421081,0.011988711870255011,0.006076983280637732
02HA032,0.681431554524362,0.125,0.08045547881276834,35.784014640075895,0.01904290397202109,0.0034931798809406836
02HB001,1.9062508244664302,1.51,1.0,208.8250842997872,0.009128457104941645,0.007230932074387477
02HB002,8.535488413903316,5.2,0.31149275091780226,842.5756874779491,0.010130233450542918,0.006171552392598663
02HB004,1.6161633999128866,0.555,1.0,194.7219985722992,0.008299850103031959,0.002850217253670656
02HB005,1.214380747931056,0.756,1.0,101.79231400276794,0.011929984693127563,0.007426886866718079
02HB006,,,0.0,72.7444647092812,,
02HB007,1.9748869297509097,1.2,0.8893037147657271,158.24121297876013,0.012480231240492249,0.007583359463764155
02HB008,1.3523179640345964,0.879,1.0,127.88635271141447,0.010574372756459848,0.006873290084232303
02HB010,1.7348725165562915,0.92,0.09395806110385166,158.2330517208667,0.010964033731819306,0.0058142087888372355
02HB011,2.6424676124696655,2.13,1.0,239.55181312679144,0.011030881286091724,0.008891604585236934
02HB012,0.7847848455905763,0.38,0.977226059361583,80.11361917693728,0.009795898046464694,0.004743263428915125
02HB013,0.5980736419637858,0.468,1.0,59.51905395603785,0.010048439990419485,0.007863028205147138
02HB015,0.9679400624024961,0.537,0.9971377014498164,50.297801050904255,0.019244182492647845,0.010676411071261849
02HB016,1.4569976087996173,0.888,0.13011013627030055,128.78205097724006,0.011313669861160355,0.0068953708475798245
02HB018,4.639793073765064,3.6,0.9397050588015681,414.6906512814852,0.011188564438159106,0.008681169900684304
02HB019,0.7779700538358006,0.59,0.18492937589446828,62.441849781073934,0.012459112863623119,0.009448791188419091
02HB020,0.48176267672648176,0.403,0.9154377450065335,35.99219322926,0.013385199219669413,0.011196872539358882
02HB021,0.08906284313007833,0.0694280860702151,0.8500404455229917,7.9181782871221,0.011247895652327962,0.008768189292116719
02HB022,1.2925381406436234,0.872,0.7830875490013067,123.25651652106356,0.010486570423420483,0.007074676654933552
02HB023,1.5480704645440309,0.9810526315789474,0.8344844751415593,126.20128889343202,0.012266677132364835,0.007773713249532469
02HB024,0.23657098424801848,0.177,0.6201854271669467,25.099543917439867,0.009425310078389206,0.007051920966460886
02HB025,6.79813112840467,4.95,0.799576877605625,641.8447171643644,0.01059155111292097,0.007712145738098204
02HB026,4.583284671532846,3.93,0.008524671769024952,853.505416926472,0.005369953817091811,0.004604540196302659
02HB027,0.3095072015161087,0.11,0.4925020222761496,25.27994164673292,0.012243192877627082,0.004351275866739035
02HB028,0.3171687294771407,0.156,0.2463443469603634,37.54290320462922,0.008448167360643336,0.00415524604343237
02HB029,8.79816008636644,6.11,0.40345964781283056,773.0843265237901,0.011380595601941356,0.007903406899314467
02HB030,0.43312060456508333,0.2988680219425621,0.40345964781283056,19.63421429661257,0.022059482392417826,0.015221796881076362
02HB031,0.16398897285626157,0.157,0.40345964781283056,12.797826836638295,0.012813814013078007,0.012267707791648822
02HB032,0.4265650832819247,0.2735,0.40345964781283056,35.759191952434946,0.011928823331615542,0.0076483831168163915
02HB033,0.5879984243697479,0.41,0.17771140563748367,53.360512096364005,0.011019354973728114,0.007683584431490819
02HB034,0.6492181818181818,0.423,0.017111567419575632,72.89450514435318,0.008906270514252527,0.005802906531326772
02HC002,,,0.0,180.3830243808525,,
02HC003,6.98921697467488,3.79,1.0,802.5832451466039,0.00870840129910536,0.004722251583145994
02HC004,,,0.0,115.8020466988295,,
02HC005,1.0694750079592485,0.7667978142076503,0.977226059361583,93.06942744962572,0.01149115275838682,0.008238987121981418
02HC006,3.471416323165705,1.99,0.22643270487212994,259.46758665617926,0.013378998000878167,0.007669551428930315
02HC007,,,0.0,303.01332772217324,,
02HC008,,,0.0,204.97671603956223,,
02HC009,1.3982389708169995,0.749,1.0,195.85809889873525,0.007139040860086836,0.0038241972336679137
02HC010,,,0.0,136.55231730820088,,
02HC011,,,0.0,499.70242372427305,,
02HC012,1.8907170111287759,1.11,0.0391388214796839,162.79789220046806,0.011613891221641626,0.00681827009549457
02HC013,1.2579971688133906,0.608,1.0,89.08273098931761,0.014121672683836375,0.006825116307591744
02HC014,,,0.0,110.2468539072021,,
02HC015,,,0.0,216.15088439672465,,
02HC017,1.1583870014311493,0.35,1.0,69.39606706009468,0.01669240132049594,0.005043513484660617
02HC018,1.0454747562441566,0.559,0.9317404019662746,99.48352977451604,0.010509023540014843,0.005619020568198565
02HC019,1.1901551098376313,0.815,0.977226059361583,86.8252014850782,0.01370748457223185,0.009386675597177463
02HC022,1.8584707547756831,1.0,1.0,182.24992248136488,0.01019737473394927,0.0054869707837722145
02HC023,0.47899984444029614,0.339,1.0,63.52496918269744,0.007540339658610387,0.005336484288957906
02HC024,4.261746313235019,2.53,1.0,319.85344854718767,0.01332405929213012,0.007909872510337344
02HC025,2.4521376392259353,1.65,1.0,295.1906474690278,0.008306962501185679,0.005589607984355678
02HC026,1.291286752560291,0.735,0.18835168937838342,108.8011589284742,0.011868317996586617,0.006755442747472832
02HC027,0.854320390765976,0.374,1.0,68.8724668069355,0.012404382046614095,0.005430326766839981
02HC028,0.9204573144172733,0.435,1.0,82.00752657597158,0.01122405897176479,0.005304391171912946
02HC029,1.6974736496470202,0.899,0.37900566237321887,126.76355524533254,0.01339086495611302,0.00709194372357351
02HC030,2.5690988115238627,0.974,1.0,207.61274213210064,0.012374475598849258,0.004691426884484091
02HC031,1.183564806172609,0.335,1.0,141.69368577756842,0.008352981995475621,0.0023642549642323863
02HC032,0.5814385228050526,0.342222630834512,1.0,94.84019813368496,0.006130718136896633,0.003608413284334575
02HC033,0.9796122207703317,0.317,1.0,68.187066408743,0.014366540054650675,0.004648975483118219
02HC034,1.2886078234704113,0.191,0.06203720988115238,182.4552750176472,0.007062595605118987,0.0010468318878778722
02HC035,0.176183908045977,0.104,0.05413477692738473,11.160541127315616,0.015786323085604143,0.009318544577149418
02HC036,,,0.0,4.336643055035921,,
02HC037,,,0.0,5.726286634506813,,
02HC038,0.6582781096384792,0.5210819815870231,1.0,61.88002116248981,0.01063797486283847,0.008420843622834611
02HC039,0.41583144278606965,0.23,0.3126750046667911,35.69330481142733,0.01165012444162749,0.00644378550025339
02HC040,,,0.0,17.46190326823705,,
02HC060,0.3677127272727273,0.264,0.017111567419575632,46.00397120238895,0.007993064895528677,0.005738635015628622
02HC105,,,0.0,18.844408156081958,,
02HC106,,,0.0,133.8537909994243,,
02HC114,0.12460813008130081,0.068,0.03826768713832369,13.77629682530764,0.009045110718897287,0.004936014435685004
02HD001,,,0.0,275.4489502171508,,
02HD002,,,0.0,269.94216711284355,,
02HD003,1.1755047134473717,0.967956043956044,0.9967021342791363,74.81005682197211,0.015713191025168688,0.012938849201244693
02HD004,0.4820610875265326,0.37,0.9967021342791363,39.79283663349658,0.0121142680017123,0.009298155932129341
02HD006,1.2245985004044553,0.897323239605864,1.0,81.80459927066852,0.014969800125205695,0.01096910500883786
02HD007,1.0224504041146216,0.5894999999999999,0.1693734055130359,79.07089685751583,0.012930805704114583,0.007455334686063661
02HD008,1.1253207641092653,0.772,1.0,95.5088164657554,0.011782375761223552,0.008083023416762786
02HD009,1.110055908157551,0.809,1.0,78.7442907406989,0.014096970049713328,0.010273760705572897
02HD010,0.8328301910273164,0.611,1.0,63.406256458439614,0.013134826711827797,0.009636273045081713
02HD012,3.2794681372549017,2.44,0.990106402837409,241.9822163531397,0.013552517150553616,0.01008338561722716
02HD013,0.4511876158382477,0.175,0.7385974737104101,44.37319876101819,0.010168020977442257,0.003943822056699174
02HD014,0.6955790530543225,0.3084391891891891,0.2943811834982266,56.51574413104731,0.01230770405219174,0.0054575798997530305
02HD018,0.1882793723689246,0.13,0.4877730072801941,16.38364795180428,0.011491907841451755,0.00793474080878816
02HD019,1.8373051029430338,1.14,0.49262647003920107,122.33056957523029,0.015019182117133335,0.009319011625290669
02HD020,0.6314953732264035,0.5145,0.40345964781283056,40.85105626668541,0.01545848335239734,0.012594533581732173
02HD021,0.40329973781616285,0.373,0.40345964781283056,23.13944174899672,0.017429104046282756,0.016119662870266633
02HD022,0.47128153917334975,0.296,0.40345964781283056,33.61242282448588,0.014021052324440947,0.008806267895225059
02HD023,0.2617748303516348,0.202,0.40345964781283056,17.941957007092196,0.014590093502518092,0.01125852658771573
02HD024,0.2780282505105514,0.203,0.09140688196129675,20.6721735049708,0.013449396138422364,0.009819964018354768
02HE001,0.16852556123583018,0.081,0.2799452429842574,11.86622908042018,0.014202115945486428,0.006826094410536343
02HE002,1.5644436058289224,0.543,0.9522120589882397,119.54481188826806,0.013086670856876011,0.004542229741492355
02HE003,,,0.0,32.644921389641006,,
02HE004,0.7599050393959291,0.355,0.3790678862547446,39.33702854031439,0.019317804816323215,0.009024575906545144
02HF002,20.620492502022277,18.3,1.0,1279.7856740007962,0.01611245767235354,0.014299269300922504
02HF003,19.32042847364819,13.0,1.0,1250.7801636572035,0.015446702014490265,0.010393513087055049
02HF004,0.27658125,0.118,0.24391761558085995,19.43022073538576,0.014234591246629442,0.006073013868808077
02HF005,15.70190880169671,11.7,0.05867712027876299,1121.938208049397,0.013995341890527167,0.010428381809316961
02HG001,1.7499745742806811,0.725,0.5298363511915873,185.2754979451433,0.00944525635439834,0.003913091628633266
02HG002,0.2991872683469236,0.178,0.6715201294256736,40.99185201153104,0.0072987009287299835,0.004342326371346395
02HG003,0.28263070635410237,0.181,0.40345964781283056,33.98787465178554,0.008315633420733898,0.005325428608125435
02HH001,3.6634747065965194,2.52,0.30751042250015553,247.17183481628183,0.014821570221864118,0.01019533638156252
02HH002,4.390550789154188,3.49,0.30751042250015553,305.5689716733737,0.014368444430435496,0.01142131670270011
02HH003,0.32643665427509294,0.279,0.4184556032605314,28.842538027764924,0.011317889360528972,0.009673212521430118
02HJ001,1.1608019413851036,0.598,1.0,116.08174100375588,0.009999866743448872,0.0051515423082830174
02HJ002,94.29307496051511,92.44324817518248,0.5121647688382801,7311.87608780537,0.012895879775339136,0.01264289042443674
02HJ003,2.647421753468981,1.19,1.0,282.79929939330646,0.009361486252436036,0.004207931216777852
02HJ005,0.14720925144553834,0.117,0.39817061788314356,11.3244694392678,0.01299921839473447,0.010331609849579391
02HJ006,1.0875045496607032,0.571,0.40345964781283056,107.21613435413008,0.010143105384388552,0.0053256909833552905
02HJ007,0.5846106570018507,0.511,0.40345964781283056,45.183046854531305,0.012938717012246406,0.011309551603396419
02HK002,100.080142612664,81.6,0.5453923215730198,9115.10196141114,0.010979596611903425,0.008952176327314196
02HK003,25.033529649679547,16.9,1.0,1929.8052578641225,0.01297204966546016,0.00875736032489861
02HK004,148.23919216225508,115.0,0.36201854271669465,11979.524635504404,0.012374380175563068,0.009599713135458474
02HK005,8.384509738037458,5.38,1.0,443.5748965086005,0.01890212860112766,0.012128729651624204
02HK006,10.226432953767656,5.73,1.0,549.7607294997382,0.018601606853718578,0.010422716088168188
02HK007,2.07859692985297,1.5,0.9606745068757389,160.17714971872803,0.01297686301387556,0.009364631613398093
02HK008,1.1054967528164348,0.7597115384615384,0.9389583722232593,90.56137862106476,0.012207154635334736,0.008388913133051928
02HK009,0.9814505602051836,0.65,0.9219090286852094,82.9600460046214,0.011830400385150588,0.007835096908743166
02HK010,125.18852739726027,101.0,0.09084686702756518,12502.14461931952,0.010013364203434896,0.008078613955874822
02HK011,0.4403710916799152,0.282,0.7044987866343102,33.24215106318801,0.013247370509893906,0.008483205538172398
02HK012,146.2843023255814,108.5,0.021405015244850972,11983.955347990388,0.012206679520890579,0.00905377205182883
02HK014,170.7921334922527,167.0,0.05220583660008711,12469.239738052976,0.013697076732837061,0.013392957670896172
02HK015,1.0276650987045033,0.718,0.40345964781283056,79.12667787803274,0.012987593138796556,0.009074057185956143
02HK016,0.3968340530536706,0.229,0.40345964781283056,35.47256605009397,0.011187069254963565,0.006455693103132396
02HK017,1.177872486854315,0.623,0.40233961794536743,116.26356890979802,0.01013105393116012,0.005358514329483113
02HK802,45.68551360842845,48.0,0.14174600211561197,9112.261992706204,0.005013630385627284,0.0052676272958811984
02HK902,44.243191733067725,12.0,0.24989110820732996,9114.422880788,0.0048541956316649,0.001316594605819137
02HL001,32.35631989297492,20.4,1.0,2590.254135831562,0.012491561907143685,0.007875675099907093
02HL003,5.8006656710845625,3.25,1.0,432.4431832120305,0.01341370588385584,0.0075154381573555714
02HL004,8.809176031360835,5.09,1.0,676.2459775579531,0.01302658547881108,0.0075268469889919545
02HL005,4.042121149897331,2.0,1.0,294.747256473919,0.013713855043990891,0.00678547452460163
02HL006,2.36434011627907,1.315,0.17124012195880778,191.6764074271245,0.012335060678649215,0.006860520904222205
02HL007,22.387230398376047,13.4,0.49044863418580054,1760.2342136571028,0.012718324768761212,0.007612623306622279
02HL008,4.3839034293109025,2.46,0.38466803559206025,317.8780306247362,0.013791149456585824,0.0077388172915419185
02HL101,,,0.0,1759.447437257531,,
02HL102,,,0.0,183.36746655426245,,
02HL103,,,0.0,194.04665063141664,,
02HL104,,,0.0,2201.5943198822547,,
02HM001,,,0.0,796.2224483478833,,
02HM002,2.1480855889490384,1.49,1.0,203.69857091500745,0.010545413152875383,0.007314729766178367
02HM003,11.805411362080767,7.15,1.0,884.2176079898313,0.013351251157414784,0.00808624476078317
02HM004,1.5521694070752368,0.5654999999999999,0.999066641777114,106.624536395842,0.014557337921853476,0.005303657292357076
02HM005,2.578808122112623,1.15,0.9967021342791363,160.66297138910403,0.016051042127604487,0.007157840976405541
02HM006,1.9989265758197996,1.16,1.0,142.9858564344997,0.01397989021897062,0.008112690506080813
02HM007,9.113408001991166,5.6,1.0,718.6092771969321,0.012682007164644037,0.00779283009237486
02HM009,0.1436631463662677,0.099064935064935,0.7954078775434011,6.581645254003499,0.02182784711450073,0.015051697750600512
02HM010,7.2062483418367345,5.07,0.4878352311617199,510.2097894370513,0.014124088739629774,0.009937088830839704
02HM011,0.7460096124269456,0.554,0.4045796776802937,57.63489720736887,0.012943713766727514,0.00961223194355188
02MA001,4.2892313117066285,2.75,0.39705058801568044,271.8045596186388,0.015780571590574957,0.010117563899069414
02MA002,5.65767406221409,4.992351174704115,0.40806421504573454,402.8183937919787,0.014045222734133129,0.012393553153588708
03115973,0.10160603515429993,0.040344152965309396,0.4997822164146599,9.016029367274273,0.011269488043495302,0.004474714014546987
04014500,4.995147224832195,2.0954268724338103,0.2987368552050277,343.8274555421512,0.01452806384224258,0.006094414040117059
04015330,2.657108374181519,0.6739345887016849,0.9680791487773007,223.74758365439703,0.011875472935992542,0.0030120306896482584
04015500,0.35214581372687825,0.2123743451791024,0.016924895774998443,57.66140203097287,0.006107132350644593,0.00368312836141281
04016000,2.5517197157841696,1.2459294917174006,0.061414971065895094,26.949404701342495,0.09468556890449809,0.04623217119357498
04016500,7.338343828494703,4.247486903582048,0.1739779727459399,772.2798691815261,0.009502181943797124,0.005499932178840293
04018750,16.058573804809544,10.052385671810846,0.22749051085806732,1849.047779415924,0.008684780341307414,0.005436520236911448
04021520,1.6518204822229274,0.6626079569587994,0.42274905108580674,191.6978744206556,0.008616790808009827,0.0034565221912935453
04024000,72.53723235211726,43.04120062296475,0.9858751788936594,8816.289904047237,0.008227636924554632,0.004882008315448668
04024098,0.225521339443062,0.0792864222001982,0.4580299919108954,20.040861814488864,0.011253075917125367,0.003956238156528618
04024430,11.14549206410675,4.190853744867621,0.9968888059237135,1088.4429096173735,0.010239849941256714,0.003850320221517962
04025500,4.856715430932856,4.219170324224834,0.9739281936407193,301.984705953199,0.016082653641689853,0.013971470213722387
04027000,18.12953522572786,8.353390910378026,0.9914131043494493,1615.7384586379144,0.011220587793033818,0.005170014284007344
04027500,7.926366815217265,5.946481665014867,1.0,703.2164056188324,0.01127158972954,0.008456119080131452
04029990,8.954167676553777,5.238567181084525,0.6835293385601394,682.11725400982,0.013127021232664595,0.007679863176440202
04031000,6.433673272355291,3.834523869808498,0.9916619998755523,514.8528137648741,0.012496140839376781,0.007447805988994109
04031500,5.2576096446153,2.9732408325074333,0.06060606060606061,444.4723830400508,0.011828878115339609,0.006689371366948391
04032000,7.548385158288315,4.162537165510407,0.27092278016302657,681.7211445682178,0.011072540757217147,0.006105923512386924
04033000,4.37443845320631,3.3413563641512107,0.974923775745131,409.9751353020025,0.010670009170151113,0.008150143939070468
04034500,1.9830763557445903,1.5007787059323234,0.6880094580299919,501.6668052209325,0.0039529750326439276,0.0029915846340907194
04035500,14.329458326912754,8.041908537448677,0.6337502333395557,1754.4207424733677,0.00816762933771018,0.004583797000776029
04036000,4.659033866139201,3.3696729435084243,0.9966399103976106,418.0060364210199,0.01114585307434789,0.008061302110274922
04037500,1.2616754404749457,0.9910802775024776,0.9783460892290461,131.96714723863474,0.009560526743777161,0.007510053056692345
04039500,9.983105991514911,4.955401387512389,0.030303030303030304,903.5412752734408,0.011048865463831412,0.005484421711684089
04040000,38.10885263037753,23.0213790174147,0.9802128056748179,3485.2479237568004,0.010934330487829236,0.006605377729513031
04040500,5.737272166770765,2.7183916182925105,0.9820172982390641,418.7355784710834,0.013701420327642313,0.00649190505430203
04041500,11.527369526242099,7.249044315446694,1.0,867.6823909230967,0.013285240828707539,0.008354490527040305
04043050,1.289417942403116,0.651281325215914,0.9674569099620435,76.40866842372502,0.01687528351171671,0.008523657572518174
04043140,0.11134648978521039,0.0696587852187455,0.13539916619998754,12.047263234349176,0.009242471723182665,0.0057821252730773124
04043150,2.39085843034478,1.189296333002973,0.5016489328604319,168.89073520439834,0.014156243842809182,0.007041809200271637
04043238,0.1778735875442539,0.1529095285289537,0.4289714392383797,14.042477977617615,0.012666823321907116,0.010889070203469577
04043244,0.5772522908839862,0.4587285855868611,0.4119220957003298,26.55900593006791,0.021734709966327048,0.017272054036763723
04043275,0.8603690278671161,0.4955401387512388,0.268060481612843,84.133471843814,0.010226239438499717,0.005889928561026974
04044400,1.90815387748172,1.5857284440039645,0.15618194262958124,120.05570948314318,0.015893903636041904,0.013208271816731999
04044724,2.8847412215635364,2.11524847798386,0.638043681164831,205.5603836541605,0.01403354659240611,0.010290156305324875
04045500,25.355028823241348,16.45193260654113,0.9980710596727024,1904.7367854600084,0.013311565680251151,0.008637378525016445
04046000,0.7161915376410619,0.4530652697154184,0.6624354427229171,75.59451288096629,0.009474120678160882,0.005993361851922116
04056500,40.588962145469054,29.16607673793006,0.9777860742953145,2938.4388182728176,0.013813104391714646,0.009925704954807792
04057000,10.908027215972686,10.406342913776017,0.02638292576690934,750.9717200863654,0.014525217027770645,0.013857170164249644
04057510,5.283097908876573,3.5797417311333053,0.9713770144981644,472.39588783568144,0.011183623831023377,0.0075778427020907636
04057800,1.59437891829038,0.8466657227806881,0.973554850351565,115.57162600181518,0.013795591300803699,0.007325896087742075
04058100,5.188000129463515,3.56788899900892,0.9886130296807915,543.3343526700825,0.009548448582292597,0.006566654549772917
04058200,0.35219950292241325,0.1421492283732125,0.9598033725343786,62.951234154130574,0.00559479901633197,0.002258084853827847
04058500,2.402137953603337,1.8405776582188875,0.016987119656524174,329.050180108771,0.007300217713934346,0.005593607812676065
04059000,21.77014428673374,13.563641512105338,0.9890485968514716,2251.3049324201,0.009670011366843737,0.00602479091871608
04059500,10.289017916588717,4.955401387512389,0.9805239250824467,1181.4522382339528,0.008708788712414518,0.004194330695009537
04060500,2.4062267789296463,2.187807774864592,0.9987555223694854,235.99009467056104,0.010196304138479651,0.009270761037317018
04060993,9.579019395810372,7.900325640662609,0.9765415966648,973.1531726667712,0.009843280240828476,0.008118275583496301
04061000,10.588616644968866,8.353390910378026,0.3323377512289217,990.7643745138334,0.010687320736743975,0.00843125885958205
04061500,16.838062064717285,11.808013591958092,0.37838342355796156,1531.3957184373637,0.010995239089409787,0.007710622048758886
04062000,7.575518127243476,5.493416395299448,0.8395868334266692,1661.644901504021,0.004559047556061209,0.0033060110438320116
04062011,17.272977596968158,13.507008353390912,0.778420757886877,2706.390382182265,0.0063822934454268575,0.00499078345914742
04062200,5.1581090134945775,2.208693189862665,0.24435318275154005,344.2163508514209,0.014985078427378505,0.006416584175619348
04062500,19.24909453204063,16.735098400113266,0.9978843880281252,1669.1407295487054,0.011532337682062981,0.010026175806421083
04063000,47.971517397052544,41.62537165510407,0.9973865969759194,4580.643012716128,0.010472660118651651,0.009087233285708938
04063500,46.454256578459095,40.77587427438765,0.826519818306266,4693.70449530233,0.009897141293183797,0.008687354373330911
04063700,3.0871155587223775,1.837746000283166,0.9991288656586398,361.70130412437504,0.008534985977437445,0.005080838745472801
04064500,11.541344914736017,7.730426164519327,0.6227988301910273,1383.608117127947,0.00834148395912363,0.005587150052694051
04065106,61.637386887232765,50.4035112558403,0.7092900255117914,6420.889813500723,0.009599508584874399,0.007849926212697284
04065300,1.1783564642952107,0.6795979045731276,0.03826768713832369,137.86850832869507,0.008546958827507348,0.0049293193406639655
04065500,4.344096409624306,2.605125300863656,0.016924895774998443,605.6550603673089,0.007172558596290373,0.004301334986425668
04065722,71.737116869484,57.19949030157157,0.8201107585091157,7582.013413894291,0.00946148640914079,0.007544103021072425
04066003,77.12055342036955,61.87172589551183,0.9375894468296933,8157.750529953434,0.009453654305460817,0.0075844101469311545
04066030,77.8007243831093,61.73014299872576,0.5738908593118038,8308.206305266105,0.009364322637702894,0.007430020479823484
04066500,5.82306673429225,4.445702959082543,0.5349387094766972,658.5503162934165,0.008842250303768418,0.006750741513730842
04066800,72.44316428109926,49.6437675262315,1.0,9615.269508997391,0.007534179277378684,0.005163013629496068
04067000,96.12411819082398,76.73793005804899,0.03963661253188974,9681.170402607902,0.009928976992795229,0.007926513723730905
04067500,95.36532867173122,75.32210109018831,1.0,10130.081570327557,0.00941407312563699,0.007435488112042198
04067958,10.879392786180672,7.758742743876541,0.5804865907535312,1195.9390751811263,0.009096945665508066,0.006487573577024792
04069416,24.00567180023979,17.188163669828686,0.5814821728579429,2692.6922308827675,0.008915119048852387,0.00638326336470832
04069500,25.678689390091698,19.085374486762,1.0,2875.4357585575863,0.00893036448951062,0.006637385109356731
04071000,16.190957320063067,12.459294917174006,0.9941509551365815,1810.267473939804,0.008943958587968011,0.0068825712755353355
04071765,19.522458208990102,15.234319694180943,0.8011324746437682,2497.276979340913,0.007817498167200706,0.0061003724537602635
04071858,2.6115104418485804,0.9910802775024776,0.3806234832928878,340.8751925714319,0.007661192421039342,0.0029074579174452313
04072150,2.1342615002658865,0.3964321110009911,0.7902432953767656,280.12439303989885,0.007618977687394393,0.0014152002497851955
04072845,4.215334009569453,3.426306102222852,0.09084686702756518,336.67878646255133,0.012520343363059861,0.010176780480358416
04073462,0.09113268738813997,0.0387937137193827,0.8404579677680294,6.196014437858271,0.01470827550551046,0.006261075423315545
04073473,1.4851364739683248,0.7314039652975438,0.6151452927633626,277.28230154086907,0.0053560449610933,0.002637759284429991
04073500,37.955257386218975,31.14823729293501,0.9908530894157177,3409.704401114299,0.011131538960918463,0.009135172328356587
04073970,1.662737924851323,0.4530652697154184,0.08798456847738162,216.36186854303224,0.007684985973027964,0.0020940162551115523
04074538,0.7461881761489857,0.6953516752336439,0.6741957563312799,112.43381966380794,0.006636687950122014,0.006184541958218958
04074548,1.1845539938070284,1.1582876913083755,0.6211810092713583,136.6922702835049,0.008665844757353278,0.00847368829931673
04074950,12.210553589306716,9.910802775024775,0.9773505071246344,1202.7247022012357,0.010152409414190022,0.008240292027665143
04077400,21.67421480074915,18.47656803058191,0.3579117665359965,2134.5539824291777,0.010153978292028638,0.008655938515808861
04077630,3.929111305265959,3.2564066260795697,0.7069877418953394,306.3131652460424,0.012827105560774535,0.01063097181429959
04078500,9.981003896529076,7.460702445637029,0.9957065521747247,983.8915409886538,0.01014441478630842,0.007582850481812472
04079000,55.15753469802884,41.34220586153193,0.9849418206707734,5799.1397405887865,0.009511330501656217,0.0071290239088693625
04080000,11.309384543222228,9.878738512229669,0.8410802065832866,1331.4461138180438,0.008494061025715514,0.007419555631809597
04081000,6.819471021097069,6.461518520212366,0.8543961172297928,708.6757447373536,0.009622836779357352,0.00911773624001638
04082400,137.0050319634078,110.00991080277504,0.7129612345218095,13738.38844570167,0.009972423803919488,0.008007482918216208
04084500,133.6220345490987,110.71782528670538,0.7669093398046171,15552.00322320404,0.008591950029288236,0.007119200253348145
04085119,2.5194013828703263,1.4622341345344232,0.3795656773069504,36.06346123373692,0.06986022130658544,0.04054613962473799
040851325,0.3043138909777782,0.0393600453065269,0.24939331715512414,51.891085765237925,0.00586447337707548,0.0007585126563856633
04085200,2.471515142969975,1.0477134362169052,0.9897330595482546,318.90393600387523,0.007750030225214724,0.0032853574946286445
04085281,2.2745078131403833,1.0193968568596914,0.3783211996764358,280.00805311305544,0.00812300856297884,0.003640598352534175
04085427,9.749085610826663,3.8793713719382703,0.9963910148715077,1341.5264979342955,0.007267158439164985,0.0028917590356297767
04086000,9.429438050068091,5.0120345462268165,0.9980710596727024,1098.2901464968666,0.008585561911981511,0.004563488584699887
04086500,2.902156192725871,1.5857284440039645,1.0,309.3566562868904,0.009381263127031204,0.00512589081818041
04086600,14.07400827300117,8.60824012459295,0.9559454918797835,1556.4911713059862,0.009042138196770022,0.005530542211408843
04087000,16.531682271912967,10.278918306668556,0.9957687760562504,1801.8341862585,0.009174918756670349,0.005704697127549056
04087030,0.963613795117248,0.4530652697154184,0.9991288656586398,87.69394950291328,0.010988372636646223,0.005166437049347026
04087050,0.15065705008924044,0.1019371703956591,0.998382179080331,21.54296091932192,0.006993330705720951,0.004731808722924037
04087070,0.6064643916659448,0.2186039926376893,0.44888308132661314,51.60754231655861,0.011751468185520565,0.004235892329395984
04087088,0.47270342966812795,0.2123743451791024,0.9886752535623172,46.59275655677735,0.010145427414068053,0.00455809788631642
04087119,0.4872522727132631,0.419085374486762,0.9961421193454048,27.542276597262457,0.017691067439272363,0.015216076020688016
04087120,3.516020686286698,1.614045023361178,0.9991288656586398,320.0060984379816,0.010987355251819101,0.0050437945752899015
040871488,0.36924512098830925,0.134968805257376,0.6133408001991164,28.876154538059613,0.012787198534404345,0.004674057450395038
04087159,0.709151941188718,0.2440889140591816,0.9375272229481675,47.83267870243791,0.01482567902166379,0.005102973964256386
04087204,0.7631765612125819,0.2831657935721365,0.9985688507249082,66.67724350977913,0.011445832506568027,0.0042468131354381254
04087214,0.44368211542668323,0.132804757185332,0.44888308132661314,39.37980169670229,0.011266743262037242,0.003372407972192842
04087220,1.3081805227748302,0.5125300863655671,0.9980088357911766,127.8575471601178,0.010231547154088427,0.004008602524837415
04087240,4.79877298586333,1.812261078861673,0.9987555223694854,490.5760353602755,0.009781914810288573,0.0036941492209882645
04087257,1.12835081985178,0.481381849072632,0.998631074606434,97.92924163453183,0.01152210311259983,0.004915608872670847
04093000,4.110754756125069,1.8179243947331165,1.0,320.3559140497516,0.012831836641188601,0.00567470215159128
04094000,2.5519714993302807,1.653688234461277,1.0,172.40382818386,0.014802290217179699,0.009591946141112955
04094500,2.5741865214142807,1.6989947614328191,0.26582042187791677,191.59350240540996,0.01343566712386377,0.008867705533341956
04095300,2.109197000676763,1.614045023361178,1.0,138.78961404574292,0.015197080957236498,0.011629436643791038
04095380,2.9714297892645507,2.633441880220869,0.62815008400224,171.54274660579895,0.017321803737308836,0.015351519853371907
04096015,2.4755085319436567,1.489452074189438,0.6478128305643706,192.3137634541389,0.012872237990048965,0.007744906279391843
04096100,0.746444881912359,0.5946481665014867,0.5387965901312924,45.87534166233323,0.016271156897458946,0.012962261314115361
04096400,5.809549736574321,4.842135070083534,0.2659448696409682,524.4246143740157,0.011077950152108981,0.009233233790643853
04096405,5.455759859323898,4.389069800368116,0.9991288656586398,534.4753825694479,0.010207691574298083,0.008211921341012961
04096515,1.2827829816475926,0.9061305394308368,0.9986932984879596,126.4126118062391,0.01014758704308553,0.00716803906258754
04096600,8.652775683163336,6.399546934730285,0.22145479435007157,713.1416751364235,0.012133319345707941,0.00897373854010994
04096900,4.586122523009865,3.8227382132238414,0.3998506626843383,410.4836823988216,0.01117248436334684,0.009312765347660542
04097500,36.334929508482524,29.73240832507433,1.0,3447.5044198535024,0.010539487433065143,0.008624327833737127
04097540,3.0194598453604065,2.617867761574402,0.9980710596727024,308.9242836269148,0.009774109726534098,0.008474140429620542
04099000,54.605050302672915,48.70451649440748,0.9989421940140626,4875.823229910759,0.011199144785991828,0.009988983233770536
04099510,2.7703457490283654,1.8972108169333144,1.0,272.61171662660354,0.010162240212231633,0.006959388394637217
04099750,10.827164178623224,8.579923545235737,1.0,930.736486512246,0.011632899682697427,0.009218423978829209
04099808,2.7527507330175744,2.1577233470196804,0.5396677244726527,252.9586876450656,0.010882214636091276,0.008529943632721762
04099850,0.5295983906137539,0.4247486903582048,0.5374276647377263,73.34408872717415,0.007220737210107793,0.005791178235756502
04100222,3.981854783168626,3.143140308650715,1.0,369.7210066024224,0.010769890571704771,0.008501384158652026
04100252,0.5001379506824963,0.2690075038935297,0.5396677244726527,50.50890328143731,0.009901976051543047,0.005325942287731151
04100295,0.28316408303122387,0.1180801359195809,0.4944309626034472,27.86414408936426,0.010162310463335121,0.004237709062258692
04100500,17.00464806140013,13.19552598046156,1.0,1523.8645229004014,0.01115889753049362,0.008659251384989432
04101000,99.76922014253383,87.49823021379018,1.0,8733.939312388322,0.011423163886772145,0.010018186191159087
04101370,0.5241161086139671,0.4672235593940252,0.7088544583411113,91.5776018817859,0.005723191018809698,0.005101941411363301
04101500,112.98489422111935,99.39119354381992,1.0,9609.2105315046,0.011757978852756836,0.010343325626799163
04101800,9.043722897030808,8.353390910378026,1.0,655.5334073071805,0.013795975607377326,0.012742891235234421
04102500,14.089593236848906,12.374345179102365,0.9978843880281252,989.3754831028624,0.014240895875710771,0.01250722843898876
04102700,3.088976904470958,2.180376610505451,0.9978221641465994,223.30194607546207,0.013833183985898077,0.009764252613224517
04102776,6.022290400992342,4.190853744867621,0.6647999502208948,214.53668033103293,0.028071145650710495,0.019534439231562072
04103010,6.905267705654585,6.173014299872576,0.568104038329911,695.1148030887022,0.009933996046367348,0.008880568033428645
04103500,14.06332051246507,12.374345179102365,1.0,1059.692793847032,0.013271129702987421,0.01167729482634249
04104945,1.243680041099856,0.8806456180093446,0.6647999502208948,123.48367632575216,0.010071614954344296,0.007131676381955018
04105000,6.93426600615087,4.955401387512389,1.0,714.4412773899894,0.009705858585723467,0.006936051351365862
04105500,22.09814682163136,18.349143423474445,1.0,2128.6248745321527,0.010381419049464167,0.008620186507736539
04105700,1.2763836900203034,1.1694747274529236,1.0,97.88152613721006,0.013040087750890522,0.011947859556394299
04106000,30.234155554410815,26.73085091320969,0.8920415655528592,2728.748927997897,0.011079859801023845,0.009796009680092593
04106180,0.5028599034976657,0.481381849072632,0.5458278887436998,36.27766834530144,0.013861417407295814,0.013269371242128875
04106300,1.0954390776254601,1.0477134362169052,0.6590131292390019,50.35116987269551,0.021755980653380927,0.02080812499224691
04106320,0.24593075380156962,0.1755627920147246,0.9981955074357538,47.09432413803897,0.00522208903732683,0.003727897049761868
04106400,0.2781117954972534,0.2520175562792014,0.9958309999377761,65.63907360047675,0.004236985384498684,0.0038394441367827436
04106500,2.6387596742696537,2.579512898231429,1.0,130.84769131858226,0.020166650612466034,0.019713858702718287
04108500,50.98261914821248,47.57185332011893,0.3123638852591625,4192.901349682636,0.012159269893643312,0.011345807915018007
04108600,1.9212159812531147,1.342205861531927,0.9980088357911766,172.9739466867269,0.011106967367360986,0.007759583956090197
04108670,52.72979976123384,42.75803482939261,0.3858502893410491,5138.966224641917,0.010260779591893126,0.008320357239236766
04108800,2.2991792647392257,0.7079144839303413,0.9965776865160849,170.88617112374797,0.013454448944697023,0.004142608376529789
04108801,2.192676693144406,0.651281325215914,0.6271545018978284,174.7312031421538,0.012548855921060295,0.00372733268874741
04109000,4.182246181338539,3.4546226815800654,1.0,425.8318202941573,0.009821356653078475,0.008112645690013657
04111000,14.099407044879477,10.009880995849386,0.9715014622612158,1805.2250105850376,0.007810332209118984,0.005544949209741661
04111379,2.7379774962992656,1.2176129123601869,0.9991288656586398,425.9800163452537,0.006427478734307937,0.002858380359733402
04111500,0.37601867795275884,0.1834914342347444,0.7214859062908344,43.3111614250172,0.008681796229448712,0.004236585401950383
04112000,0.18580219409837861,0.0682429562508849,0.9990044178955884,25.57483912927169,0.0072650386248458805,0.002668363069888381
04112500,7.192381467580243,4.41738637972533,1.0,889.8773241751198,0.008082441559287163,0.004964039716171066
04113000,29.36240836921162,21.54891689083959,1.0,3233.973400686384,0.009079359886812827,0.006663294412460538
04114000,38.513164447517084,28.31657935721365,1.0,3641.849905937104,0.010575165216098343,0.007775328497489894
04114498,5.597873315824486,3.482939260937279,1.0,727.408334385861,0.007695640881748598,0.004788148686635365
04114500,6.180886188575688,4.10590400679598,0.3806234832928878,730.9957982236074,0.008455433264590381,0.0056168640322881965
04115000,9.157369658745536,5.096984284298457,0.9990044178955884,1085.6790800399306,0.008434692928235048,0.004694743021216724
04115265,0.9468707235965078,0.7928642220019823,0.8229730570592994,95.59956668150944,0.00990455037051594,0.008293596399274636
04116000,67.54823009353588,48.1381849072632,1.0,7435.453169195155,0.009084615094260298,0.0064741427068222505
04116500,13.67897209417432,10.845249893812827,0.1510795843444714,1361.3643526246374,0.0100479875705589,0.00796645649851472
04117000,0.21239807259674195,0.1563075180518193,0.4733992906477506,19.63774978551043,0.010815805014149754,0.007959543214424174
04117500,10.739485857713392,7.107461418660626,1.0,1099.2332841767184,0.009769978777304615,0.006465835342662344
04118000,23.388532437283065,17.301429987257542,0.3351378258975795,2074.416754605305,0.011274751028383953,0.0083403828805603
04118500,7.294958545001791,5.748265609514371,1.0,650.1267579222095,0.011220824948532057,0.00884176130188165
04119000,127.66758242283444,99.67435933739203,1.0,12719.28899119622,0.010037320679733027,0.007836472573772214
04121300,3.8249617209423685,3.228090046722356,0.9947731939518387,559.072035135032,0.0068416259096531805,0.005774014516649325
04121500,32.078390221974566,25.853036953136066,0.9978843880281252,3706.7949215431336,0.008653942530119895,0.006974498859616836
04121900,3.9308658383287907,3.2564066260795697,0.37682782651981833,351.5834246594772,0.011180464045300183,0.009262116464203428
04121944,9.811258597972673,8.155174854877531,0.638292576690934,951.7741391277754,0.010308389558644559,0.008568392982762796
04121970,59.34724755178832,50.68667704941243,0.6420882334640035,6038.7155847584,0.009827793132297804,0.00839361886447254
04122000,68.1191099886494,60.03114823729294,0.3124261091406882,6248.0190470657335,0.010902513176658813,0.009608029006487337
04122100,0.4695171969718059,0.3681155316437774,0.9879907908655342,40.8188211666336,0.011502468311250543,0.009018279340822439
04122200,13.39636384240613,11.723063853886451,0.9882396863916371,1046.2980340077763,0.012803583115885473,0.011204325605948069
04122500,22.530166179237824,20.27467081976497,0.9945242984257358,1765.7335558008283,0.01275966359999288,0.011482293437284553
04123500,5.3436511921897685,5.181934022370098,0.06987741895339432,336.6940591278596,0.01587093994480169,0.01539063099536977
04124000,30.769440961774627,28.599745150785782,0.9968888059237135,2238.8448659714263,0.013743444858303696,0.01277433089959829
04124200,34.58883498317016,32.5640662607957,0.6146475017111568,2548.517123629585,0.013572141486696748,0.012777652525409805
04124500,1.05420533395061,0.7079144839303413,0.7320639661502084,148.0512115126563,0.007120545135562705,0.004781551442217172
04125460,7.569608831664736,6.767662466374063,0.9977599402650738,635.6922619326136,0.011907662378415344,0.01064613000919534
04125500,8.305147306974707,7.418943791589976,0.0601704934353805,649.0350942352327,0.012796145201918211,0.01143072825720129
04125550,50.35486125011254,47.00552173297466,0.6193142928255865,3574.721263443915,0.014086374164345408,0.01314942292526863
04126000,63.23836601550284,58.615319269432256,0.3124261091406882,4351.59288034001,0.014532234001302468,0.013469853656174832
04126740,3.6413753091538967,3.5395724196517064,0.7637981457283305,324.2374709347679,0.01123058139657921,0.010916605071730959
04126970,3.459082049226262,3.171456888007929,0.5979092775807355,326.3704320495841,0.010598637957193187,0.009717353585284657
04127000,5.889896244281935,5.493416395299448,0.22145479435007157,480.86614758790415,0.01224851504691384,0.011424003171891468
04127800,5.313913913058665,5.068667704941244,0.985750731130608,173.12959530001558,0.030693272885263807,0.029276725889399613
04127918,5.995265000085858,3.426306102222852,0.7095389210378944,546.9059180509885,0.010962150531212418,0.006264891253020624
04127997,6.335974415573457,5.918165085657653,0.9894841640221517,486.0570659289535,0.013035453776325886,0.012175864729683213
04128000,6.602047107130155,6.20133087922979,0.33190218405824157,498.9541027690364,0.01323177236240948,0.0124286599605342
04128990,2.228364548856616,1.982160555004956,0.9985688507249082,150.62060249327064,0.014794553414139835,0.013159956355197252
04129000,2.2629164269296695,2.038793713719383,0.24273536183187108,161.9535847789765,0.013972623267450038,0.012588753231376712
04129500,3.0092387953499906,2.5768087215064424,0.03876547819052952,369.7795316766503,0.00813792689310177,0.006968500148785154
04130000,21.904484956181367,21.379017414696307,0.062348329288781035,2250.0423476473675,0.009735143420338103,0.009501606686225303
04130500,7.7865267757138374,6.569446410873567,0.471470350320453,780.2008719498294,0.009980156464391323,0.008420198755296973
04133500,12.305057265896439,10.547925810562084,0.014062597224814883,1529.7991802583315,0.008043576846353474,0.0068949741552227104
04133501,11.090206184563273,8.69318986266459,0.9953332088855703,1531.439601132755,0.007241686956743327,0.005676482347873549
04134000,3.256703493443799,1.4158289678606826,0.015431522618380935,446.5076196410385,0.007293724340162359,0.0031708954239099254
04135500,2.303391913530379,2.1520600311482374,0.3086926762491444,255.03681285612973,0.009031605624830947,0.008438232924288653
04135600,1.2245967443558767,1.1609797536457596,0.10167382241304213,181.937173614186,0.006730877038646007,0.006381212429449523
04135700,6.0482905553252175,5.181934022370098,0.9955198805301475,1009.358415715254,0.0059922129356193695,0.005133888955290538
04136000,22.952427501811567,20.86931898626646,0.6420882334640035,2875.8722183601853,0.007981031756306258,0.007256692023043392
04136500,28.399475522188357,26.164519326065413,1.0,3517.245245793158,0.008074351811593428,0.007438923787688615
04136900,32.39278979033825,30.01557411864647,0.6193142928255865,3907.79111108492,0.00828928386127196,0.007680956649270141
04137005,34.250868647986046,31.714568880079288,0.6193142928255865,4135.198089119819,0.008282763705589828,0.0076694195045997815
04137500,39.626017218617505,36.24522157723347,0.8277020720552548,4519.5307415071375,0.008767728218926404,0.00801968692111312
04138500,2.902984577195034,1.6989947614328191,0.036214299047974616,395.9021318129406,0.007332581322311905,0.004291451409096164
04140500,4.047426701106608,3.1997734673651426,0.05923713521249455,298.5493985084735,0.01355697489704282,0.01071773543457441
04142000,9.702587846554541,6.994195101231772,0.9853151639599278,863.2130406923944,0.011240084879593534,0.008102513251678446
04143500,2.169587148064069,0.6795979045731276,0.06041938896148342,241.38983491003424,0.008987897725157614,0.0028153542788013964
04143900,1.7567537687334216,1.614045023361178,0.5378010080268807,202.0834927338925,0.008693207668608288,0.007987020619673196
04144000,8.167789922052764,5.691632450799943,0.08506004604567233,940.2292256647602,0.00868701982357332,0.006053451961967944
04145000,10.647465561398992,6.399546934730285,0.9966399103976106,1581.344360973805,0.006733173256988879,0.00404690280793071
04146000,1.065820254658928,0.7362310632875549,0.996328790989982,130.6183098621574,0.00815980742503633,0.005636507347740955
04146063,4.806096246719689,3.284723205436784,0.9935909402028499,559.9111389829085,0.00858367678744537,0.005866508052337661
04147500,11.007438517724095,6.512813252159139,0.9988177462510112,1392.6723340686656,0.007903825076761649,0.004676486415962669
04148140,2.1664458824482895,1.2600877813960074,0.9965776865160849,275.8307533219956,0.007854257933013194,0.004568336801535045
04148500,21.507627825917226,13.252159139175989,1.0,2520.5690155793586,0.008532846231537782,0.005257606142607426
04149000,20.252149351446644,15.304706620011732,1.0,3031.392653854658,0.0066808070296318816,0.005048737780818521
04150000,3.284525405801568,1.0760300155741187,0.016924895774998443,586.620741392478,0.005599061154920978,0.0018342856630331828
04150500,5.322505924760805,1.2959615120891683,0.9922842386908095,913.8961719878168,0.005823972227812066,0.001418062086057676
04150800,14.744423372508935,6.144697720515362,0.3253064526165142,1641.6130877158591,0.008981667777164429,0.0037430852412763693
04151500,17.800372352515108,7.956958799377036,0.9897330595482546,2160.826733544626,0.008237760148087083,0.003682367806660934
04152238,3.8140831754500635,2.690075038935297,0.8366000871134341,394.2987615460803,0.00967307926734212,0.006822428324114626
04152500,7.455448733235303,5.945599951166618,0.9987555223694854,1100.9267222496226,0.006771975448103316,0.005400541045109196
04153500,2.8303606975559408,1.132663174288546,0.058241553108082884,353.45326714988585,0.008007736695656839,0.0032045627514548547
04154000,10.615781747435065,8.551606965878522,0.9891108207329973,1036.2513992577506,0.010244407636061067,0.008252444312262347
04155000,7.5302943938823335,5.493416395299448,0.7125256673511293,808.7881225335599,0.009310589738006286,0.006792157602526494
04155500,9.993017621409647,6.569446410873567,0.9905419700080891,1060.3613470241016,0.009424162479568872,0.006195478955650998
04156000,58.13108567599464,36.24522157723347,1.0,6116.802422466665,0.009503508804286777,0.005925517790816137
04158500,1.107985614234783,0.4247486903582048,0.05979715014622612,130.44408985449545,0.00849395028529611,0.003256174279969242
04159492,9.188108063466847,2.7014016706781825,0.9952709850040445,1195.592146821176,0.007684985291929246,0.0022594675599539797
04159500,10.570695636262386,2.605125300863656,0.26302034720925893,1234.5691927868752,0.008562254507906885,0.002110149286151336
04159900,2.8981377175327308,0.971258671952428,0.8227863854147222,437.9576671497408,0.006617392352996156,0.0022176998938583437
04160600,2.9437283157722614,1.189296333002973,0.9943998506626843,390.1908930703464,0.0075443286044134935,0.0030479858810763126
04160800,0.4068136272020823,0.3114823729293501,0.6735112936344969,54.480690330430825,0.007467115866827623,0.005717298570193924
04160900,1.5566151220125541,1.444145547217896,0.6760002488955261,203.04725783289916,0.007666270101975937,0.007112361736036728
04161000,2.738420871709976,2.142663887370289,1.0,320.2555552941124,0.008550736517888341,0.006690481560585375
04161100,0.3898214719686454,0.209542687243381,0.26314479497231036,45.44936468567394,0.008577049969006954,0.004610464605887677
04161500,0.7501159152453493,0.6795979045731276,0.06701512040321075,100.64324110080824,0.007453216997393829,0.006752543907965122
04161540,1.6528836141003138,1.2742460710746142,0.923837969012507,185.70339281051105,0.008900664597910128,0.006861727466524189
04161580,0.47798026212060385,0.3397989522865638,0.7689627278949661,64.19814050191826,0.007445391071822737,0.005292971877844508
04161800,1.262433293047694,0.9995752513096418,0.7699583099993778,167.89904806591562,0.007519002088398228,0.005953430128544968
04161820,7.677369920415987,7.97939302007801,0.9991288656586398,801.4482992892687,0.009579370156782846,0.009956216797957156
04162900,0.13628293525151006,0.025060172731134048,0.19687636114740836,64.09947616314766,0.0021261162088850646,0.0003909575277549889
04163400,0.4592472667066847,0.2304969559677191,0.9978221641465994,46.96533797690088,0.009778429933423621,0.004907810012590247
04164000,12.247160023375319,9.202888291094435,1.0,1141.083817635874,0.010732918856696513,0.008065041453450114
04164100,0.47387886499344556,0.3454622681580065,0.9977599402650738,54.90250485090908,0.008631279506832902,0.006292286100536382
04164300,0.24941669055418786,0.0453065269715418,0.9911019849418207,32.74599906735319,0.007616707312584305,0.0013835744293021462
04164500,4.2624763865444,1.6621832082684411,0.9972621492128679,511.0387223221444,0.008340809023582084,0.003252558241996871
04165500,19.122239251344244,12.742460710746142,1.0,1889.36663554442,0.010120978581710892,0.006744302810806442
04166000,0.7694641044429614,0.526688376044174,0.9235268496048783,85.65226105778133,0.008983581926971877,0.006149147372640496
04166100,2.296550347893141,1.4158289678606826,0.9260780287474333,223.97603074146176,0.010253554098135066,0.006321341454144221
04166300,0.5252171334921044,0.3114823729293501,0.9260780287474333,45.499565814462926,0.0115433438559353,0.006845831764626188
04166500,4.58186190327921,2.633441880220869,1.0,475.1729763049916,0.009642513635578307,0.0055420699651290446
04167000,2.9106713423370247,1.812261078861673,0.9148155061912762,229.12571845532776,0.012703381191599028,0.007909461631279103
04168000,2.368330316516631,1.364859125017698,0.8351067139568166,218.82811616625835,0.010822788031119603,0.0062371287059873205
04168580,0.241040537306913,0.0801359195809146,0.4887063655030801,27.508959036706752,0.00876225585218543,0.0029130844054834908
04170000,3.1921751347083953,2.94492425315022,0.9298736855205028,384.5703296194581,0.008300627710585816,0.007657700104072761
04170500,3.518442195884573,3.2564066260795697,0.789683280443034,406.8774783292309,0.008647424306531839,0.008003408395695473
04172000,7.075345240970448,6.371230355373071,0.998631074606434,827.8481484883367,0.008546670369306418,0.007696134088125986
04173500,3.294322996987797,2.6957383548067395,0.9985066268433825,325.80303789216055,0.010111394351326472,0.008274135110118335
04174500,15.32143859041615,12.71414413138893,1.0,1925.0206508166632,0.007959103495287827,0.0066046793451255345
04174518,0.3060359963200662,0.1319552598046156,0.5625661128741211,26.201693045195235,0.011680008455643895,0.005036134862621522
04175600,3.097230854027487,2.622115248477984,1.0,330.2851687526592,0.009377444545040747,0.007938943363338268
04176000,11.303035317663984,7.532210109018831,0.8920415655528592,1193.353386177326,0.009471658143000746,0.006311801848693615
04176500,24.34110041194536,13.02562650431828,1.0,2681.887372970362,0.009076108362069669,0.004856887964646914
04176605,1.391334863612587,0.4530652697154184,0.5357476199365316,139.06060993744467,0.010005240623052554,0.0032580417266918813
04177000,3.6334701333693973,1.2430978337816792,1.0,343.2876617843922,0.010584330687805092,0.003621155002542528
04177720,1.0234315597606554,0.4842135070083534,1.0,83.99727671154467,0.012184104054649595,0.005764633401999361
04178000,17.100411258186355,8.07022511680589,1.0,1597.8727046696902,0.010701985964345843,0.005050605779309657
04179000,24.72093792663677,12.26107886167351,0.04841017982701761,1883.991665504976,0.013121574993810118,0.006508032432503946
04179520,2.527303456129327,1.074614186606258,0.5063779478563872,247.8888066042823,0.010195310916816797,0.004335065392128496
04180000,8.116148156198383,3.766105054509416,1.0,696.720967054518,0.01164906546520409,0.0054054711033473465
04180500,29.83673282837424,13.87512388503469,0.9148155061912762,2712.1942266529136,0.01100095728217643,0.0051158297398773735
04180988,9.602078401242363,2.520175562792015,0.41478439425051333,761.0885140500238,0.01261624400314002,0.003311277881965739
04181500,17.06837095437841,4.728868752654679,1.0,1488.3093776893727,0.011468294972969507,0.003177342576444915
04182000,21.59818426784521,5.946481665014867,1.0,1846.8512155625403,0.011694598939994484,0.003219794650974958
04182950,57.43332315370391,25.14512246920572,0.45628772322817496,4862.819332695642,0.011810704701189563,0.005170893826990452
04183000,58.06845495617798,26.70253433385248,1.0,5033.179550832248,0.01153713162221209,0.005305301363516259
04183500,150.07463738290815,167.65328689041468,1.0,5365.497401141483,0.02797031219341948,0.031246550758695226
04184500,5.347305277331348,3.7377884751522017,1.0,533.917182599677,0.01001523354482614,0.0070006896143568
04185000,11.039552672401184,4.530652697154184,1.0,1062.4434285577177,0.010390720461594399,0.00426437076589067
04185440,0.10938956031030124,0.016706781820756,0.8485470723663742,11.032354873559038,0.009915340973346714,0.0015143441279972523
04186500,9.407164334204953,2.327622823162962,1.0,857.3722586825033,0.010972088540234137,0.0027148333755745097
04187500,5.070969298829884,1.78394449950446,0.05052579179889242,412.19251918967126,0.01230242923573406,0.004327940019414991
04188337,4.182636737212603,0.7390627212232763,0.36936096073673075,368.8862474811839,0.011338554271871984,0.0020034976263542444
04188400,6.696446650915729,1.1524847798385958,0.36936096073673075,605.9885197281708,0.011050451341750773,0.0019018260945860288
04188433,0.5844594466037623,0.0931615460852329,0.33569784083131105,48.320744644083305,0.01209541473147242,0.0019279824177262587
04188496,1.611693594436693,0.2214356505734107,0.3668097815941758,134.54054038602192,0.01197924127413524,0.0016458656248746326
04189000,9.27338690049244,2.463542404077588,1.0,908.1438836021478,0.010211363053737257,0.0027127225636382206
04192500,150.92864310981344,57.48265609514371,1.0,14229.50889817129,0.010606735916881157,0.004039679549484038
04193500,171.2724456046061,65.69446410873567,1.0,16387.626961822236,0.010451326845772997,0.004008784448278088
04195500,11.941171482665593,3.0298739912218604,1.0,1078.5784538462274,0.011071212706023556,0.0028091363965386876
04195820,15.258863830498738,3.8793713719382703,0.5776865160848734,1264.452968126809,0.012067561400171003,0.0030680234613117037
04196000,2.1637337881041874,0.3575944625380547,1.0,230.5944248164602,0.00938328751801521,0.001550750686286883
04196500,6.316744136412298,1.844842473482767,1.0,763.873258586695,0.008269361527459973,0.002415115927603046
04196800,6.282089284301408,1.2742460710746142,1.0,607.3189631059513,0.010343970246167747,0.002098149651968487
04197000,24.16668071258897,6.6827127283024215,0.06272167257793541,2006.923047425889,0.012041657872027297,0.0033298300783748402
04197100,4.208838966042652,0.9825853036953136,0.997946611909651,387.7092155014475,0.010855658823066945,0.0025343356938897555
04197170,0.9274833013555664,0.1783944499504459,0.9224068197374152,95.08220108997808,0.009754541762005188,0.0018762128758633581
04198000,36.36263961863342,11.213365425456606,1.0,3239.694422088101,0.011224095510587192,0.003461241698909734
04199000,9.471534503556368,2.463542404077588,1.0,946.1157149643732,0.010010968377069001,0.0026038489426955086
04199155,0.6770264757030735,0.1755627920147246,0.7670337875676685,60.278166172562045,0.011231703263249711,0.0029125436814406414
04199500,4.993813778116584,0.4680174632036245,0.9989421940140626,671.4680921502768,0.007437157232780246,0.0006970062593813924
04200500,11.482634141028916,3.114823729293501,1.0,1025.5639846380654,0.011196409305540583,0.0030371812738653864
04201500,10.413698898945643,3.964321110009911,1.0,689.7660029871904,0.015097437179922936,0.005747341986762911
04202000,6.679474408272515,4.190853744867621,1.0,389.582902901724,0.01714519389460342,0.010757283529777494
04206000,14.717759107206849,9.684270140167069,1.0,1045.9176855407627,0.014071622758341102,0.009259113096610549
04206043,0.4644140918259484,0.206461951872274,0.2953767656026383,66.73868418069311,0.0069586941595755816,0.0030935873909842763
04206212,0.126226809456384,0.0283165793572136,0.4999066641777114,15.622845392458688,0.008079629944831626,0.001812511014855355
04206220,0.8337654307998876,0.5691511954717573,0.4999066641777114,79.28580921103739,0.010515947798182011,0.007178474952016075
04207200,4.1939527685105515,2.180376610505451,0.9980710596727024,221.8008916938109,0.018908637997272663,0.009830332934438296
04208000,29.855947793890294,19.17032422483364,1.0,1835.0287034173937,0.016270016778641795,0.010446879762225265
04208460,0.7467034597755521,0.3341356364151211,0.5094891419326738,46.7005597885578,0.0159891757862505,0.007154852916709328
04208504,40.27926565350363,28.31657935721365,0.7329973243730944,2040.8455879106184,0.01973655718595586,0.013874924945303513
04209000,14.937819272981306,6.484496672801926,0.9991288656586398,636.499520732613,0.023468704667346536,0.01018774792687707
04212100,29.62246500783243,12.515928075888434,1.0,1782.3458942729098,0.016619930566236483,0.007022165627954153
04212500,0.89197224975223,0.89197224975223,0.00012444776305145915,308.9249372611696,0.002887342982603388,0.002887342982603388
04213000,8.575727389077764,3.596205578366133,0.9988799701325368,454.6224446843095,0.018863405204361965,0.007910312437089074
04213040,0.08542112496799292,0.0396432111000991,0.3590940202849854,6.697759851593185,0.012753685838358918,0.00591887615837245
04213075,0.20332043513761605,0.10519609231204866,0.8553294754526788,11.633622913751095,0.017476966259348893,0.009042418951684044
04213500,22.37447212885924,14.27155599603568,1.0,1126.971519081357,0.01985362695509611,0.012663635020403213
04214500,5.623288886206001,2.5484921421492284,1.0,367.728509855219,0.015291957886050188,0.006930363226807226
04215000,4.263198931423107,1.792439473311624,1.0,247.59208224521583,0.017218640001584636,0.0072394862430874805
04215500,7.179185135974037,3.3979895228656383,0.9990044178955884,350.13546174597815,0.020504021786809205,0.00970478541625374
04216200,0.7274217996337562,0.2435225824720374,0.3351378258975795,39.38722887702614,0.01846846859688695,0.006182780292372377
04216418,3.325614506200729,1.8349143423474443,1.0,196.1384883608769,0.016955440688835647,0.00935519773646552
04216500,0.8222008915343645,0.3681155316437774,0.2897143923837969,62.47337547071397,0.013160820675037684,0.0058923586066890405
04217000,6.461313198062333,3.284723205436784,1.0,442.50749577046014,0.014601590390717314,0.007422977546894829
04217500,8.231169743253599,4.530652697154184,0.22145479435007157,587.3135928910662,0.014014948475371488,0.00771419689922709
04218000,12.881262341866393,6.880928783802917,1.0,895.4139310178335,0.014385818553463898,0.007684634497456655
04218518,3.991295404921843,2.321959507291519,1.0,219.9061238110226,0.018149996624704196,0.010558866970375533
04220250,1.0069836175595246,0.2721223276228232,0.14442162902121836,76.18647476965171,0.013217354138042474,0.00357179313579713
0422026250,0.4280481736090162,0.3042616451932606,0.7759318026258478,25.015996263972134,0.017110978475220202,0.012162683507890355
04221000,11.00442533109109,6.20133087922979,1.0,749.7269166831336,0.014677911498463682,0.008271452900030713
04223000,38.405680026371016,21.40733399405352,1.0,2543.625901255912,0.015098792635901474,0.008416070139670962
04224775,2.7890508838852597,1.5007787059323234,1.0,231.46522979240024,0.012049545784421887,0.006483819221048287
04227000,8.850506776645858,4.672235593940252,1.0,874.7106173869704,0.010118211212623717,0.005341464366692674
04227500,52.22614063233295,30.298739912218608,1.0,3686.121968974405,0.01416831593526025,0.008219679155285431
04227995,1.8388558459751239,0.5861531926943225,0.6308879347893721,186.30152450210093,0.009870320980408225,0.003146260849238045
04228500,57.66596414380322,35.11255840294493,1.0,4336.890725440452,0.01329661450899174,0.008096251583414963
04229500,3.879402393405991,1.86606257964038,0.997946611909651,501.6344055194997,0.007733525353765213,0.00371996529565762
04230380,1.5774270223243838,0.8494973807164096,1.0,106.89335469363056,0.01475701671863029,0.0079471486618712
04230500,6.313161193163147,3.681155316437775,1.0,523.7939765598072,0.012052756380718527,0.00702786874453005
04231000,3.570088022521257,1.812261078861673,1.0,340.2765239370838,0.010491725909311793,0.00532584810110719
04231600,82.22102713841336,52.66883760441739,1.0,6373.127765742896,0.012901204896655498,0.008264205511071838
04232000,81.69340070870348,51.536174430128845,0.5850911579864352,6391.636975263493,0.012781295468573714,0.008063063442054184
04232034,1.1701025628414377,0.89197224975223,0.7379752348951527,99.8910431448922,0.011713788604091372,0.008929451747324554
04232050,0.8324575341830722,0.4672235593940252,1.0,77.30478853451473,0.010768511886057356,0.00604391484992448
0423205010,3.911202600950513,2.690075038935297,0.9791549996888806,379.03114907777496,0.010318947691942746,0.007097240017029074
04232100,1.240441306419073,0.8039442454607502,0.903366311990542,111.19032007688244,0.01115601884733645,0.007230343836629517
04232482,5.017833388641479,2.265326348577092,0.9862485221828138,531.665731791781,0.009437947734059789,0.004260809401694284
04233000,1.1895533367395306,0.6795979045731276,0.7441976230477257,91.75243947774732,0.012964814270993117,0.0074068646941856
04233286,1.348335935012313,0.7815375902590967,0.4802439176155809,68.24615904613937,0.019756949751571218,0.011451744701569512
04233300,1.7654586024725554,1.0392184624097411,0.6549063530583038,98.32535784841365,0.01795527258791501,0.010569180577119126
04234000,5.47238655578993,3.284723205436784,1.0,320.10632917193544,0.017095527507831946,0.01026135038920925
0423401815,2.9980104625583452,1.4974034708035842,0.39649057308194885,230.6750677325381,0.01299668183487633,0.006491397122032215
04235250,2.4127189312761215,1.413005354407733,0.9974488208574451,260.13433823865233,0.009274895992633798,0.005431829430805149
04235500,8.376358433024016,7.645476426447685,0.42386908095326986,531.5682068716524,0.015757824348299476,0.014382870020466992
04237500,99.2771551589003,72.2072773608948,0.7896210565615083,8096.314364676736,0.012262018331703473,0.008918536769758675
04237962,1.7793093134140598,1.2515928075888434,0.36357413975483793,100.4536522853076,0.017712738889378365,0.012459405697207307
04239000,3.808991431049989,2.5598187738921143,1.0,245.19330463365327,0.01553464698696017,0.010440002746880773
04240010,5.03295368131962,3.624522157723347,1.0,331.10751922111467,0.015200360575196113,0.010946662178646809
04240100,0.2701633678663442,0.1885884185190429,0.926140252628959,25.8068904720178,0.01046865247710801,0.007307676944788361
04240120,1.2092870313757367,0.7079144839303413,0.926140252628959,75.62759170351197,0.015990024330228413,0.009360531890340062
04240180,1.1848889177351678,0.4672235593940252,0.7669093398046171,116.72525258106556,0.010151093199924873,0.004002763318670387
04240200,2.5326526865630625,1.7616729237459126,0.6305145915002178,211.2080546427799,0.011991269418425283,0.008340936271230103
04240300,4.651448841082498,3.3979895228656383,0.9033040881090162,288.96547013792514,0.016096901954625688,0.011759154203593098
04240503,17.83394536424472,15.460852329038651,0.1502706738846369,748.3968021536017,0.02382953175765236,0.02065862959936252
04242500,14.367344653251982,10.193968568596912,1.0,481.15876325514415,0.029859883577831474,0.02118628890728808
04243500,5.151653730257387,3.143140308650715,1.0,299.9237531260844,0.017176544626966214,0.010479797868258122
04245000,3.550000002874196,2.1209117938553024,0.15325742019787195,221.63578562014916,0.016017269020619118,0.009569356265825368
04245200,1.3496221197244767,0.8211808013591959,0.4487586335635617,84.87661275733394,0.015900989399554706,0.009674994968366478
04246500,69.79933421092535,57.76582188871585,0.4260469168066704,3529.549668033889,0.019775705338014576,0.016366343392723498
04247000,85.71644775932091,81.55174854877531,0.6162030987493,3722.052192811097,0.023029351368279223,0.02191042584149874
04249000,204.0976439032538,171.59847090471473,1.0,13186.442324857386,0.015477839956764924,0.013013250024325315
04250200,22.82199088098642,14.866204162537166,0.7080455478812768,613.9463037089336,0.03717261712158808,0.024214176504896916
04250750,7.613793995854427,4.389069800368116,1.0,324.7854237889486,0.02344253601972608,0.013513752400477837
04252500,23.13752003567339,15.970550757468498,0.9988177462510112,783.0012582998992,0.02954978653024263,0.020396583770688627
04256000,6.056940309652449,3.8227382132238414,0.999066641777114,231.99142191171416,0.026108466682692504,0.016477929148081213
04257000,12.426944961994764,12.827410448817783,0.16993342044676746,441.1397349201391,0.028170087567025562,0.029077884927187457
04258000,19.228395325207792,17.641228939544103,1.0,753.3263355357508,0.0255246556746658,0.023417778069577257
04260500,131.8163233829832,96.2763698145264,1.0,4833.520559102491,0.027271286378361747,0.019918477357713654
04263000,52.85760986662321,36.81155316437775,1.0,2543.3953129900838,0.020782302144169002,0.014473390344146344
05535070,0.696299127386487,0.2916607673793006,1.0,51.58484366956166,0.013498133906284335,0.005654001187782973
