gauge_id,sgr_dk_sav,glc_pc_s06,glc_pc_s07,nli_ix_sav,glc_pc_s04,glc_pc_s05,glc_pc_s02,glc_pc_s03,glc_pc_s01,pet_mm_syr,glc_pc_s08,glc_pc_s09,swc_pc_s09,ele_mt_smx,tbi_cl_smj,swc_pc_s01,swc_pc_s02,swc_pc_s03,swc_pc_s04,swc_pc_s05,swc_pc_s06,swc_pc_s07,swc_pc_s08,crp_pc_sse,glc_pc_s22,glc_pc_s20,glc_pc_s21,wet_pc_sg1,wet_pc_sg2,pac_pc_sse,swc_pc_s10,swc_pc_s11,swc_pc_s12,clz_cl_smj,gwt_cm_sav,glc_pc_s17,glc_pc_s18,hft_ix_s93,glc_pc_s15,ire_pc_sse,glc_pc_s16,glc_pc_s13,prm_pc_sse,glc_pc_s14,glc_pc_s11,glc_pc_s12,glc_pc_s10,kar_pc_sse,slp_dg_sav,glc_pc_s19,tmp_dc_s07,tmp_dc_s08,tmp_dc_s05,tmp_dc_s06,tmp_dc_s09,for_pc_sse,aet_mm_s06,aet_mm_s05,aet_mm_s08,aet_mm_s07,aet_mm_s09,tmp_dc_s10,tmp_dc_s11,aet_mm_s02,aet_mm_s01,tmp_dc_s12,aet_mm_s04,aet_mm_s03,lit_cl_smj,tmp_dc_s03,tmp_dc_s04,tmp_dc_s01,tmp_dc_s02,cls_cl_smj,pre_mm_syr,pnv_pc_s01,pnv_pc_s04,pnv_pc_s05,pnv_pc_s02,rdd_mk_sav,ele_mt_smn,pnv_pc_s03,pnv_pc_s08,pnv_pc_s09,pnv_pc_s06,pnv_pc_s07,wet_cl_smj,snw_pc_syr,pnv_pc_s11,pnv_pc_s12,pnv_pc_s10,pnv_pc_s15,pnv_pc_s13,pnv_pc_s14,cmi_ix_syr,pet_mm_s11,pet_mm_s12,pet_mm_s10,tmp_dc_smn,wet_pc_s08,wet_pc_s09,slt_pc_sav,wet_pc_s02,wet_pc_s03,wet_pc_s01,hdi_ix_sav,wet_pc_s06,wet_pc_s07,wet_pc_s04,wet_pc_s05,fec_cl_smj,glc_cl_smj,swc_pc_syr,hft_ix_s09,soc_th_sav,gdp_ud_sav,gdp_ud_ssu,tmp_dc_smx,cly_pc_sav,pet_mm_s02,pet_mm_s03,pet_mm_s01,snw_pc_smx,ppd_pk_sav,pet_mm_s08,aet_mm_s11,pet_mm_s09,aet_mm_s10,pet_mm_s06,pet_mm_s07,aet_mm_s12,pet_mm_s04,pet_mm_s05,inu_pc_slt,ero_kh_sav,aet_mm_syr,cmi_ix_s10,cmi_ix_s11,cmi_ix_s12,ari_ix_sav,tmp_dc_syr,tec_cl_smj,fmh_cl_smj,inu_pc_smn,pnv_cl_smj,pre_mm_s08,pre_mm_s09,run_mm_syr,pre_mm_s06,pre_mm_s07,pre_mm_s04,pre_mm_s05,snd_pc_sav,pre_mm_s02,pre_mm_s03,ele_mt_sav,pre_mm_s01,urb_pc_sse,lka_pc_sse,pre_mm_s10,snw_pc_s01,snw_pc_s02,snw_pc_s03,snw_pc_s04,snw_pc_s05,snw_pc_s06,gla_pc_sse,snw_pc_s07,snw_pc_s08,snw_pc_s09,inu_pc_smx,pre_mm_s11,pre_mm_s12,cmi_ix_s07,cmi_ix_s08,cmi_ix_s05,cmi_ix_s06,cmi_ix_s09,snw_pc_s10,snw_pc_s11,snw_pc_s12,cmi_ix_s03,cmi_ix_s04,cmi_ix_s01,cmi_ix_s02,pst_pc_sse,dis_m3_pmn,dis_m3_pmx,dis_m3_pyr,lkv_mc_usu,rev_mc_usu,ria_ha_usu,riv_tc_usu,pop_ct_usu,dor_pc_pva,area,area_fraction_used_for_aggregation
eri00,3.95438527140408,0.2650915973460963,0.0,698.2282999772888,0.6338939987121067,0.0,2.495541778032289,0.0,0.0,906.5635190377016,0.0,0.005682984251059786,63.985014590967054,198.2694943301033,4,98.16992638813409,99.71116787478573,99.95603349585538,98.31536970671128,91.04443465808511,79.66726412604298,69.30505425279152,63.19800534663403,42.823649548153725,1.6997872746937117,88.4918523429473,0.0,87.90132792000213,0.028049251082887888,0.33669558652458864,68.99987847925863,79.52391859878125,91.75992531554454,10,9.460960852837871,0.0,0.0,31.239271376012255,0.0,0.33946570425947314,6.247227638546601,0.10468426188137539,0.0,0.0,0.00714397781095958,0.0,0.0,6.62728121952271,1.1152306980005078,0.0,217.87386442811584,209.83968711283137,137.88416444086565,191.73988580118413,173.12840867750424,3.3973017520668995,113.29790710178719,108.91347046240234,84.18836946962945,105.15097166719069,60.702101628718204,111.33378077638093,50.72800362334125,20.208022876541754,14.470815724673798,-11.63123122855024,77.18926823204022,43.9284054530872,11,15.053505495380211,77.54278757030188,-42.59184741643439,-35.74471845830588,62,934.0208764056949,0.0,34.18056495429015,48.859594167672206,0.0,619.1319454528381,171.6751768661252,0.0,16.842482462236372,0.0,0.0,0.0,1,12.594946536051184,0.0,0.0,0.12044579456949747,0.0,0.0,0.0,2.668335635880742,27.1540436354024,15.455964777836018,57.34456055091824,-42.59184741643439,0.0,0.0,39.14795149188197,0.0,0.011497777782104411,87.86178089113712,926.3971111804193,0.0,0.0,0.0,0.0,116,20,83.66307540767487,31.323797814863443,35.50155982855601,47662.016151972435,218958588.48364383,217.87386442811584,17.9488641629244,20.26852518248668,43.94300659250976,14.848723319828201,61.535802575025556,33.162223402487044,133.6277529030019,21.299683478713806,94.60143363793802,39.41273412270435,144.6393078280075,154.71614793737146,14.137897395626181,78.75822589386875,121.26628990411923,94.16214650813461,185.51714526817378,702.8408507144383,18.671704826306634,68.29656061226989,80.87246557823481,103.29105985042901,91.33957523813925,342,1,91.47626823846421,5,90.92593996151255,87.64828633213207,249.400317116314,89.98353953672846,82.84352883212773,81.87479671089027,78.61444951909719,42.90745114056436,52.374712267764835,71.00413397591788,177.3791416914285,57.784023437801686,2.1227652751371457,881.7717059253156,72.47635475157506,35.54462954156999,60.46982443462526,23.72684691623225,1.3914618922032516,0.7041586569806216,0.025444972949673024,0.0,0.05973473644318327,0.0325273163890786,0.12822657709323332,93.68430125534266,86.91630779420922,81.56757352472972,-46.41287393673025,-31.797730322282142,-35.14915208631844,-37.716756659076545,-7.152132080801376,2.199350514050589,5.832930927261429,20.72201588432903,37.887248844509465,3.6539897101385495,73.94500042345238,60.86096908009311,3.330987032112805,8807.264,11179.724,9779.031,20812209,20866,215192.25,5789166.5,26790.293,68,25665.027886602715,0.9983224567041006
eri01,17.622881915196697,0.2013621018429957,0.0,6137.706857584867,7.694297200789478,0.0,0.1633775824466685,0.0,0.0,946.6237869433595,0.0,0.0,56.232398428818136,260.1859738617071,4,88.144588260807,94.22977280655145,97.48995507629071,96.15815041780684,86.54790296368671,73.74034229833332,63.31697122079674,56.70870788685003,2.2170854649063747,64.16943258685002,4.601538867249287,0.0,5.1197676097463205,1.723095054533497,0.5269925410874967,59.38927877432988,66.62051906877768,78.2268507263995,10,32.714055082842194,0.0,0.0,350.851599064543,0.0,0.542226981973152,23.16670028719727,0.029557494302699563,0.0,0.0,0.0,0.0,0.0,52.8745026303694,5.274492725987967,0.0,225.34761465205094,215.18375994814556,147.0505891398109,200.29460796113656,174.31519447656294,7.840887848743804,111.90688465871133,110.36767690976487,78.80690696796702,101.21081286080152,54.80979548489769,109.99040179023808,44.96467088976848,18.259177701260747,11.965614543490759,-19.722696206066214,80.16095829991104,44.124639240832195,6,17.99344333138352,84.03272314235261,-48.302487069804286,-36.45533801980017,62,802.9357830565447,0.0,13.620612456304023,65.6963573058603,0.0,9600.736592387791,184.30181156201928,0.0,20.569720596049283,0.0,0.0,0.0,1,5.826522073428691,0.0,0.0,0.0,0.0,0.0,0.0,-15.045874309497007,26.653934977765065,14.779358331098997,57.96815022776133,-48.302487069804286,0.0,0.0,40.17706912331156,0.0,0.0,3.4220224706775415,943.2401123834363,0.0,0.0,0.0,0.0,116,22,76.48421008154976,352.61028146180826,23.714591650200443,45507.249782620755,7246803432.871782,225.34761465205094,18.80591839274797,19.887584631581735,45.21935055099822,13.964150867242886,34.756847986918096,1122.1506126554875,139.55728025336052,17.36737521099386,97.00864312471208,34.31051184981903,154.52777136318295,163.6172814504073,11.253616055510928,83.69731166623195,130.007597892009,37.49737051457787,632.3344480562245,674.2476127056939,-2.0177295714278665,59.546533254920625,77.36014291916027,84.95412569050299,92.9025795238504,342,1,16.908853987485116,5,81.50541676534404,73.5478592810198,199.12093201472612,87.42456418835677,77.44551230688093,77.08652285143789,70.42371806110077,41.026737761668215,43.05587317361685,61.28644974042611,216.45027346627998,44.03355804031917,82.77664571486909,14.873850911806915,56.493390814688304,33.39531400473814,14.43177383951097,3.747985955392289,0.37743801656881204,0.005083341303629406,0.0,0.0,0.0,0.0,0.050608058385347605,32.22554914816372,65.98485741099746,64.64174468392312,-52.81466031354926,-41.42024964843694,-45.721215822446084,-43.452785535665306,-24.40406730031227,1.6488842391361684,2.5421595350203683,12.993087006725483,26.075078417988326,-8.025821144222592,68.32619229246411,53.9984757117962,0.9600854334881718,8553.044,10043.161,9272.998,20811166,20437,174432.29299999998,3793083.562,19326.216,70,1697.051895725071,1.0
eri10,29.225390357002848,0.4302881634264181,0.0,4169.976458791362,1.8472254760555722,0.0,18.173707628621933,0.0,0.0,992.2359017421702,0.0,0.0,60.32394308741848,329.94977481249396,4,94.75332414977085,99.4137649560034,99.99999999999999,97.51693231064064,89.82148081144892,78.1671311600297,67.58254635040467,61.35475379528415,34.088910003488365,12.58855743375982,4.319717666423842,0.0,4.74621923297834,0.002611847005340781,0.312116908885612,63.0091190800316,71.26994039021656,84.11087070422145,10,68.32072061442906,0.0,0.0,268.13180757610553,0.0,0.6984847644477471,62.65192631617744,0.0,0.0,0.0,0.0,0.0,0.0,0.0,9.25951770355267,0.0,220.69216607686045,211.22694548997205,147.1018549677029,198.0770330482232,174.919447427492,20.476868674143198,120.44113290202102,117.67134340125371,87.56119829325549,110.42667436717187,62.37671775991321,113.28793673102,51.36940712936976,23.45203013715267,15.788568142040637,-9.936588176996986,85.56800221552692,49.71440103280235,3,25.925576372239316,87.2708155875189,-37.99797049549069,-25.74415330939705,62,928.5368644383069,0.0,0.0,59.82509206733436,0.0,2296.978337798542,222.08105908824652,0.0,40.17490793266562,0.0,0.0,0.0,13,11.521141021994298,0.0,0.0,0.0,0.0,0.0,0.0,-6.32251121035112,30.464207183325094,17.32820084407149,63.546125132404576,-37.99797049549069,0.0,0.0,43.56711041442713,0.0,0.0,4.743607385972999,924.9999999999998,0.0,0.0,0.0,0.0,116,16,80.61789380358476,277.80265593354517,24.660886528899155,47435.999999999985,1759038930.6274958,220.69216607686045,17.374216550821142,23.45203013715267,49.71440103280235,16.994078184842138,59.19440163290133,285.00862776953977,143.73740150459642,21.485586812026266,103.10200775918864,39.950951909050424,157.13763745527257,166.06581355705944,14.144261959306322,88.0832081657245,132.86068608395135,24.97033510318481,2133.544960413326,748.2186023045654,-2.4065665078876974,61.46557620221882,75.37546673638334,93.65406456048223,96.37742907652155,342,1,12.007339957797582,5,87.52520642970563,82.19892215879884,284.12570576765495,93.37099951159519,93.42887157243645,84.56664906815402,92.0749684809423,38.86993352169712,52.91748776154651,72.97080497847999,266.9930140114856,58.018567973712535,24.339185034388233,53.63213309224874,61.78952506203611,40.45041382049609,58.37332577713222,13.11362015626728,0.3160237978990569,0.062020974164419415,0.0260494913523699,0.0,0.030801787935175663,0.0,0.0,21.54654025931075,79.1127639834056,70.3176323776823,-43.70928498285613,-39.03251117073946,-30.76091373237481,-40.556921235619335,-20.37706140259399,1.2507016645144649,4.170351131317768,20.775542129699485,31.892170156950264,-3.962507811511299,70.89777676297531,55.7714993789762,1.7690509640538834,5.67,35.873,11.912,4,0,257.663,1222.659,215.188,0,2317.665318447426,0.9934698389578411
eri11,40.002895587021065,0.7310358456304732,0.0,4984.498982496706,3.765078087778479,0.0,40.20511546362751,0.0,0.0,974.8382802171641,0.0,0.0,63.15718337264667,387.14710380770583,4,98.26935084124104,100.0,100.0,97.76662095408199,90.60496291276901,79.75492167152524,69.92605861468458,63.70758529350031,11.147730059589488,21.96905827249282,0.7554893861668615,0.0,2.5133151280614094,0.2358119321876279,5.328753857423113,67.33293435712801,77.1063562796604,90.42403731923575,10,129.35974939563042,0.0,0.0,309.4086427342031,0.0,0.3672315627466978,32.366654172677606,0.0,0.0,0.0,0.0,0.0,0.0,0.0,16.82216672008838,0.0,217.14564303023926,208.32347643641995,144.18770036820288,193.9337929989187,171.63460355324696,44.68509810191222,119.95658115454407,116.9245575216625,89.09618129144062,111.93889885766184,64.04634949002048,110.17509682445314,49.525950921492814,23.26569666027845,16.260184209232953,-11.0472309990299,84.99767147558099,49.79368562399767,3,22.88127228030037,84.98868690510253,-40.29902894543067,-28.215979404108204,62,981.3525199937994,0.0,0.0,100.0,0.0,3590.599693795088,252.2861566262869,0.0,0.0,0.0,0.0,0.0,13,8.64588335111302,0.0,0.0,0.0,0.0,0.0,0.0,0.5795467982387503,30.011947259425224,17.365064733219093,62.141149743575205,-40.29902894543067,0.0,0.0,42.07718130606185,0.0,0.0,2.262382731945115,925.0000000000002,0.0,0.0,0.0,0.0,116,2,83.25680618932363,319.8249944754204,26.557301171891545,47436.0,3044079335.421383,217.14564303023926,17.08279278085895,23.26569666027845,49.79368562399767,16.768875242037904,52.81248895966277,468.3814592234298,140.9158212167252,22.85081100248559,100.84241015450145,41.850540694925954,153.1050220287921,162.75495113856613,15.335395604204203,87.28974172441205,130.73820837121085,38.99521993326475,1492.0779270063074,756.3240651237325,12.846068038710978,64.72471824778297,77.78101745145169,100.74369748788946,93.54327605378991,342,1,15.711438859579959,5,88.61009965387812,88.96265956021416,369.0242807885207,96.25998170674895,97.4359783641921,85.75766027058279,94.45870728094894,40.758664817421746,55.94629012372168,78.49738020555394,321.3698952092414,60.62192078931198,38.86205259919456,23.06065843906353,71.77984635683536,26.633894930100475,51.125506375034114,7.5918450966861855,0.3796332574640122,0.17701760112552004,0.0,0.0,0.0,0.0,0.0,33.04621476745788,85.33995808447634,78.3279573297916,-40.21456147383519,-37.04479028835671,-27.843884355260194,-37.2936400688839,-11.67999563358521,1.778892294126957,3.4678750753897054,12.148119508587762,36.49066514759376,-1.77897008030221,72.41435812696916,58.41175783517743,1.880079146202713,12.862,87.111,28.439999999999998,151,73,562.3230000000001,3926.967,998.402,85,2091.4293148265006,0.9947473648468462
eri12,52.66092362486271,0.16050162717934202,0.0,4765.8906239175785,3.9205451210859406,0.0,53.77398647140265,0.0,0.0,950.3118499079296,0.0,0.0,64.58649521151554,375.8689580257459,4,99.70343898499983,100.0,100.0,97.75830765589491,90.91875608863769,80.53503234221675,70.74242677186183,64.37241356658525,4.876599090734181,19.97354354575724,11.095646066094917,0.0,17.73140017401108,0.0,0.68675857037907,69.86605368774971,80.61662450207884,93.59796868498601,10,134.8562615613138,0.0,0.0,273.1729787030211,0.0,0.5202621257808584,11.105616725779734,0.0,0.0,0.0,0.0,0.0,0.0,0.0,15.30520307856305,0.0,216.6654561140078,208.53198401841848,142.28363173925862,192.57753865293907,172.91751525874153,57.69693205027955,118.2280747926301,114.16463046513668,88.47001895675132,110.39978956217277,64.36955139054864,111.50400581343655,51.48031436066455,22.4020653324419,16.07753493835868,-9.625117045380847,82.20656748840001,48.133331446219685,3,20.53050354605201,82.24144311054116,-41.23108837227258,-31.164915341565976,62,990.3482641762666,0.0,0.0,81.15966853705036,0.0,3224.614328541032,206.8141976346754,0.0,18.84033146294964,0.0,0.0,0.0,13,6.14466983993267,0.0,0.0,0.0,0.0,0.0,0.0,4.015829234166646,29.399135767131906,16.99043822818754,60.688501524283225,-41.23108837227258,0.0,0.0,42.07222990449947,0.0,0.0,17.73140017401108,925.0000000000001,0.0,0.0,0.0,0.0,116,2,84.5611547198593,277.3598215553925,26.190939035346823,47436.0,3554497085.1168785,216.6654561140078,17.136481843620867,22.4020653324419,48.133331446219685,16.259567086943132,34.10250283009938,436.83015231579327,137.7317249065298,23.25974807518686,98.9607091024472,42.37506569706744,149.28130243114722,159.19075997840457,15.792093396502427,84.21610047006081,126.92774537057169,27.800481940850045,652.6143107447332,746.2821849499585,20.461953394900554,67.66094323519104,79.58132997598487,104.3141865347659,93.0315311227129,342,1,23.119503759597407,5,90.96515246098072,91.71191880815752,331.2996459781404,96.82585824750925,92.70011264481968,84.64425323345479,91.0658336135635,40.82810468141102,54.76675616944144,76.53336856279944,283.4329269077639,60.45204120934293,27.68926604662354,171.81286255254392,76.58052837801469,17.907016004569595,30.99211987385942,6.701022197963494,0.6736357042671788,0.6037945625639477,0.0,0.0,0.0,0.0,0.0,26.503114880553813,90.40968713887254,83.45332017669034,-41.750282103167656,-34.00197489204795,-28.183543712301145,-35.22808865205941,-7.248790294289674,2.1413935904600403,3.456447229668166,8.177975018524988,36.88882449040404,0.2090464726117212,73.20487950603346,59.19903352506689,0.9101151973227863,3.338,22.734,7.252,4,0,122.67500000000001,539.067,114.24499999999999,0,971.9804102975351,1.0
eri13,40.39102635314378,0.4729587896110249,0.0,1857.7785319252912,0.5883773104591337,0.0,74.29371655854203,0.0,0.0,959.8894320278473,0.0,0.0,65.93816055600834,379.27827241138374,4,99.69654146340666,99.99881480444746,100.0,97.9405310150598,91.23168584453161,80.85068863374632,71.69104268193675,65.54551389137339,21.882147087093607,0.8624710327271004,0.42143222010588316,0.0,0.8447330005457966,0.0,0.3530991510180988,71.80308361015754,83.49639925736584,95.25300931831866,10,71.83274842220162,0.0,0.0,153.8207117249512,0.0,0.8061454814690552,23.359829169875646,0.0,0.0,0.003506072118566091,0.0,0.0,0.0,0.02251871549812408,11.933055693873316,0.0,211.38702342383533,203.3328896424323,137.80657466949629,187.61818308919558,168.20612913895735,75.27972977800255,120.21144043631747,115.51360590926853,90.98421367864925,113.55182600140458,66.14929926570979,107.7474363380687,49.37287117787409,22.659410592982244,16.19177957949029,-13.836582040967189,82.83577708627357,48.65198285137507,3,18.31479138090508,79.2961160447138,-45.34545437555345,-35.34542473410438,62,1018.501815137839,0.0,0.1429821471758143,99.80309514257377,0.0,649.6894196866583,236.74432578675754,0.0,0.053922710250425825,0.0,0.0,0.0,13,10.570448696413745,0.0,0.0,0.0,0.0,0.0,0.0,5.507595616109959,29.73120188232246,16.79189117569756,61.133398412159046,-45.34545437555345,0.0,0.0,43.197806089997854,0.0,0.0,0.8447330005457966,925.0347016304572,0.0,0.0,0.0,0.0,116,2,85.35423696228469,172.80599140783121,28.992587727386095,47443.998725820384,437319746.7378214,211.38702342383533,17.0905161223969,22.659410592982244,48.65198285137507,16.192964775042828,62.75202605365594,68.51888800170612,139.43251991990084,24.463821223950607,99.72786818869163,43.88089858954917,151.16206147459084,161.41144070672289,16.00445621864862,84.90170407350051,128.49745719325355,34.51254347614301,1196.4341014809902,760.8795447344041,25.78643786301652,68.37869001688443,79.81529394384559,106.25056155730226,89.09967014448785,342,1,9.889450303066026,5,93.95109805106904,96.33485554974501,396.21243502494247,101.73693501153477,97.5209229389372,85.93620998040115,91.99814884440673,39.73656665075276,54.61020837866973,76.07968010014687,293.2997859988613,59.60937448558615,4.015778730631759,7.727578694527314,82.55318469128346,33.870851885722026,62.346349109858714,9.206221315466808,0.74576133111325,0.35603874335373137,0.0,0.0,0.0,0.0,0.11389167404681945,25.326188823017954,93.87223713432925,84.08400336369765,-39.51650877555693,-32.58315582197169,-28.357640142729952,-32.645627734074225,-3.1914884432718162,1.9528551652402768,2.9097393389473436,14.206180570083108,35.78521891824102,1.4377841362644346,72.85250644321167,58.770148908506904,3.2110665828857248,10.412,75.368,23.448,12,0,513.249,3879.002,135.076,0,1840.7673292961795,1.0
eri14,25.96675760091295,2.685687049036274,0.0,2333.5863904604057,3.4984268328376182,0.0,66.53465508471851,0.0,0.0,937.2550850305867,0.0,0.0,67.60613132594798,313.8600958242097,4,100.00000000000004,100.00000000000004,100.00000000000004,98.19581401670214,91.4531568468909,81.22711179507868,71.9360764320648,66.3229667794756,23.087104121311853,2.127032778692539,11.896113048376932,0.0,16.203779067566916,0.0,0.1919941366867133,73.62719105764894,86.15764446463778,96.87463180912164,10,46.88875617395191,0.0,0.0,166.1592060978903,0.0,1.6676929499593267,13.030698897313746,0.0,0.0,0.0028200138122969065,0.0,0.0,0.0,0.0,9.618562683516915,0.0,211.8346362978626,204.22153454131205,136.29380587791732,187.40749285204834,168.56246758628873,72.80259924172474,118.94731723205216,113.08939383001001,90.72671598816707,112.5868753760763,66.4970408188213,108.30919401391336,51.29088830461298,21.712965935288434,15.814259804936958,-12.142269703135888,79.95335666668072,46.98676447727027,3,16.425704568785502,77.0923768923199,-45.15754690591492,-37.68759458278154,62,1018.0913028606377,0.0,8.6397212387661,91.36027876123393,0.0,1079.4853611293902,210.33309165735318,0.0,0.0,0.0,0.0,0.0,13,11.581135045156,0.0,0.0,0.0,0.0,0.0,0.0,7.659457801433126,28.967228985241384,16.261807706265326,59.71695199123185,-45.15754690591492,0.0,0.0,42.06342764803348,0.13685931172377316,0.0,16.06691975584314,925.570691403419,0.0,0.0,0.0,0.0,116,2,86.20982868602361,174.63941891329029,28.570206297871454,47583.05896222516,500622656.5119365,211.8346362978626,16.790682165873307,21.712965935288434,46.98676447727027,15.814259804936958,62.291721805654205,95.73157341603695,136.88337159461025,24.56831539109848,97.88972765221756,44.14069620579798,148.1045748603813,158.4319393597391,16.148782915051804,81.72100954416382,124.93644853829383,48.5173806353476,1035.3926712093737,750.9901350618022,29.938277473902076,70.30631641802314,80.75981305635415,108.70233500843274,88.85360832910719,334,1,18.58178875262569,5,97.8376563250984,97.9255614477441,365.8037629874272,101.1615523534678,95.67436273242126,84.4573438424149,88.70984489493345,40.905814912351296,53.580253312003066,73.11180654761328,247.45543325203573,57.48419198327452,6.457274529126403,156.36236927752867,85.39806150684439,33.38322523518885,61.48842679473878,11.326976744367034,1.164393365755909,0.9822364370374028,0.0,0.0,0.0,0.0,0.003097231086891463,36.57269670710872,97.54605863918302,85.24237672713295,-39.6976389447823,-28.431723194559915,-29.25646585717172,-31.585780195699893,0.23542643939002741,3.267183778452135,4.157654650538781,22.67772918973685,35.35758989435102,3.2401887403304808,72.48008237630964,59.45407477186406,2.8551103190694898,2.227,15.198,5.098,0,0,87.805,386.834,29.047,0,683.9238336986119,1.0
eri15,59.79852019092653,2.235395183179326,0.0,2140.352596656732,1.7185393234463961,0.0,67.74705495735624,0.0,0.0,904.4200471881744,0.0,0.0,71.22203999173276,460.07953576470754,4,100.0,100.0,100.0,98.93662473220778,92.80302236030427,82.90900103303032,73.98979103604171,68.60186562520127,17.840419887403716,3.46691833268401,18.57194774641489,0.0,20.417898120408207,0.7819782445065108,0.3964684858659724,79.16284863824795,91.2676904355194,99.23870902998772,10,110.5469589247047,0.0,0.0,147.6685956303045,0.0,0.3270964345810898,6.387496625226173,0.0,0.0,0.0,0.0,0.0,0.0,0.0,16.37010915641327,0.0,209.7989861391698,201.9312257804485,132.6340922330606,184.91978227651887,164.72539102337214,71.62265961379039,118.60575515541176,112.11351835534616,90.67447279728033,111.78452895534934,66.94868817138637,104.9398245762581,47.90416271197461,20.34480256748149,14.851403275051904,-13.41543428076181,78.09130266618007,44.42553242670511,3,10.965959631201475,72.28764153295391,-45.94536474245091,-40.4772385474407,55,1069.7214651343365,0.0,0.0,91.54263121820928,0.0,1126.0631641319687,202.940765182475,0.0,8.457368781790727,0.0,0.0,0.0,1,14.213101367387257,0.0,0.0,0.0,0.0,0.0,0.0,15.270888745881669,27.16982137890674,15.544481803654788,56.95670326037479,-45.94536474245091,0.0,0.0,42.317628000121665,0.09058493313466792,0.0,19.545334942767028,940.1758946041008,0.0,0.0,0.0,0.0,116,2,88.22559430382292,160.0299027550067,32.779381232129296,56103.14764898388,848349491.0585324,209.7989861391698,17.54950941407325,20.34480256748149,44.42553242670511,14.851403275051904,80.68604878551393,104.340886434032,132.14116747736625,24.86146615843969,93.39446225339633,45.09497067207919,144.81919914972622,153.78531413064434,15.544481803654788,79.06395908893946,122.14261058385384,44.790812049208604,793.5374600015889,743.1414558122905,38.4601886235318,73.58990234190718,82.74677571520351,118.41244243999537,85.82747698886038,342,1,31.411386296692534,5,102.3960237443923,105.69913249513213,392.56494756632674,102.8492450398485,94.32829327250006,87.49755900090237,88.00164511423125,40.03508714861854,59.70339852767223,76.55089494837236,291.36899642211125,65.61682950607886,5.828462770829345,209.24348612570878,92.79299631079992,28.664831035147866,80.16770499644484,23.63803710956719,1.8583824053801599,0.3602761932660627,0.0,0.0,0.0,0.0,0.09057620845083333,41.412727670913974,103.83392891609135,90.36974081985522,-38.6880622929239,-22.41544370306607,-27.9797815090392,-29.0441757187163,11.239703386009817,3.0013883060470894,6.0721125148518516,25.519645322885268,41.702486200648956,9.402004032513487,77.10941863744148,65.58936560209938,4.88837435261358,1.729,11.54,3.878,0,0,54.665,207.448,13.807,0,2284.669494708017,0.9904934813395795
eri16,88.6699091286779,0.4877967190583771,0.0,1514.603768151858,0.0,0.0,93.11365143853119,0.0,0.0,913.9655547928663,0.0,0.0,70.61962645929296,618.4381950545433,4,100.0,100.0,100.0,98.7921878646777,92.23536070071731,82.41697200528826,73.24268186921317,67.52203329274752,18.552194537348825,0.43472843568034303,0.35386705620822834,0.0,0.6490608847713037,0.31227295505047814,0.33172375483525435,79.12954652922663,91.32953025499661,99.48909874291199,7,271.29871242275595,0.0,0.0,111.09931054671908,0.0,0.1296740157176692,5.485173401107293,0.0,0.0,0.0,0.0,0.0,0.0,0.0,37.290433275698234,0.0,193.7929070294825,184.56744211761,120.82219582171165,170.29043688282715,147.7347865380153,93.72623110700415,121.72930104205173,115.48454847456061,91.1371678700902,114.00856373620286,66.2613988356865,90.00299463403964,33.03498139167635,19.158729915818533,13.846212367963084,-30.83734069316515,78.13948090808539,43.38932610745551,3,-3.722725036358445,60.49742927962489,-61.259984738458165,-55.153090721360385,48,1087.9464615183153,0.0,0.0,100.0,0.0,235.73872082716886,336.16296599410555,0.0,0.0,0.0,0.0,0.0,13,18.515429832657592,0.0,0.0,0.0,0.0,0.0,0.0,15.856988086615289,25.866427796715776,14.27582636300494,56.02173086989144,-61.259984738458165,0.0,0.0,41.86376579083776,0.0,0.0,0.3367879297208256,951.8765480960612,0.0,0.0,0.0,0.0,116,2,87.95980901924278,127.66455589670316,48.86026189251892,63746.802136132705,253217522.7337688,193.7929070294825,17.923371093427356,19.158729915818533,43.38932610745551,13.846212367963084,93.62941714539357,28.380480158297992,134.63429161640983,23.775002324410032,93.08266962984696,44.46396978128467,149.1044175894583,158.5394435527386,14.27582636300494,79.29189224708963,126.67590840374555,6.858167629403779,947.1545823464734,745.2554074826567,38.61629742125943,74.87130830873379,84.88153124074738,119.05510687449383,70.79003114058533,328,1,2.753196091377666,5,101.8557074385597,109.21004145024719,504.4733020805408,108.86213567116603,93.94806514336274,86.66708134360464,89.62368901250099,40.367138909160964,62.042292505468446,73.72198861877004,463.8219309469415,71.29498390603896,0.0,5.693631629814182,91.42889160718188,45.74150714792975,92.92925612888072,32.17774274147798,1.3539176417742314,0.1280713437835547,0.1218585673513557,0.0,0.0,0.014530663652492037,0.04299129065154011,5.3530072239007795,103.28458329213119,96.12085504584277,-40.77643126607892,-24.26453891059851,-29.093060545276675,-26.907499811689355,14.750239420176667,3.265029751004832,6.582784641071128,37.71506790778249,40.68156546014706,8.090375643662792,80.844849498198,69.2049105148548,3.731543421484836,5.906000000000001,94.218,22.209,5,0,425.937,3079.644,39.162,0,1440.6163961945354,1.0
eri17,64.26624648120858,1.2244394337625968,0.0,3077.707876780688,1.3571457738006036,0.0,65.81956066094794,0.0,0.0,901.9859562714755,0.0,0.0,67.96662066443083,474.43991329672656,4,100.0,100.0,100.0,98.64011191482427,91.8450172407466,81.03058322935877,70.96820715542049,65.1134897337339,17.148222198812267,6.996838843555764,5.399230983328799,0.0,6.241432662130964,0.0,1.2441370649627512,75.40833830394811,88.10456752780186,98.1546388684706,7,177.29103901551886,0.0,0.0,199.95372253022038,0.0,0.6013199340753713,19.079848026135714,0.0,0.0,0.0,0.0,0.0,0.0,3.698152662920523,20.2376658207894,0.0,202.2452337037013,193.1080341955392,125.55158765119785,177.07406655840578,155.36341706697195,68.54675396519579,116.91403228125796,112.53166639183786,86.61222980600094,108.06648091246564,63.10447452159171,97.38862899315102,38.94343371796043,19.309945581831194,14.106701916205717,-23.857803180739843,77.52261604372141,42.89617762862328,3,0.8223146275734327,65.5768648822257,-53.69030101389912,-48.4280253307608,48,1043.9390037427954,0.0,6.52831431455378,93.47168568544622,0.0,1639.2311425152473,220.68261865853253,0.0,0.0,0.0,0.0,0.0,13,16.647891894919717,0.0,0.0,0.0,0.0,0.0,0.0,13.451067045436536,25.955084406470583,14.507820577110875,55.68237028074159,-53.69030101389912,0.0,0.0,39.96138089544367,0.0,0.0,6.241432662130964,950.1167633313545,0.0,0.0,0.0,0.0,116,2,86.48840705372066,220.90270000621112,41.83481640645624,63557.060372917156,1551130458.8919194,202.2452337037013,17.168838434066615,19.309945581831194,42.89617762862328,14.106701916205717,89.66326047493858,210.67604378765319,133.17150731966777,22.44228090270864,92.29304891134134,41.990499463318585,146.37620250431235,155.57829940491501,14.504876862319017,78.74523707238204,123.8122613773354,16.26728012437071,621.2228028298923,720.0167829047252,34.38486536165331,74.16309853479183,84.37040716262162,115.79838589304569,77.52275289570191,328,1,13.355963239343204,5,98.44496332870978,102.02828841247295,435.8336278468936,97.31978982529266,84.28749824191199,84.77229670354319,84.79271063040471,43.02885853554872,63.630060912629986,72.44163294502334,325.00555177094554,76.60671456601602,13.95741716707781,67.52152980927517,85.29788888213969,38.29422103440665,89.36717772345501,26.858078090405993,1.6177855712170515,0.04231451453825868,0.0008210122084531165,0.0,0.0,0.0,0.2828275983882269,15.526428358655116,99.68399437702111,94.490804207494,-45.88564329127405,-25.98195299524785,-31.644174823303903,-33.48237480355405,9.415474868388419,2.6561737894458806,6.510461787330987,33.74487884903748,40.83186320343892,6.82598951395079,81.7949423963387,69.73514586283086,3.678568035458219,8813.178,11251.068000000001,9797.168000000001,20812212,20866,215910.31999999998,5818414.53,27215.718,68,1891.8817877971526,1.0
eri18,3.771525157735327,0.0,0.0,2167.4519112437006,0.47173927834385204,0.0,6.097957458079936,0.0,0.0,868.8895065008378,0.0,0.0,65.99951024749328,227.18315433438363,4,99.99999999999999,99.99999999999999,99.99999999999999,97.99999999999997,91.09021192623624,79.99983674916443,68.99967349832886,62.99967349832885,34.74745124258558,3.849696232870822,76.02923503642144,0.0,73.83804072716646,0.0,0.03724183877246397,72.27091137514128,84.48799684409143,96.0369153371013,10,16.771462794583577,0.0,0.0,86.13453887248879,0.0,0.0003265016711459546,13.551371994283945,0.0,0.0,0.0,0.0,0.0,0.0,5.214840174270067,2.269848346375886,0.0,210.53063564384595,204.07890113351357,126.1306845059259,182.05636407921656,164.7081043518338,6.569696736423788,109.65276522892006,104.51246557865719,81.52556518453501,100.56280702330747,59.48816009492698,106.58065058682512,46.88794798201146,19.037078587936893,13.999836749164427,-14.968267906184794,74.43814515194782,41.39811141952634,11,5.323464491145826,69.05620082838097,-45.559812314273344,-41.16485885461673,55,968.9366608783599,0.0,28.074510143771786,71.92548985622821,0.0,684.5499668804075,169.42660809507785,0.0,0.0,0.0,0.0,0.0,1,16.861114076572218,0.0,0.0,0.0,0.0,0.0,0.0,10.397948168690755,25.732246584728426,14.999836749164427,54.76932517266531,-45.559812314273344,0.0,0.0,40.50795616081352,0.0,0.0,73.83804072716646,928.272865369597,0.0,0.0,0.0,0.0,116,20,85.03707858793689,88.47630727583754,38.34122003914261,49526.76378409386,746155741.418472,210.53063564384595,17.99660600824722,19.037078587936893,41.39811141952634,13.999836749164427,82.74194713502882,90.74821607833125,128.65292847975562,21.451244757825666,89.986573892451,39.48832334576256,139.65673944296765,148.74711462003944,14.732083333892854,76.3479332257116,115.87382491191775,93.22435829032345,132.27687816337095,679.7880821890911,31.036425584594603,72.48848659659812,83.90978807376378,111.61503363764089,84.65759965634793,342,1,90.101962496391,5,94.1677630938628,93.65543343628306,291.7068091290634,84.96059194116268,73.33213219597279,77.32848448359637,75.54970741742964,41.49543783093927,61.889462690820984,72.21708546895012,178.06842248869333,70.91692613442089,8.271023729638928,734.8646593608087,79.43453700412094,48.15805430371202,82.63022161871143,40.919490576776134,2.966632885387631,1.1633233237070457,0.0,0.0,0.0,0.0,0.460845457080421,92.80970236792797,93.87284540690433,92.08341055135723,-50.51183990507302,-26.962921412063107,-34.78291453104988,-38.963574415405404,3.434537004120926,1.3878181523797388,4.454892470202094,19.433192492183103,42.816508657445915,1.7462287181736595,79.98690039412216,68.94982180618527,3.0155649978557264,0.64,5.855,1.7,0,0,28.889,83.96,14.313,0,120.16595180863547,1.0
eri19,23.586635598019203,0.3593648406651605,0.0,2546.0429775992898,0.0,0.0,3.118284317864953,0.0,0.0,844.1371734361577,0.0,0.0,64.70687562708817,396.21931245370064,4,99.99684072735103,100.0,100.0,98.79261959329179,91.6706002255944,79.2253003309733,68.04968300295761,62.66858502361428,53.13780397743813,3.1043117929130357,1.1990183411562105,0.0,1.4399746027583045,0.0,0.029743779578631873,71.33574510364643,82.91937149461603,95.09129353353144,7,72.8906287529191,0.0,0.0,193.98424835705794,0.0,2.312739713418948,92.2448352813314,0.0,0.0,0.0,0.0,0.0,0.0,98.00790307188083,9.772518040889622,0.0,195.50034749385827,185.5749983989395,117.68047464398963,169.24532694666962,145.0145243112569,3.4591069050902816,110.30471483948631,105.83087883299874,81.39790904965047,102.89910563851534,56.357387910763656,87.89828159154543,24.544523081703314,15.316349640688316,10.89417022180119,-41.657040198128314,70.04971796666148,34.127456829709324,5,-19.405063104971703,55.622335281940074,-69.62808086632066,-63.2595635752839,48,933.7856190313768,0.0,16.670923684867866,75.7502785920286,0.0,463.61785039140557,303.8591259117503,0.0,7.603859395529623,0.0,0.0,0.0,13,24.171747451215655,0.0,0.0,0.0,0.0,0.0,0.0,9.428846353975528,21.652440346109948,11.658626903114786,50.104152201347205,-69.62808086632066,0.0,0.0,45.220717595748994,0.0,0.0,1.4399746027583045,925.9999999999999,0.0,0.0,0.0,0.0,116,16,84.62744685427225,209.53775342651056,25.991208684180805,44559.0,1016219385.6345646,195.50034749385827,19.517301281095918,15.316349640688316,34.127456829709324,10.89417022180119,92.04705261021785,139.32542011069745,129.96179432048802,17.61147234723437,86.59513211012943,35.60479022127258,141.93821689822798,153.8849711712042,11.062732900929658,71.05718897422487,117.03750376226394,34.81704627781264,1488.0828084467164,651.4100383804159,32.73780422350964,74.32271710826012,86.11502626661546,110.70042895634587,65.56359034991814,334,1,14.794015970151568,5,91.84397580832473,88.70030116425495,216.21319155108134,79.33625063229172,81.28311366514014,76.047970130229,73.79145210694846,35.37855525541316,60.187594582513995,72.02053567817758,346.0546736116739,66.73303087805539,6.680154860469378,11.673865006885487,74.83916851724419,76.47476870982531,92.02028797850426,50.98325051740877,2.615091805886396,0.0016292721472446656,0.042827299021204225,0.0,0.029052443446971138,0.01567503721076321,0.07984117978739552,25.255648295353346,84.44119647074906,84.30374749168499,-47.191832514585705,-29.20784868258134,-36.86549315865526,-44.06461071358728,2.2623533798875197,1.5518654602763338,5.5109101451840115,60.120392289193525,52.621930199806215,6.656139800216168,83.44222919736332,74.4222844623869,5.260553121515386,12.111,194.259,44.637,174,117,1929.993,20059.107,913.332,83,6761.213223912385,0.9961283282494126
eri02,19.011566362315325,9.455850034162133,0.0,4121.304952179611,12.236140997612607,0.0,6.753785065705902,0.0,0.0,942.5126908606057,0.0,0.0,56.93183500912215,320.58735986536266,4,88.51618732763016,94.28834919877485,97.66575730691933,96.43550598850761,86.98028547531736,74.26945592490156,63.223445414060386,56.524205954727734,15.77275907254635,6.417201794676373,1.7045173162641136,0.0,22.078570074809807,20.098567105557166,4.095411257533845,60.42575267567117,67.71170515514845,79.03815438222993,8,67.435164553427,0.0,0.0,243.6619100021606,0.0,1.1415912849002072,63.17200847655943,0.0,0.0,0.0,0.0,0.0,0.0,8.180325088326299,11.44381255623818,0.0,218.48365202729312,206.8408573187701,142.8112307275383,194.93392664202625,166.7846755294069,28.687376522875294,112.27385343247215,111.13895189599454,78.329062475603,100.90966101894276,55.05623089770002,103.26547622261567,38.90290620940542,17.859667292517052,11.512223141023394,-26.852173942249593,80.13349521404382,43.85667160838702,5,12.807457008112541,79.88703073005027,-54.78644613870696,-42.990352451819284,57,801.3943239853264,0.0,22.035091429938205,3.554352016453561,0.0,2332.8667496238663,248.47254654435645,0.0,74.37117827411207,0.0,0.0,0.0,11,11.617933850261362,0.0,0.0,0.0,0.0,0.0,0.0,-14.967565032893418,26.248232356499816,14.26355440641802,57.72880510549284,-54.78644613870696,0.0,0.0,44.11208947717341,0.0,0.0,2.0314659636685386,943.9937689978304,0.0,0.0,0.0,0.0,116,16,76.8733666052116,260.74684955279184,26.136359445577526,45536.191712136795,1802392650.137322,218.48365202729312,18.825457828757532,19.35039985715987,45.16399791378846,13.512223141023394,59.66215448461733,266.9126133555417,138.8283645954523,17.352069664075593,96.43128682378241,34.68127984969532,154.26182279205227,163.09623760245756,11.179214458771979,83.42517752876095,129.86093242398434,28.283309967760545,1509.6080644999015,674.30712304087,-0.4311639320382156,60.51879746132922,76.72703530806398,84.97262308295574,86.73104261149473,342,1,15.22725177314806,8,82.32951570512708,78.03202367645578,217.7529585309312,87.01775549031846,74.69694094504814,77.72149886744812,71.69101194201525,37.16148263712792,41.597038614412526,60.583412092103295,276.65313864940345,42.28784643382814,22.7543081545843,35.41604552458023,57.52331591514174,52.725806590759646,52.05606263557381,10.438804625555678,0.3158174243137336,0.01295322069750066,0.11380489798783075,0.0,0.0,0.0,0.06625390308502345,22.565842464155423,66.47477318312626,61.29463982893148,-54.23390234022681,-40.56917178354845,-44.72289521430392,-43.71158358716947,-19.118261135068714,3.1846230846757413,2.3193537377157085,18.802757227629893,25.47130684242004,-6.9774030513541705,67.88215656729356,53.44593189469618,6.390842780235351,8.999,29.28,14.863,243,68,351.136,2106.501,495.168,145,2354.3099222351093,0.9925201163546951
eri20,20.44039879141122,0.39389814735310985,0.0,1682.0332577562099,0.0,0.0,0.2879887276252923,0.0,0.0,869.4139669208339,0.0,0.0,63.922175082730526,261.61205594969874,4,99.99999999999999,99.99999999999999,99.99999999999999,99.19129618642776,92.39463366999388,79.72689727701511,68.47420486925434,62.20649499330638,65.24561411244602,1.2466146631962516,16.64411922110174,0.0,15.65268104871725,0.0,0.4842712756295265,69.98688331757104,81.60392352891321,94.42561232072471,7,50.11903167468031,0.0,0.0,146.55876593076857,0.0,9.059868201883502,80.46473817380864,0.7411925561501305,0.0,0.0,0.0,0.0,0.0,69.78999361019952,6.359458392033118,0.0,205.08043677631224,196.1159515662099,126.2488433967127,178.22954090572958,157.34095153848023,0.7101986095133529,111.51356013507699,107.94232906431935,81.63324457941138,103.06725078755008,57.38737634191667,97.74057007711205,38.531679307097235,17.58991180881439,12.808640672756832,-26.162010497293362,73.82567751834213,38.661858122416525,6,-1.269539583808745,65.33981837840123,-55.74783919515,-49.933003177671935,48,947.7832026119517,0.0,17.327238681329437,25.975092265165706,0.0,389.04744729452074,193.8104352397368,0.0,56.66449927717229,0.0,0.0,0.0,13,19.37526196017219,0.0,0.0,0.0,0.0,0.0,0.0,8.179672350634304,24.32824501010153,13.623084832300213,52.90808039353938,-55.74783919515,0.0,0.0,45.35854743168275,0.0,0.0,15.65268104871725,925.9999999999999,0.0,0.0,0.0,0.0,116,16,84.4478271336049,155.19866397391436,26.561487524515314,44569.38040112689,284183220.6529254,205.08043677631224,21.326745019238643,17.58991180881439,38.661858122416525,12.808640672756832,81.14026202981333,45.02579642115925,131.01191979418,19.39204779501852,89.29708718356099,36.93749726680772,141.9818734364842,153.72633687690163,12.857205717710947,74.61636031387708,118.60850484096208,34.6014657821603,2028.43144720749,673.7391370376257,29.746615888041223,72.158835008738,84.4596899428004,108.94029962903961,77.77739292967344,342,1,20.7248470841084,8,90.93280582632806,87.23072488797717,228.80477989835856,83.06774220584776,76.53184080248478,85.45594012484884,73.54037703674629,33.531572286622556,58.24113222155975,77.15067102690656,224.91816797315377,64.82044451874899,1.7332701046833774,153.0853210254616,75.34887656503741,65.56602168110868,81.10458510325408,36.935740805324095,0.9029042553251584,0.0069140800425410015,0.0,0.0,0.0,0.0,0.2738383938074324,29.97962670932415,87.47147863484528,88.0006843296468,-50.10269665617103,-30.608494070903863,-38.005802482105274,-41.32802766825054,-2.3262684004933303,1.2300127232308908,3.2223396765509844,43.04744406563504,49.72708725193273,12.543440002740647,80.18737331826495,69.62788362526892,3.386873233726905,2.3459999999999996,22.41,6.702,0,0,157.86,668.635,38.431999999999995,0,4058.184358468085,0.9974837092420202
eri21,11.589019846807709,0.06343223593655638,0.0,2055.6777607900744,2.073403137519814,0.0,0.0,0.0,0.0,900.7274210169271,0.0,0.08445992835308362,61.2759324302131,215.4654829544341,4,96.81152181852521,99.737844214995,99.99178191222963,98.21076625202242,90.3820672134158,78.06889414304966,67.64846030744239,61.689078091952275,66.12954549038467,5.158218617886495,31.000329024214306,0.0,30.459650857171116,0.0,1.489210415003004,64.70974422147985,73.65599893655082,87.26306940720724,10,31.22267762828385,0.0,0.0,177.72604041783654,0.0,1.9774070098112106,61.55010296119064,0.0337753187527646,0.0,0.0,0.0,0.0,0.0,38.545248160477456,2.5848670570093724,0.0,220.01026052270205,211.40813028392876,139.05254363649516,193.72168904464633,174.56443295709988,2.1286172856859937,111.47060938832959,108.29394231503325,81.8720542497151,103.09331733981578,57.40931374481611,111.04961287339111,46.79448579989342,19.236919401216024,13.236885671379728,-16.992807232590952,76.49409021276551,42.709539744874874,6,13.92841486273618,78.33576817872434,-45.18331863221687,-37.15112739322495,62,875.589458660041,0.0,41.90642231873867,50.431756107539115,0.0,1106.1604393196315,168.84453822911675,0.0,7.661821573722218,0.0,0.0,0.0,1,14.073242088617642,0.0,0.0,0.0,0.0,0.0,0.0,-2.814217900609741,25.857552722541666,14.679811737473052,56.208447385739454,-45.18331863221687,0.0,0.0,41.22553905680708,0.0,0.0,30.459650857171116,926.7191338204015,0.0,0.0,0.0,0.0,116,16,81.65906211616198,169.42306251140417,35.85612297918819,44610.23059731731,1108782210.873601,220.01026052270205,19.739483585763978,19.305717577372747,42.709539744874874,13.932252227339484,68.3139414018786,160.53831898206164,133.73915136573916,18.694838808541768,93.73305207276235,36.16921548739889,145.21752056906467,155.29434183778008,12.519077749031881,78.10094118124644,121.7118152264258,72.79396422022785,1342.1980644278567,681.4775063368887,8.735374766775832,66.3548848115817,81.06801832599376,97.28063511836763,90.852193823145,342,1,48.70789968474656,5,85.95016083302836,77.84736622443984,178.62931579680546,85.74035307042658,81.81030620126016,80.95245487738184,72.79163911784188,39.18214030215163,50.933730260723046,68.27726030926775,187.3242205991456,54.03628273099748,8.734136812526963,291.38965640087963,61.88831276413063,52.180208071290664,66.87402729185793,22.383861553531105,0.11667495683141194,0.05583488408247586,0.0,0.0,0.004082161992400949,0.0,0.0,67.99652705683242,77.64311022656135,77.7766562171475,-47.2296093975142,-35.666752686178775,-40.060361758254594,-40.84033298827113,-16.898320591608265,0.34438945806524723,1.41038510259357,26.203566739804625,37.303990192782315,3.390590580105872,74.0200079787849,61.841422267692934,1.9531799194436519,0.884,3.65,1.535,1,0,28.311,70.346,85.005,0,2013.3763600493971,0.9846503721796985
eri03,7.652094032394241,5.453315114870712,0.0,3286.3497838515823,1.4289509034689303,0.0,0.0,0.0,0.0,959.9716927923689,0.0,0.0,56.393747826246035,221.79111410275755,4,88.60487995547746,94.75960170437965,97.83884768945029,96.6503448954663,87.35537378788494,74.56935904607789,63.72714108801897,57.012326695263724,38.35761246695509,1.2834744642755862,13.711228370944985,0.0,10.832447894183195,0.0,0.32203193053784596,58.804467290442915,66.63547808711695,78.60487995547744,10,18.39729401475407,0.0,0.0,226.50798691073066,0.0,1.648633856062128,77.9678210828041,0.0,0.0,0.0,0.0,0.0,0.0,63.90377252052066,4.08349518377608,0.0,225.33832154251468,214.87088038564318,147.81915143963047,201.94764605543628,175.48785024041615,6.88875756604183,114.10712196615167,111.83311758474018,80.23787218712815,102.71594310051913,56.14235952858832,111.1000416433922,45.4456127880046,18.623061580884944,12.730511356627563,-19.271548206476815,81.55081197093594,45.31975835197928,5,20.003849652957527,85.72194399375375,-47.18848603231745,-34.75510325472475,62,819.3334357698466,0.0,24.97086320923466,10.590412768999071,0.0,1245.7574554597336,178.01818774664756,0.0,64.43872402176626,0.0,0.0,0.0,13,11.045892896115635,0.0,0.0,0.0,0.0,0.0,0.0,-14.548351297921485,27.80119036009383,15.076082501239963,60.2813233275635,-47.18848603231745,0.0,0.0,39.08043071985097,0.0,0.12757010380910383,10.704877790374091,942.2332426768849,0.0,0.0,0.0,0.0,116,16,76.81108930694877,217.78169013156148,28.281796077464808,45534.23859266062,867654907.69817,225.33832154251468,19.441758929108587,20.39618474853984,46.45031253088946,14.72195775484669,54.95957182728292,123.77399604639741,141.27947001672737,18.121470057658694,99.073438115521,35.27682435119102,155.91033085024506,164.41505871638557,11.36321369835313,84.6639623525081,130.1475011486888,55.322911042276615,1875.4210588422118,687.7092593167756,-4.8807196921274185,59.40299797640363,77.51383057919328,85.45164870207851,94.08239908965149,342,1,28.730832601416818,8,82.06437917672133,73.25852341593465,201.8226217357048,87.70945155281694,79.09505752983058,78.61351132209784,74.10651119086721,41.572623455949625,43.86703943399351,63.16695442725915,196.2185660870203,44.002644385718966,5.816181432098505,115.66761165491309,57.13267721904356,42.83849747576561,53.99361556647931,12.513054879588587,0.44323542001844624,0.0,0.008553601780872968,0.0,0.0,0.0,0.0,46.65031324404812,68.408829427626,67.53538079329745,-52.04739231932536,-41.754215113720704,-42.95838708396584,-43.75435190615028,-26.46078995319307,0.6022053303236677,1.4954771282352228,18.120330880245223,26.546681971589113,-6.932818960849754,66.74327106150798,53.573311136727426,3.7100156739253243,1.672,6.597,2.879,0,0,60.579,223.052,37.767,0,730.2839744402545,1.0
eri04,15.888845668085995,1.8397671118219612,0.0,2015.5277361995181,3.100856445447673,0.0,1.5594590779779545,0.0,0.0,982.6378238054526,0.0,0.0,56.53344258280013,295.4102220350248,4,89.05197377427997,95.14226472579301,98.60379365592352,97.18818561363831,87.79262786489437,74.98088611303348,64.02078402023653,57.29301868700639,60.91127244402798,1.4989606049237114,0.5884296530679484,0.0,4.921081503380219,4.037488058572052,0.32578649466743165,59.545409797735076,67.36239922080466,79.2502122377552,10,37.93840687431694,0.0,0.0,185.07889189176262,0.0,1.3507092794237252,91.43161927563507,0.0,0.0,0.0,0.0,0.0,0.0,38.49536535260368,6.359307834743537,0.0,218.92739183891163,207.45108156588068,145.71095610829784,197.28906510973937,168.58502614502552,6.421297768133773,117.16239470374258,116.07674240876607,82.43472977972482,105.51143124811864,57.77620683229103,105.43056202925312,40.32990649298457,19.34253955576885,12.664265212109092,-23.619873001550886,83.90705732125892,46.560867398554386,5,17.242072226814525,83.16582263929843,-51.12534071534687,-38.37155765923474,62,843.7302935148318,0.0,23.17533452903459,1.5713625151498527,0.0,567.1427228401718,223.89575079747343,0.0,75.2472161072506,0.0,0.0,0.0,13,14.349191528932785,0.0,0.0,0.0,0.0,0.0,0.0,-14.006057720627588,28.095322941964273,15.482448496219874,61.55983093949798,-51.12534071534687,0.0,0.0,45.00667314367364,0.0,0.07023861133508681,0.6981475494257443,942.9154743992632,0.0,0.0,0.0,0.0,116,16,77.26765210341756,180.249254432674,22.139065789131013,45654.77173777847,474590887.2502854,218.92739183891163,20.388360818374725,20.702946569804897,47.39117703035831,14.664265212109088,71.80024046950649,69.45569199587403,144.6027446675337,18.630351978540414,101.63495946022076,36.48395619004678,159.46855975736787,168.21986443105286,11.954807925392211,86.6669360842072,134.1724776476451,22.13684348325234,3219.508371279164,708.4818699204438,-2.444505270333853,59.90402880567333,75.98892015856255,85.90706417026254,89.12382327416462,342,1,5.150590137815393,8,82.63586219670596,77.39675701666258,245.94305214846338,90.42512439420454,83.49446034576617,82.07813794971953,78.29055649568667,34.68757931836347,44.07865371122829,64.69663504245587,249.88350816082345,45.55178038425693,3.9186564241732094,13.019685460767533,59.85580504283772,51.2133736295075,71.69734219087334,17.643048031925204,0.09497252178891852,0.0,0.0,0.0,0.0,0.04910840426962184,0.0,13.639195537798134,70.07763636480585,64.87365281933974,-50.50328388512399,-42.7127827791926,-41.6833923039203,-43.26428142108312,-23.913425507753207,0.4521362742435504,1.3925334003373824,28.611424941935915,26.906262815993607,-5.47395351331819,68.07797446004662,53.220388342956966,5.637583315157727,13.146,49.87,22.69,198,90,507.045,2802.555,213.33,126,2791.42217108756,0.9946906305468297
eri05,10.090093269274885,0.6353457358443912,0.0,3569.7982660840344,3.0557710379179035,0.0,0.0350172448263264,0.0,0.0,992.7798537228791,0.0,0.0,55.53072700628464,215.76629603709551,4,88.07339968066825,94.24541329460384,97.96644552373644,96.85787350880862,87.07646005766951,74.33148061160088,63.78669835592315,56.86239376752514,50.8115885899538,17.656590885159897,9.20183629629838,0.0,6.361890243718852,0.0,1.6554166342044037,58.00368462896561,65.58139393250346,77.98255902325653,10,14.114565199501937,0.0,0.0,259.3474588586652,0.0,1.4310312467364916,69.14772747806023,0.0,0.0,0.0,0.0,0.0,0.0,82.11608990899968,2.6064869173138994,0.0,228.312038389235,215.7748596398021,151.63802278203627,205.07680686556645,176.17787455186536,3.8360180933947756,116.75098662895356,115.029398115355,82.70283440607268,105.69479061982841,57.52052207174543,111.64349717531499,46.714187280914445,19.388276459017415,12.999999999999998,-18.192058187739377,84.02428253327268,47.214842612466676,6,22.563996188758576,87.77500998583768,-46.59841735434925,-33.456628748528914,62,840.1666136742049,0.0,29.600119473385195,24.785333773586085,0.0,2593.055695395166,182.43088201203818,0.0,42.92497528960843,0.0,0.0,0.0,13,12.10948820923172,0.0,0.0,2.513536176403244,0.0,0.0,0.0,-15.32041080529657,28.96510509439005,16.0,62.44231636658795,-46.59841735434925,0.0,0.0,39.314170293254165,0.0,0.12974518498805676,6.232145058730795,934.2794423157204,0.0,0.0,0.0,0.0,116,16,76.27698051495327,250.81885700895523,25.550741776093215,46463.28816819418,1405424184.5145395,228.312038389235,19.092606847464275,21.269323720908535,48.33564450629731,15.000000000000004,56.32759281231986,306.594968028437,146.357369048922,18.962898994963236,103.50384095944166,36.104757033899816,160.16675798232745,169.61249236124158,12.000000000000002,87.1450844271033,134.24155231110282,32.36596855654213,2276.712414597032,708.253904976928,-8.528741678829874,59.03489490560995,76.9622481448171,84.50217448579119,95.58457371721187,342,1,14.74555444283904,8,81.99601251398845,73.74238564781467,218.60101044979518,91.45375880594868,84.03470262796988,78.92528248346522,77.65242556771341,41.598756643968905,44.69959240343885,65.28329157497068,197.74927918022314,44.89995644675483,23.486089125407904,74.11153473114064,57.259994025869375,41.35087378819425,55.98345354081553,14.700729134083925,0.3408766654815179,0.002469871123151592,0.0,0.0,0.0,0.0,0.0,23.74494525867786,70.90110364930518,69.35791903472742,-50.61368173846157,-43.92385919978265,-41.866137100982186,-42.87724180955714,-28.526616484634896,0.5082217024139953,2.1033440636179392,29.284489011288418,26.142780074344113,-9.519469971233585,66.70916276562275,52.43118398487609,1.513269879876033,1.9249999999999998,9.018,3.512,2,0,69.41499999999999,218.106,220.623,0,1025.2194876828414,1.0
eri06,10.988901894341875,0.7047564587081742,0.0,1955.3660313741689,0.8978421465640392,0.0,0.7859659852208929,0.0,0.0,1019.3818993319703,0.0,0.02152839841179959,56.51307057305405,271.3786882932815,4,88.96379237179696,95.057444597628,98.27834634438392,96.75810419044113,88.3530885072474,76.11466126498352,65.50865421348672,58.60185385973506,73.95247835015468,2.0311692087742794,1.3079808139309115,0.0,0.8864239725738771,0.37466990973150055,0.20822556554747507,58.761167890554724,66.50695092213952,78.7909675946625,10,18.51578560557214,0.0,0.0,205.0323461829181,0.0,0.23600987579663993,94.14280383813255,0.0647672631227756,0.0,0.0,0.08350997172877118,0.0,0.0,81.1766416596805,3.7753599731070455,0.0,225.0817246009259,212.64604349646046,152.4601260743239,204.43265764290553,175.6253933091142,2.385416738523412,121.03781167041305,119.46944304279995,86.37963050579549,109.89425545537236,60.39463078684739,110.8063235759681,46.25216610990002,21.198434122855186,13.805005274504282,-19.084092785130192,87.55358908206868,50.192071086117835,6,25.25470573977057,90.19224325060668,-48.652028986926446,-33.12686915703964,62,883.7390418652416,0.0,29.48899027094348,55.01038311231976,0.0,700.6437776753608,229.38105263043667,0.0,14.838948267725248,0.5955372075634361,0.0,0.0,13,13.560822795554108,0.0,0.0,0.06121381796931103,0.0,0.0,0.0,-13.254920081079216,30.50480435652269,16.950729949797644,65.2971614364325,-48.652028986926446,0.0,0.0,47.4136886288301,0.0,0.19798637582441364,0.3096523004892829,925.7500324956134,0.0,0.0,0.0,0.0,116,16,77.40707150126268,197.60678597227587,22.48444256898702,46798.73519399243,412187868.8972602,225.0817246009259,22.785580084127353,22.712362509725647,51.10275139010924,15.867290038638268,69.00768142966125,62.60111143791967,148.72401309722895,19.944047183871117,106.76280245051866,38.34648735992439,162.649007484173,170.75038535242706,13.03449137363268,90.86887147082315,137.31062122842093,30.736131655017896,4894.567865139197,741.2685293595022,-8.024831313928011,58.38187365236627,75.04765646407128,86.7519187669386,95.23803965400464,342,1,5.127175127423104,5,80.99851899864063,75.73638839672834,301.99687930053335,92.51315330243517,93.75974057538701,85.0809555429074,90.27547236218822,29.752348913821262,45.51257019440809,70.42670522360793,246.40782796020207,47.995183564014035,3.8886757894794926,4.084984139399846,59.961622622721066,50.97552646589054,68.96913338481143,11.113281289673289,0.09128222545794672,0.0057042872824457245,0.0,0.0,0.0,0.0,0.030036569697682883,19.002554715863937,73.21111983121298,68.06724490989619,-45.095146989050775,-45.49525568711831,-34.24799360538209,-43.04986266676688,-29.04049273210398,0.32691298485188686,1.420005496666219,29.69148106325461,27.432805029026447,-6.283475430670109,66.86133801775698,50.12869105106129,1.3445918981727163,78.084,418.10699999999997,163.717,175,81,4474.149,46338.646,1147.31,16,16969.249544714243,0.9977629386126319
eri07,6.726083769924275,0.01748543615662971,0.0,2441.2944497921867,2.6008902701526866,0.0,0.5055886829065585,0.0,0.0,989.9172421171344,0.0,0.0,57.741856785103074,220.82171471347883,4,88.76845071493587,94.60800232636181,97.74363697263581,96.12570412108617,87.68128196587362,75.90401802746835,65.96060713051655,59.566899045455116,76.21295462089236,1.2353390865048535,15.068166676230419,0.0,10.795413140938622,0.0,0.403300269374526,59.5338074683758,66.70214618906864,78.79394594431086,10,9.43313404405849,0.0,0.0,219.54762657397532,0.0,0.17987247346295923,77.43946892019741,3.051237712553018,0.0,0.0,0.1774755755511718,0.0,0.0,94.09520035998355,1.3946816530353192,0.0,229.18459249452468,216.19172255878934,153.46870429555665,207.08975282011014,179.22749277150328,3.07442355183227,117.65805441730112,114.779551223335,85.19654762562591,108.22038688660558,59.8909487442832,114.4237269352236,49.9093529031546,20.37383714876542,13.808426472420958,-15.36588939383771,83.8448002190333,48.17357295650647,6,25.425436785498984,89.59389426017378,-44.465630551328815,-30.44740999512054,62,858.5049630640018,0.0,54.09201334112151,42.314853082227195,0.0,1471.549924523922,184.98215927327277,0.0,2.5298717895915104,0.028835499027492318,0.0,0.0,13,15.579563431205871,0.0,0.0,1.0344262880322996,0.0,0.0,0.0,-13.2189505712695,29.695329460633445,16.617195526625785,63.3632796373544,-44.465630551328815,0.0,0.0,43.361052881582445,0.0,0.28002654918875464,10.515386591749866,925.0719178994236,0.0,0.0,0.0,0.0,116,16,77.39485349710769,210.48917982470167,25.015989184521104,47391.30966610018,414599324.30496836,229.18459249452468,21.653801756960252,22.048070470123285,49.463256653843395,15.788816142189216,69.82400216303165,66.31346694237774,144.07334448424444,19.530711138599052,103.75106747355655,37.552181907572894,157.89865975381875,166.82681593964338,12.766044332891848,87.4572124143073,133.02649488393703,63.504354579318765,3630.216992982624,721.6304203378861,-11.401142449544274,58.39412490475863,75.13086059828417,86.77755234149917,97.90609057486944,342,1,28.287531249635094,4,83.0687571175431,74.0480640415378,224.9691654139878,93.04752048398429,92.07293642972546,79.43813813690751,85.02800846605051,35.05038345332159,43.88717495381335,66.42382505436173,200.1110154220615,46.76930069618565,3.0773361201825513,115.12674957816081,56.117939546353966,52.16671189426775,69.80265977313927,18.012271104326253,0.3754311859749218,0.31911722885282784,0.0,0.0,0.0,0.0034863834972716098,0.02596395131182512,57.11151104804277,71.27963785381728,67.06609014745847,-44.760029869621086,-42.19397913187875,-36.021021085417786,-41.016293766020766,-28.339993185591762,1.2074638516613707,5.538562882368989,38.81549639381768,25.50414830011867,-9.0344132425271,66.39810357395692,49.636787932733505,0.858970650447533,5.809,32.56,11.526,6,0,322.723,1871.451,71.726,0,2544.403926525373,0.9953884137306811
eri08,15.135126028946711,0.8327902316513764,0.0,1930.8092621879152,0.34723688930898,0.0,1.53844932630882,0.0,0.0,1003.6311628859851,0.0,0.0,59.493400391924425,282.4804417001499,4,90.75995018114409,97.05640086089475,99.49099793222703,97.45182297961149,89.65829422643147,78.192354852678,68.20481104599926,61.578822424425944,73.31403574978205,1.6339549708971461,3.592964633495695,0.0,2.1680706880638274,0.0,0.18167861867076454,61.02744929537535,68.19378784204567,80.32517446699867,10,19.447165315467537,0.0,0.0,212.60233970106498,0.0,0.009806502726480336,91.79422969689469,0.1343924348155949,0.0,0.0,0.09602409961343797,0.0,0.0,74.82893754776644,4.167434261860974,0.0,225.65981419597188,213.94927123308148,151.87191307431218,203.8614728017601,176.86145247361543,2.750121568750607,122.0780335069603,118.56348670532977,89.1889566034666,112.76823952779323,62.556352572221755,113.42125786370754,49.83234934142665,22.179411130774792,14.49109188064824,-13.69030270928577,86.29154949771659,50.228258991333085,6,27.4045329237085,90.47360571863143,-42.1237317277954,-26.967525710970172,62,905.5184488502755,0.0,28.568466352343627,14.005594892913676,0.0,858.9761997624432,223.0501969390681,0.0,21.806592577256666,35.61934617748603,0.0,0.0,13,14.704253583907226,0.0,0.0,0.0,0.0,0.0,0.0,-9.644647332439655,30.80500756867702,17.299386937882897,64.50743929677775,-42.1237317277954,0.0,0.0,48.68556842421236,0.0,0.0,2.1680706880638274,925.0,0.0,0.0,0.0,0.0,116,16,79.34824911968697,186.8357970595897,24.803133081005797,47436.0,308904675.5659405,225.65981419597188,23.275408494043745,23.09594494998597,50.47649811115845,16.384585036821335,71.77851692865117,46.07112965788795,145.87155826640094,20.785864918948505,104.93990477288217,39.340711444164675,159.27388511169468,168.18441334926095,13.583378286316146,88.89103178314662,134.00569437926998,31.055554039908913,5087.386835180127,752.175112173335,-12.690819029731685,58.3233390717533,74.32312612517414,90.30763405654444,97.51140662976789,342,1,8.819152046566604,9,85.62470368165394,77.34982355270287,259.3018731881529,95.86991302608125,98.78052344215308,85.32337441267163,93.5399569006219,27.96568420930322,47.33115496664186,70.5161881728304,249.05123019958182,53.59809539997847,2.531432986585535,24.59151269036028,56.287807232536174,48.931330055966995,71.7331428114988,17.06260956666636,0.061700628063761746,0.017747322665188386,0.0,0.0,0.0,0.0,0.15014891159723623,23.064445612705683,73.91721547273411,67.11658475326568,-41.253845317661,-41.14199672473548,-30.098281323147884,-39.79042980770902,-26.165326433437894,1.152115834201243,3.5526922415800244,34.13128516490505,28.321548634862687,-3.9061100045336765,69.39246049281357,51.2123376215831,1.0768678022270923,15.491999999999999,89.65499999999999,31.519,6,0,869.502,5768.91,148.38799999999998,0,4653.834081309224,0.9951334102140396
eri09,27.0173038440825,2.388540674855732,0.0,2021.6069671569894,0.08108489940281847,0.0,2.489860677550219,0.0,0.0,980.2833639270519,0.0,0.0,62.05300511176492,313.2080521171258,4,93.82364226908877,98.93046837707554,99.99999999999999,97.9824087117105,90.67220296783569,79.79678900226867,69.86746377560536,63.62732484570742,57.8731389767824,0.9267230963130971,5.900266263656647,0.0,4.440474234999201,0.08023600984418255,0.07641248974422044,63.701566828738926,71.13097575133207,83.32999413320366,10,30.841912035652747,0.0,0.0,199.77254070991677,0.0,0.778326911997138,88.02475511729897,0.0014849839473410988,0.0,0.0,0.0,0.0,0.0,0.3199355033100574,6.829225206333369,0.0,221.09358224185084,210.39006229252823,147.05168390066993,198.33139786055645,174.36914157508647,5.0054637695788395,121.60926699069657,117.07434231530644,89.83714108017118,112.8415921205811,63.67281810506828,112.3219752324828,49.663990435173375,22.783589445865548,14.94271612321163,-13.62119239039689,84.91634564495091,49.15082965350161,3,24.69215784111153,86.82104497055029,-41.14066455298637,-27.86563853170823,62,921.9271833752118,0.0,0.7789630092258464,25.127758770905967,0.0,634.5284375150912,219.6300884868824,0.0,74.09327821986818,0.0,0.0,0.0,13,14.851594015476188,0.0,0.0,0.0,0.0,0.0,0.0,-6.010754122233542,30.211080697973355,17.000817440927232,63.20609728361024,-41.14066455298637,0.0,0.0,47.19060780422911,0.0,0.0,4.360238225155018,924.9999999999999,0.0,0.0,0.0,0.0,116,16,81.32496273212341,179.20195401124224,24.988290031855897,47436.0,401151667.3296223,221.09358224185084,19.46475071989836,22.966954457631505,49.15082965350161,16.159408118923956,71.15925177110098,50.39967338150775,142.16704514186426,21.34435713355758,102.42085899468573,40.29860624494767,155.44187957123373,163.90361511645307,13.999999999999998,86.91716308587816,130.79471778327647,20.640247783717534,3360.4720226857153,752.2354408869644,-9.080171529149967,60.214636810694024,74.41043778128787,94.04913603382569,95.27728824520986,342,1,6.995790052030686,8,89.34377982845925,80.0918925386103,265.6113749432986,97.46230207728316,98.59509251511604,86.4096368991439,93.58269817533757,33.143210922457214,49.19658809415256,71.41500438891318,263.61658314318635,55.420138030822024,2.514347350983192,54.02279121410159,57.29588204102488,49.018839435311584,71.15849679037288,17.349825952074177,0.02161187949577848,0.016485781248523457,0.0,0.0,0.08307202199275826,0.0,0.016485781248523457,17.517663251568568,76.02366188180316,66.37480386828851,-40.00703592680546,-37.17554228792055,-28.55840001907705,-37.32845300801506,-21.821726512092074,0.5913891421076809,4.126903199600296,35.10867807699734,31.104689469455373,-0.2653017445541388,70.52239122364702,53.387014800332594,1.6415739625614987,4.928,28.769000000000002,10.061,13,0,219.549,961.95,61.842,0,1966.0827763030961,1.0
geo00,2.9138328934227458,4.672327320268043,0.0,179.91582259835354,1.5546970375101858,0.0,4.522245259552191,0.0,0.0,777.9837617557974,0.0,0.8307714521109829,63.87054446154227,227.0794996983584,4,99.9996658059269,99.99999999999999,99.99999999999999,98.0474987893509,90.65183116554827,78.27936928368241,66.18308737350313,60.078790455665306,6.068766194896301,0.1809381059161104,85.31278012590221,0.0,83.27225033787515,0.306096414449344,4.205877402779576,73.10789029028392,86.30055617557159,97.05732814059229,7,28.491025323874954,0.0,0.5174415279117758,13.490313751738936,0.0,0.0049386089323374335,1.2560753769500526,0.02187008956402664,0.0,0.05247642411166219,1.0377204716621886,0.0011822132266028306,0.008422226024227028,13.888257947626013,3.655117202999409,0.0,188.38588922163308,180.98588834001515,105.00567420381283,155.8473213650253,139.04806233731702,10.740435385585634,102.55977539334408,97.88084221447842,72.29451625614716,93.9854516472592,49.99691283949009,83.21735295628234,17.911859272581395,13.176628548724505,9.05714350829809,-52.32296212302795,63.35011320903328,31.98585237207575,11,-33.207490505642234,43.66845560815984,-87.42716810199667,-81.2805624968763,48,895.0520151179865,0.0,13.46974921804166,21.074630526956856,0.0,58.95049828467071,174.71407570378696,0.0,65.46473498779828,0.0,0.0,0.0,1,31.963574686645114,0.0,0.0,0.0,0.0,0.0,0.0,12.82796891810867,18.548277050640692,10.169764039261935,44.24554766492982,-87.43368705019424,0.0,0.0,34.354032381286764,0.0,0.0,82.95452545513653,926.3861654394411,0.0,0.0,0.0,0.0,116,20,84.56611043872003,13.58688023846921,67.03072037424451,44576.78303962591,16299709.014881339,188.38588922163308,12.452705695455743,13.176628548724505,31.98585237207575,9.05714350829809,91.84998797844644,3.6464178483793144,120.3626516600496,15.545452953994404,77.92655416438062,32.23447515450053,133.3623314564402,145.0021795637131,10.09483409564479,64.85488098343917,109.36593326285846,93.0378762002553,24.886435877979284,592.1514646537548,44.632854673239166,78.57421314858823,88.67347304769622,115.07619301859756,54.99780717501965,334,1,88.84895739362643,8,83.31875414496575,93.12625831436154,240.38696855716344,69.70620367152439,63.23342628066039,63.70287986686875,65.71010571395756,53.2345361413373,59.52262155979345,60.786162046466934,181.67353956392935,77.1746627851354,0.11292505347527795,820.1051793468811,80.10386647059156,78.16827185452492,91.81606805953628,78.77837804191961,18.626505734261208,5.4125606912588236,2.1954899648711215,0.0,0.6528414558091328,0.2644850844845978,0.6529428866864065,92.31732790533424,86.72725283275031,91.90043775523833,-56.37385295223648,-30.695047323895235,-39.93045271233178,-47.71865681676492,16.050224585325278,11.905180817905165,28.424591629177936,66.08125264619038,47.23331351181644,-1.7036017072453193,88.16778358029876,77.51050817253801,5.22961435615711,153.051,336.094,208.015,28868,942,5850.222,46844.969,190.936,144,19107.562073009776,0.9971811904468907
geo01,16.611396698657515,11.661425406387474,0.0,672.7720782843271,12.967958521336522,0.0,15.79851354269646,0.0,0.0,758.0263566777852,0.0,0.0,66.48033964994849,272.9358799731405,4,99.99999999999999,99.99999999999999,99.99999999999999,98.25949814614668,91.36364983818207,79.52160757682046,68.42009546463287,62.97361904197056,17.458018026641334,0.4531552409949608,30.39566717774186,0.0,26.199855683349117,0.0,5.299101637650963,75.00806379851112,88.22683514642777,97.97967795333018,7,67.08159890211171,0.0,0.0,64.73614928047485,0.0,0.0,28.640538863480792,0.0,0.0,0.0,0.0,0.0,0.0,65.52741551394806,9.695121076606107,0.0,186.06361412615115,182.07259055598064,103.66907182464458,153.61943131080955,143.49699218269384,40.53211124609506,100.55033542857353,94.77083608224812,72.93855942981654,92.68055184101097,51.45638476403207,88.70283899606659,28.188100556219705,13.977559295640672,10.153012343043486,-35.251911665865634,62.56198648945163,31.78108428373412,5,-25.068395315548607,47.01845440391907,-69.26161842310427,-68.13334285800669,48,919.1539439703681,0.0,0.0,17.673990713213417,0.0,196.60105690194797,188.1297378597194,0.0,82.32600928678657,0.0,0.0,0.0,1,28.039317281738313,0.0,0.0,0.0,0.0,0.0,0.0,17.633107902289304,19.573053844113684,10.999999999999998,44.63866150036757,-69.38038143716447,0.0,0.0,39.10529095394297,0.0,0.0,26.199855683349117,925.9999999999999,0.0,0.0,0.0,0.0,116,16,85.718675761526,63.62928954432118,51.42208045319888,44558.99999999999,76574056.13464919,186.06361412615115,17.069301954919194,13.977559295640672,31.78108428373412,10.153012343043486,94.73217327557401,12.718117769460394,115.64162920335767,16.798964992066704,76.97199099463323,33.488304755243426,128.32789180466725,137.5224317036405,10.999999999999998,63.56198648945164,104.88413231771729,65.67017983476357,260.5074996527916,591.9257853016915,44.353226432695244,77.9975420523834,88.66284810834193,121.2302695913995,61.444605548316204,334,1,41.39210961926352,8,84.4538037116905,91.31466650053234,273.42979426683286,69.97613384563424,67.23196159426945,64.76670523501086,63.03127382375477,43.60968685251298,63.85275692751828,60.37075391810938,212.42307751222697,87.24007787587742,0.2787026720947816,277.0000375271521,80.07925639590563,67.39760812694311,94.64925852827672,68.59352174265781,10.017638722733398,3.3255614132144444,1.631434282055917,0.0,0.3287705122797281,0.24179557607106905,0.6691887631273217,58.8591468630724,88.85589582480691,97.99459688559719,-51.126261494887295,-27.014894787712535,-39.85242269553075,-45.390770249118646,15.540482821706053,8.223348894881148,17.88472221139017,63.01205693943256,47.210080728205966,2.0177848548068376,88.17921890817976,78.13640709132568,16.387824134039043,3.255,30.44,7.664,128,0,177.992,753.358,10.504000000000001,0,2105.39626159002,0.9980339865980474
geo10,34.811298011072076,57.74350956009446,0.0,295.4034879602782,6.4229830253833144,0.0,16.88128702336577,0.0,0.0,750.8300399745984,0.0,0.0,68.01131635748857,397.0852910506056,4,100.00000000000003,100.00000000000003,100.00000000000003,99.24625699486157,93.25385187426537,81.46247462935396,69.08161436922784,62.94439226408172,0.1583938784659978,0.39755069160973405,11.088198782968206,0.0,12.661366402339386,0.0,15.001561573483189,78.36509736006658,91.04352208595587,99.49794256693755,7,160.04345286502792,0.0,1.7412716850092478,35.89010380006161,0.0,0.0,0.42345977188966394,0.0,0.0,0.0,5.233820938064426,0.0,0.0,0.0,33.20570721445926,0.0,179.00929835635657,167.27373768217518,98.41964250236421,150.39595966624645,123.27260452060078,81.03389886091544,106.79050954906023,100.47407851933359,74.12423488556318,97.86732633050057,50.15794714935552,70.05902206299757,-3.804302881004097,10.377932833642067,6.522375900768473,-75.66038491406046,61.04384888370615,29.54415630199225,9,-51.222381806863254,29.67321657160749,-112.9764114971877,-104.25445342385298,44,888.7823804559936,0.0,2.034772440014483,2.2933055415962396,0.0,61.86887391935102,231.61104876991172,0.0,95.67192201838928,0.0,0.0,0.0,1,36.31024785060236,0.0,0.0,0.0,0.0,0.0,0.0,15.328241381290164,16.217244474643305,8.403998538105313,40.67830038072791,-112.9764114971877,0.0,0.0,31.823441673989013,0.0,0.0,12.661366402339386,925.9999999999998,0.0,0.0,0.0,0.0,116,6,86.84501685348256,31.762731121090404,89.14159142140197,44559.00000000001,40544004.634024166,179.00929835635657,6.157639488391386,10.377932833642067,29.54415630199225,6.522375900768473,99.94680227888914,7.001407292050806,117.47185339745248,14.478473476660563,73.15456463294879,31.746625248509627,133.54706409820486,144.4226954171491,8.403998538105313,61.78177844796779,108.66665240350765,37.909180673989866,82.66770925352297,591.4331074696554,48.3833147710024,81.64353695591024,88.7339438238419,118.57169950718543,39.16699669393419,333,1,25.117007574261027,8,85.48921291653109,102.84995681014856,233.24845609125418,73.36939741621315,67.60879735741837,70.31766330759348,72.89046108564844,62.080391868706066,52.37310056981604,58.500083143646116,302.3494607111208,62.58021676765345,0.4665132996572518,174.14351509240618,78.98044396878625,87.76828619432767,99.94680227888914,83.57984287072578,23.703125829210432,1.7863681434939738,1.3877708796433648,0.0,0.9814787243387588,0.5776967491879332,1.812103411124158,35.017929921434,88.45667286007178,74.73523146983435,-53.30005772916512,-27.10711575791782,-32.89021138330844,-45.005543059746856,28.74507020532608,13.867778341216434,36.53638092034654,83.1832430949098,49.44423717760138,12.007224313918103,89.5205916962253,80.11777548897476,0.0,11.862,39.847,19.343,5666,0,399.047,1886.354,16.388,0,2698.7998377944227,0.9949187526118181
geo11,30.212003901043996,57.23607453257531,0.0,30.164950060524674,18.370627852601494,0.0,9.127423704228862,0.0,0.0,750.6024143699736,0.0,1.2279411854981674,69.26114236373783,515.493716153522,4,99.99661900334357,100.00000000000001,100.00000000000001,98.25206053100217,91.53955547044988,80.42678565131446,69.32285491091542,64.16718697789422,0.07807588179706794,0.0048454140063993794,9.716115839458693,0.0,15.509691414979777,8.2437815913478,13.763131534409219,79.85361852481184,92.06426572812222,99.39773036037639,7,139.17755757772116,0.0,0.4664908177022748,11.614721296772348,0.0,0.0,0.12904650634941528,0.0,0.0,0.1335110315594259,3.6125179483211336,0.0005882837871529536,0.0,0.0,37.88330259491146,0.0,173.11917483290733,158.8772407536184,94.47099345528873,144.25941491791883,112.71554858667588,84.65950421360317,108.8638938777195,101.46483100163137,76.17258208841714,101.05034150722217,50.31604677950527,56.71442836139891,-18.04289228713589,8.059749453118897,4.0689340808886225,-98.55836163612206,60.56840938036394,27.47306972799766,9,-64.76851551606893,22.100543850341033,-135.09543927817964,-120.58392999745622,40,896.8358468854017,0.0,0.0,1.2798840301183851,0.0,36.827922193479765,355.172243907157,0.0,98.72011596988163,0.0,0.0,0.0,1,42.28392675043279,0.0,0.0,0.0,0.0,0.0,0.0,16.175648246068135,14.920118757798432,6.512639654083426,38.761944193407594,-135.09543927817964,0.0,0.0,29.399008621169234,0.0,0.0,7.2715621020670955,926.5206817053718,0.0,0.0,0.0,0.0,116,6,87.05665729648148,11.494860920881576,108.18345952710872,44568.14208831862,1368244.5059708261,173.11917483290733,5.359040726068458,8.059749453118897,27.47306972799766,4.0689340808886225,99.02942729944591,0.3337323087514916,118.57872121349062,13.512889861076793,72.37083475333581,30.71776437514781,137.3543396381927,148.50718995060387,6.462880334343562,61.96973046870447,112.05014190843005,25.27729161134524,63.28309583962992,588.6883965741413,53.30707926008634,81.83279216414245,91.03497407807106,119.59764591355754,27.083429144297416,333,1,16.988508414420124,8,91.41057444525359,100.31451693178134,285.0696697978513,81.94566501685263,75.0694438580048,61.4003805513933,75.00161259980892,65.13657277824068,50.9578549613864,58.097037307913034,420.69342151439446,62.627863735500604,0.0,113.55888741680641,83.30624997531385,96.06836447881726,98.96076701324405,88.55950008931218,39.01308857493766,2.0233821775452494,1.7449388205655616,0.0,0.979628009145623,0.8334138432295862,4.1308261001258835,22.18708633316292,82.66255545504522,73.89673165255529,-49.401124234791176,-22.853682271057693,-33.0085516842361,-40.35196796346316,27.81638915743225,22.723302685940087,60.20454063499942,91.79145209871932,52.756568776032694,-0.9855343243946828,93.37458279829292,83.94496715338664,0.1982524838878445,54.237,132.435,75.653,9002,638,1844.354,14077.213,1.6,267,9891.752116839998,0.9975464070738475
geo12,54.98445843647963,35.339999689328174,0.0,515.9455574262867,0.18260192618311163,0.0,41.37838586789445,0.0,0.0,761.7104555003932,0.0,0.03558757928640689,70.00951327228728,440.3293255076279,4,99.99999999999997,99.99999999999997,99.99999999999997,98.55647441978977,91.85153373967886,80.60238478786817,69.70693872052652,64.59823208730639,1.5332512916865162,0.7711109896256496,17.166653291768363,0.0,9.066785219080701,0.0,4.691802615176709,80.96278674065645,93.03762059393115,99.73627565929637,7,186.90817752350029,0.0,1.3810576329220252,42.499095074926615,0.0,0.0,3.476066079969545,0.0,0.0,0.0,0.12124566879809039,0.05338136892961034,0.0,0.2880420875357657,41.297104799211304,0.0,174.72156810334786,164.37885268258756,96.09153866340802,144.03458347648845,119.94626806290816,76.97709545872644,109.72019825061714,101.83569380210132,76.93894383399113,101.57634797889256,52.00228957358311,63.53448727681249,-6.156256334611934,8.96536702604056,5.788842990356834,-82.9560797023284,61.19693322628056,28.96819285547834,9,-53.09175870366959,28.29553503260078,-118.96452839456353,-112.29332725398244,44,937.0623423236683,0.0,0.0,0.0,0.0,138.7537407888435,223.86289396926932,0.0,99.99999999999997,0.0,0.0,0.0,1,35.206227795792444,0.0,0.0,0.0,0.0,0.0,0.0,18.38056958933341,15.984655389699995,7.540151196013404,40.03070255572677,-118.96452839456353,0.0,0.0,35.87128076303243,0.0,0.0,9.066785219080701,926.5608813108063,0.0,0.0,0.0,0.0,116,2,87.50321441174485,41.062403186859314,84.96732921123561,44587.19109634751,103677156.84000885,174.72156810334786,10.120011346737192,8.96536702604056,28.96819285547834,5.788842990356834,99.36566805687967,18.03846801241768,118.84410981220223,14.865992007410503,73.94994075728522,32.22218290547584,138.19760552840134,148.98642171540925,7.540151196013404,62.40771909886339,112.10826257791938,48.81648393959605,80.36701498168877,601.7877906373417,54.66057561048158,82.27248394380962,90.55873430355395,123.30997534906973,34.79379329992118,333,1,26.550670909870707,8,95.31180424176651,101.66849122996568,382.6080629968305,83.7576445842555,75.16429529060007,64.58536064544765,73.70074894220336,53.920523664054706,52.8039785227619,59.51711126752959,320.6259544055942,71.83477262631206,0.8902192756052894,102.82019368328521,88.7750691139462,87.29703137946805,99.31451857713009,79.44008223274062,24.26198314699192,0.9618597210832223,0.8790709461224456,0.0,0.36011865313707603,0.5273533228496942,1.7558244569973958,44.58039262979461,89.90370454741306,80.49284308673215,-49.52208520040887,-19.72355642800906,-34.33042791259843,-39.42654294741071,27.18547213848113,11.470879787251679,35.9919062650666,79.47482581669001,51.07687844338471,3.122409907575804,91.88304154276413,82.5330377162123,0.5447101042955533,4.168,20.669999999999998,8.138,670,0,158.652,725.3069999999999,0.757,0,3335.9531883267173,0.9952087217724124
geo13,15.361779213053746,4.220598931778154,0.0,803.9665187391475,27.445924159039986,0.0,23.926486401218668,0.0,0.0,780.3711025533388,0.0,0.2372415211824689,66.41305957267251,281.13338320239257,4,99.98816593015803,99.99999999999999,99.99999999999999,97.99999999999999,90.24395345279,78.94636798145375,67.32720396540246,61.71701460741358,10.324572663537644,0.8710724003879097,27.953159604312646,0.0,31.698721605992844,13.430236237961017,3.1227858781445463,75.4731411481923,87.2199360684182,97.06348496254692,7,72.80067850737466,0.0,0.3913710394745069,58.91951326222334,0.0,0.0,13.508292161231983,0.27463318163880573,0.0,0.0,0.7692027873326887,0.2070398300634824,0.0,50.665086189159,8.249643845665286,0.0,183.02562673368382,174.60541166563283,99.82958279389415,149.8841310380758,131.41530547078602,55.64858105936174,106.59315421214517,99.70035571377248,75.07240937429262,99.3197006193926,50.97351959019305,75.37918260840617,8.641586607095727,11.356159531731315,7.656841328501152,-63.05266873170238,61.433935038554196,31.13682715106168,6,-40.79463065446463,36.194357090461885,-99.73868973606606,-96.30808605622818,44,825.0821340837049,0.0,0.0,0.0,0.0,333.8917919207146,175.91462547226132,0.0,99.99999999999999,0.0,0.0,0.0,11,32.94384570276727,0.0,0.0,0.0,0.0,0.0,0.0,5.314927450967179,17.648790421950768,8.991987298902306,42.91916296946333,-99.73868973606606,0.0,0.0,36.52025439210271,0.0,0.0,18.161171780394596,939.8279284636986,0.0,0.0,0.0,0.0,116,4,85.2573489554972,62.6013417598205,69.94048257621442,45352.476071405064,138706595.4421387,183.02562673368382,12.75728389899618,11.356159531731315,31.13682715106168,7.656841328501152,99.31364914401222,20.236625230743996,121.55787052435487,14.995182952311874,76.55954182927603,32.27840689408408,137.45093980272765,150.4914523282815,8.54861054188933,63.3203465629779,111.50050535009628,70.8195602599495,223.92733503852202,599.2604393778599,42.54205098283193,77.41765278327343,85.23665458165996,105.66853326932456,46.41665611132747,344,1,52.16809954184802,8,87.72744943832387,99.38008913026268,299.5994984423575,78.04307939108617,71.82386941700975,60.31080250951477,69.53029782272787,50.851228841643824,38.66356279869912,52.51041037213426,200.66623221210992,52.625637909896184,0.9106374891970944,174.11463542170847,74.9405925402807,85.06054765429347,99.30361718257167,81.4047652004073,17.997717933392682,1.41760360014933,1.1199753130811583,0.0,0.22899741617965666,0.36136656719668636,0.9200258345288637,64.43837999069984,77.9438598699346,61.67715114252893,-52.167622090409886,-27.75036914814879,-37.52591435050163,-43.26639598701854,23.057877407929148,9.896836685847806,22.696836494562408,74.74923955973375,40.351076038406404,-5.050006900715463,85.43198082229895,70.56746021960205,4.594610379567663,4.17,16.469,7.211,5,0,100.26499999999999,336.479,3.885,0,1554.3742562408183,1.0
geo02,69.46569205330948,23.12420121791229,0.0,1261.7601262219546,0.14286640435165318,0.0,22.262769830533273,0.0,0.0,798.2776834596482,0.0,0.0,65.59624279259343,437.9048988812104,4,99.99999999999997,99.99999999999997,99.99999999999997,98.5137632834387,91.51625714670774,79.25064620472861,67.88689485101436,62.48300241899519,24.063177644797854,0.59557488591447,16.74454110782147,0.0,13.80354722024467,0.00439311499679467,0.3903502528193394,73.97847408237517,87.68759886365528,97.92458823129004,7,117.55999987195625,0.0,0.0,89.76767105645335,0.0,0.157373266666955,37.0514027593785,0.0,0.0,0.0,0.0,0.0,0.0,99.90815211422463,17.770502272237906,0.0,187.7042574894631,180.43824147099733,106.98722799899579,157.89875389627414,141.02062652187306,45.50192870743272,105.81830475936255,99.71805312191442,77.14862751009353,98.53790580903122,53.94478338148988,85.27366819375327,21.88974869153918,13.903516062472374,9.903516062472375,-45.08609814587094,64.92029022386276,31.690842647587143,11,-28.64414351879045,48.02924119058902,-75.48480258811993,-71.45722522411228,48,961.4681123902409,0.0,0.0,74.9008475822983,0.0,320.7534293556099,222.19042527351613,0.0,25.099152417701692,0.0,0.0,0.0,1,28.556184571782456,0.0,0.0,0.0,0.0,0.0,0.0,16.843658118278444,19.61051533494923,10.659282766376393,46.61440485472485,-75.48480258811993,0.0,0.0,42.626471928797955,0.0,0.0,13.799154105247876,925.9999999999998,0.0,0.0,0.0,0.0,116,16,85.38056043945849,92.16347466504656,37.15438404941689,44558.99999999999,151384993.3253358,187.7042574894631,17.845297809133378,13.903516062472374,31.690842647587143,9.903516062472375,98.23219182928752,28.313476758728033,123.8141186788213,16.95523593920946,81.96617708742286,34.487030867257616,135.64366770260446,147.72509416778766,10.609106589309802,66.28244082179936,110.2467633428252,18.81848556152382,459.1092731272272,617.9621003878083,43.556774300079624,78.7597196494095,89.33846251401208,120.61781475759938,59.1660720874645,334,1,16.374822181618224,5,89.12847011122611,92.62803729502434,252.8326788537861,73.57541736081662,72.93841122858524,68.21945172199877,70.08328389767102,39.4207868292261,66.82085265353061,65.20283120420439,313.4747468707596,88.06467568216569,0.8499492013961751,153.50789461839844,82.62559110896116,77.826994673245,98.22777086778984,63.638854335671255,7.97147892760666,1.373635885540473,1.0944541906009506,0.0,0.06191373507247567,0.1872682317994108,0.2928983799749781,18.311145702260582,91.99293150492409,99.81086854662111,-50.60733846281956,-27.854632453938038,-36.54583786745065,-45.66444574153631,11.324532560882044,3.996161112659961,10.671498766523522,76.70233230696124,51.23364874558431,2.8361534258744783,88.68192084330208,79.07890931538101,11.848224787952706,1.776,20.613,5.073,30,25,134.71,590.785,9.976,154,1846.173567573715,1.0
geo03,39.69092245250139,4.637295450910741,0.0,2247.598132890936,0.02606183049029093,0.0,28.57147698050585,0.0,0.0,844.7599984174459,0.0,0.13466697414657647,60.60866008692179,391.9628510451917,4,99.62249775744172,99.99999999999997,99.99999999999997,97.26773817315194,88.96062060567112,76.20026073590222,64.31457810315382,58.53862933584192,34.03265413005657,4.5248731691172415,9.003422953897582,0.0,10.381440752888361,3.1282579285199903,1.423548889195472,67.0746393528175,79.03585797160635,93.03201391261821,7,156.15649920729143,0.0,0.5534330836127549,153.6718992182664,0.0,2.2906708430466614,51.990638452740846,0.06599089884248067,0.0,0.09898634826372102,0.3362831938183478,0.0,0.0,66.56321176002177,15.740590071461721,0.0,192.07549469723187,182.8429486578391,111.4181567151107,167.28473002964296,142.97297405606523,33.28547013512228,107.80949737804319,101.72499403650428,76.05680049130059,98.35989681111201,52.86414753928801,87.37315930892505,20.624140051190565,14.656521940490581,10.508462085056344,-49.73395861672457,69.07288333629404,33.35940688859239,6,-26.88969293064268,53.52895153707192,-76.69298793239247,-71.42397565264432,48,889.2601914083214,0.0,5.541233667152028,75.65651009765831,0.0,342.0701274996387,203.0738682894989,0.0,18.837184851189715,0.0,0.0,0.0,13,28.2939801247532,0.0,0.0,0.0,0.0,0.0,0.0,4.687494075706291,20.461077248879786,10.883188911675827,50.17874241999402,-76.69298793239247,0.0,0.0,40.167790732517226,0.0,0.0,7.253182824368368,925.9999999999997,0.0,0.0,0.0,0.0,116,16,82.07579828798596,170.33802474823142,41.75151393183981,44558.999999999985,446276981.2213568,192.07549469723187,14.624728380089316,14.656521940490581,33.35940688859239,10.510711703711165,98.93022051407956,66.43420523625267,130.0271935327816,15.808095530916406,87.17191993847061,33.48552626690101,144.45460895095334,155.97448240403435,10.022685098734337,71.42233485833441,115.94166241552733,35.72178944602869,642.0947045152288,623.7185540829212,31.58924001630998,75.65188258667126,87.39838182948236,105.43860992385633,61.18129136798891,334,1,20.399493129346762,5,85.70352289760783,83.27682394549399,219.6777861333932,72.93501135760916,72.6960744265054,63.00419225583291,70.60030715406776,45.41101375554834,61.46483639187936,58.643960618097125,271.6500154885217,75.1347603412224,2.8746612628433468,75.07867804305121,73.6234801328,81.38499098854848,98.91983263595554,62.84634429355925,4.5353883269324715,0.7994030935902365,0.1768819669428825,0.0,0.0,0.0674627366168915,0.08773658728655076,29.620968773020675,84.61352712441541,87.37884581652514,-53.384758886507846,-34.151091036887564,-39.09233588561621,-49.53481184704682,-4.490440385489704,3.2894874308099182,11.718175796405248,74.5201626979912,42.854008124518764,-11.496268061335954,85.84646637776144,75.92598192698418,7.402559678846323,7.051,69.959,18.906,16,0,579.861,3259.757,149.26299999999998,0,4423.09156406596,0.9981050984095587
geo04,19.960781042418972,9.536402126909271,0.0,1677.4067719337659,0.20359512131103064,0.0,36.06502833889345,0.0,0.0,838.3763536619147,0.0,0.05151020119718327,61.141409996061554,318.1706586286341,4,99.23767215494587,100.0,100.0,97.1980464162798,88.9958608640016,76.79114203693014,65.41947777087223,59.423018368924446,21.8772009341428,2.006642309941973,16.054579471274753,0.0,16.92156561946812,2.524320918505379,7.317742904735679,67.85801385042036,80.20526235838936,93.29691346610568,7,85.82012238563233,0.0,3.8452039934589806,130.1386770154569,0.053174221698650166,0.9355169143857858,31.791176493266754,0.07854622412451073,0.0,0.0,0.22931195612066532,0.0,0.0,70.17714134093957,12.469947997158203,0.0,193.00374316192233,183.01427799553392,114.09448482713954,167.8137215008281,142.1343260491764,45.79138649995465,107.96424420455098,103.23009611507298,76.20290504776551,98.86716708349864,52.43381079809048,85.01870439032018,19.714420545149824,14.387388504708834,9.751607449866805,-55.322695225246676,69.21222673841301,34.00101300216352,6,-27.11928604612221,53.33347255297717,-84.93321393127908,-76.69951698862923,48,882.8360526191292,0.0,3.043176532007079,79.51940446467445,0.0,433.6845398550125,229.53729458525592,0.0,17.445957762812217,0.0,0.0,0.0,1,28.86125947734776,0.0,0.0,0.005462451028062727,0.0,0.0,0.0,4.630383269289536,20.28013911425007,10.576042287794479,48.92661557987065,-84.93321393127908,0.0,0.0,39.158705833904605,0.0,0.0,14.425844686253754,926.0,0.0,0.0,0.0,0.0,116,2,82.53301401119396,135.6373899832825,52.54719862535931,44559.0,618912223.5034424,193.00374316192233,14.280936932590924,14.387388504708834,34.00101300216352,9.77428824858808,98.96122068927512,79.21121825996492,128.48881426665895,15.911262762724364,85.35445295206593,33.03203470397201,143.2964208340124,154.37364211690223,9.694346295225708,71.64867912835349,117.43413170587694,58.649262738683156,340.6928557041457,624.6251079480738,33.2075848500565,76.11149901741243,86.68431938012846,105.36574774475102,59.55599621971909,334,1,35.20053422109546,5,83.76756200061635,82.68449559474499,273.87576814811194,75.66601176786884,74.40461491352725,62.6975658409494,74.21244306001628,46.69402114062767,60.02266771892667,56.15942460039224,261.9371594423538,71.71034867614483,3.400749951239902,157.09103124277806,74.33816145232414,82.6349341201545,98.93937857730648,67.87606696523248,7.209563737501119,1.4526829826888124,0.2632495988022489,0.0,0.05920558909135396,0.1296465234355495,0.316043488846981,51.23289603137606,85.83868909267632,81.28255788651079,-51.68987460150014,-34.7761375590935,-36.898878815000664,-47.24872975321421,-3.232628192762188,4.9083076192404596,16.26858096722927,66.07028037041552,38.98979545992119,-12.343497288556723,86.12616175863704,76.0781657124119,8.1416521346956,40.437,91.119,56.92,11296,50,1290.804,9161.272,475.154,28,6134.5714769144315,0.9975857054702771
geo05,30.787738039627722,41.716139165731356,0.0,631.3337095098644,0.6970287264095615,0.0,40.169836024118325,0.0,0.0,809.7433514567358,0.0,0.0,66.3062678126527,405.9893278016425,4,100.00000000000001,100.00000000000001,100.00000000000001,98.25534693322403,91.43658684045458,79.57595837858534,68.20494868846154,62.66833068834869,0.6056218419538588,0.18339370887652534,12.297477022363369,0.0,13.654303372137736,2.539950978753509,17.749790021472418,76.31383359180458,90.84385004966488,99.78176120561429,7,146.29993607882386,0.0,0.42730344029399175,61.35954687580955,0.0,0.0,4.47277023430396,0.0,0.0,0.0,0.06012076319568958,0.0,0.0,0.1908880507496248,30.16949557441999,0.0,184.40095161541606,173.21022252085208,107.3581394393086,157.74491101593296,131.59735909300088,82.57996708445889,110.64010545832173,106.25492347323605,78.40176876932128,100.91907227789308,53.99006656655126,73.0792502240229,5.438042556013511,12.206108442398474,7.592004603507655,-74.22019542237251,67.1437548984397,32.300819852468805,8,-41.676509224304674,41.502894725242,-106.3058152040848,-94.90568641501163,48,999.6659155482973,0.0,0.0,2.0802605059753,0.0,183.68465800434956,281.1150824416702,0.0,97.91973949402471,0.0,0.0,0.0,1,34.19287788757566,0.0,0.0,0.0,0.0,0.0,0.0,19.01390211931728,18.06960451681478,8.950811051849653,45.45618356431838,-106.3058152040848,0.0,0.0,33.00704521137548,0.0,0.0,11.13810387525613,926.0000000000001,0.0,0.0,0.0,0.0,116,2,86.09389291436841,62.261269116893956,92.42008560840085,44559.00000000001,66436899.31640671,184.40095161541606,6.324442810574912,12.206108442398474,32.300819852468805,7.592004603507655,99.70181602338033,11.92287694365544,125.35182853421841,16.26282417883615,81.12750211058342,34.55892164389766,141.5882558484715,150.9172505283284,8.950811051849653,68.49519663812761,117.69871330977708,35.55611329218031,84.15897290545658,629.3978900243507,49.88302706718402,82.19973186468641,90.85028865375419,123.56959319543323,46.45637369460351,333,1,22.681519401938967,8,90.58465397894544,96.85068366523429,307.1430257183802,80.40782420852493,75.6749002800822,69.43894540363054,78.9046723760844,60.53961600402958,67.1980168034305,64.16114090792304,338.46230041094896,86.75676594117331,0.5288878973946822,142.6006373369551,90.95805389915816,89.40632609310182,99.48816730823957,81.55265627565944,16.34204825713822,1.8139668854874766,0.8796996451456642,0.0,0.34291309759309657,0.4961101049465786,1.0377313534133656,32.84186163675551,101.12296670636414,97.60872294358767,-49.78416633730549,-27.616652968276235,-32.97344986979966,-43.23631294876113,16.04435395859529,8.797497411333405,26.286636850958956,83.2737905462142,49.63418145100544,1.334177353910278,91.34208399913639,81.89464699500725,0.4728537155970605,34.539,60.165,43.275,11018,0,842.81,5212.0380000000005,55.016,0,5658.023475675257,0.9978274731860641
geo06,26.95097252434419,41.852244196453334,0.0,296.29756148114086,0.7571416453429803,0.0,42.06629467721206,0.0,0.0,788.4220076770068,0.0,1.7452384013252866,66.74934832876376,336.82277159230455,4,99.99999999999999,99.99999999999999,99.99999999999999,98.42815367378599,91.65608457254743,79.8900484248862,68.139495645893,62.32168100543364,0.9872333579360174,0.026303164431016993,7.163157619531313,0.0,19.055344394601754,10.295588566488394,13.708725801110457,77.78212488328455,91.75019316123702,99.81662853921704,7,104.42749372280504,0.0,1.426023840060014,35.32362216968766,0.0,0.0,1.366545220971093,0.0,0.0,0.0,3.488619211023043,0.0,0.022151547922300396,0.0,20.55169242613422,0.0,188.5730499911766,178.63920182705036,108.48471281704228,158.0650544001958,134.09459037769062,84.69551380607206,107.88862646687835,103.65093516647451,76.56334160974572,98.36026870396273,53.057859389551155,74.81031306425582,7.271354443806717,11.963067602528207,7.344499874798264,-71.42305828669893,65.3578894599967,31.497795573600516,8,-41.10468377094193,40.962237945097506,-106.32697270821077,-93.36900047476635,48,1003.0119179585329,0.0,3.8372088020613817,2.628643402023059,0.0,78.15862915900045,235.6739059614908,0.0,93.57236020377432,0.0,0.0,0.0,1,34.6401389323581,0.0,0.0,0.0,0.0,0.0,0.0,21.3670656177058,17.621854801536514,8.928246469683389,43.80297046793359,-106.32697270821077,0.0,0.0,31.6384115542121,0.0,0.0,8.724282462209928,925.9999999999999,0.0,0.0,0.0,0.0,116,6,86.33733500517579,35.42363113096505,98.59065144203105,44559.00000000001,26218488.547212977,188.5730499911766,5.9755681157091205,11.963067602528207,31.497795573600516,7.344499874798264,99.69741514877023,4.774172239428637,122.72188082104758,16.260295429555025,78.8726871416716,34.11400909029319,137.23477725342343,147.37626490059884,8.928246469683389,66.51404195229718,114.56508629004425,63.349482272494285,64.07549938176336,614.9014096096369,53.06573804855266,82.15024066070097,91.47426499070653,127.24511082723869,48.23654787413547,333,1,36.14315269413007,8,90.22211571155499,100.68194860274305,300.0756289405582,78.19828683942232,68.70927912968554,68.1986216648128,75.84328961789534,62.31454785245918,69.59399548944832,67.42342492761739,282.61333053058047,87.74129637302438,0.0655312840122726,108.1037182069858,93.47484527608978,85.99506972952764,99.49908434198949,82.73682236774135,16.56216101273499,1.3692908926858398,0.8138745972259757,0.0,0.34778350149593507,0.5496079294258452,1.079992168425704,58.177604402370456,98.39291569618688,104.79750936901826,-53.41129049260849,-26.44170072878445,-33.78751762584948,-43.07716095290484,21.54958385926006,10.475618592010857,29.61111113999904,87.71388501985439,53.2249502898458,2.379544503482031,91.64069664384004,82.75369467268372,1.0768665032335742,17.345,33.260999999999996,25.139,1965,0,475.344,2538.802,10.832,0,5927.495578738992,0.9980822135082069
geo07,24.440495335730255,45.50441169558301,0.0,299.0055934152125,16.33311512207383,0.0,25.005964136358156,0.0,0.0,759.7796712799226,0.0,0.42651117705265595,68.70479820132134,357.42421843088323,4,100.00000000000001,100.00000000000001,100.00000000000001,98.038635682958,90.40744708607399,79.22257825933812,69.31391314389558,64.3371689306662,0.9719220880972854,0.07036961830637008,10.259313961186516,0.0,22.308093869324228,10.589400127275278,9.158347413515736,78.672600583724,91.06537540915926,99.02932666581728,7,77.30996095951451,0.0,0.4321883011689768,28.65044303673688,0.010127879906428886,0.0,0.8255313620052475,0.0,0.0,0.0007790606309576764,1.0919807491569846,0.0,0.0,0.0,23.750732124794155,0.0,186.8727963017631,174.02563221623424,105.18975067936726,157.57704345335867,125.91148487693626,86.8524718168676,106.6535696436918,100.79914925994836,76.97616366381678,99.47756774779707,51.82296380187936,67.33311221062637,-5.19757883847775,9.270991515306116,4.921890287319024,-90.6216294846818,61.85748512218979,28.555190260846835,8,-53.82642282006014,32.71784356426366,-127.81067587316971,-110.34071704683343,48,900.8470183889236,0.0,0.9725874572405347,11.911075549319278,0.0,61.104818074040374,239.1129899652748,0.0,87.11633699344019,0.0,0.0,0.0,1,39.91009316417037,0.0,0.0,0.0,0.0,0.0,0.0,15.468061605094535,15.789626930956965,7.001423543449297,40.61618270827775,-127.81067587316971,0.0,0.0,32.87073332622978,0.0,0.0,11.631443929890828,926.0000000000001,0.0,0.0,0.0,0.0,116,6,86.57466191645916,29.05839174987237,95.89607058018942,44558.98913421516,40374636.642564364,186.8727963017631,6.877700884427986,9.270991515306116,28.555190260846835,4.921890287319024,99.62403913239822,6.876863499838711,119.64602454575497,14.070328781480097,75.1273755387385,31.82198329957657,136.51580156619244,145.802531816639,7.001423543449297,63.62365691461256,112.81135182540295,37.26209004655806,56.397611037835006,593.2422901538091,50.34563553441401,80.4382348701035,90.64973578450974,118.59840259268641,38.57829392200996,333,1,21.35662997578744,8,88.57644314192132,99.82175459731808,409.6312382535943,82.74924714048919,79.20129784497952,60.621032946979014,70.35069489609397,60.150793965857034,55.185104576170616,59.94581550719195,282.4891489738775,66.08783942327088,0.2643624845587564,134.7817478879561,81.98339989839667,93.23960574787738,99.50837022718918,87.34652631929241,30.25451135932742,3.3654174616190895,1.2671102130979943,0.0,0.6091806761693576,0.8053368415354748,2.2768919261783536,33.4588416699632,80.94841745535993,75.43338167433319,-45.616915874745004,-25.911580564806215,-37.600900612735686,-39.43409292700234,24.65273495675246,21.551072147432183,47.32077989732289,91.48850024339353,52.41433045851573,-4.781275404105084,92.74654671267187,83.21906423259918,0.4237093141933602,12.22,48.46,21.788,9973,0,295.244,1494.02,0.219,0,15766.807670994005,0.9969301825043955
geo08,23.96494427035692,47.268206979051755,0.0,342.7549738097001,26.563323913239167,0.0,8.021362085227468,0.0,0.0,760.32114370143,0.0,3.723493500320915,66.2457612814162,414.2815497912169,4,100.0,100.0,100.0,97.9115700002762,89.88345010514297,78.57327546301556,68.11402288366554,62.260443074568435,0.27638026619330663,0.047127757846967766,5.583305472826972,0.0,5.536243763896267,0.0015169775213124733,4.224545027178314,76.04113693932139,87.90409500642382,97.25307592681848,7,83.53577641144628,0.0,3.632655608388891,27.13495231121332,0.0,0.0,0.22998946909261306,0.1651810326860735,0.0,0.8049707451587979,4.165231035046668,0.0,0.0,0.0,27.472082812852985,0.0,180.70678079923718,165.06306878040007,97.60184073932402,152.8834709322269,118.10342315874018,81.74382582260165,107.24256184845572,99.81802762932634,75.23806114747329,99.54742726934774,49.7468273037565,62.43537384678749,-12.43613310891098,8.468470984294548,3.75633984211341,-101.30537295454073,60.87847020036004,27.25338551506919,3,-64.17444646423444,26.162872168919463,-138.97357533386537,-117.79923940850658,40,847.6843882553255,0.0,3.9122233734704706,4.332487734651346,0.0,33.03158666508951,279.14443079973387,0.0,91.7552888918782,0.0,0.0,0.0,13,41.291790676824945,0.0,0.0,0.0,0.0,0.0,0.0,10.261918814166453,15.339123773154753,6.216908889023131,40.180373360801,-138.97357533386537,0.0,0.0,32.551053498016486,0.0,0.0,5.534726786374955,926.0,0.0,0.0,0.0,0.0,116,6,85.42564217753052,27.449202436623736,90.10371672667932,44559.00000000001,33643815.46827194,180.70678079923718,7.711512658797133,8.468470984294548,27.25338551506919,3.75633984211341,99.7958452536501,3.0004853748941116,121.11129109522835,13.221823587819436,74.81542492143723,30.206943722499155,138.7845636285025,149.0141544477575,6.115510534178897,62.878470200360034,112.5350047713384,42.69363674523445,107.91047597616485,581.8887180594762,47.38069142578284,79.37552551210472,90.1082440690192,111.54050226519756,30.687234463557218,333,1,22.62716449643771,8,82.94980559791323,98.77416288942541,262.8175580620713,82.81881912565447,75.99419885522178,58.128847357730535,67.69511535610553,59.74795091568411,50.38426025141338,57.90912406780932,330.6850332262799,59.17862445499872,0.0997242606546184,81.68937572585553,76.38329129767591,96.89419755779296,99.57003037467747,89.58098270822876,31.524512297605376,3.4029253142249747,1.1582400031794116,0.0,0.6477000828927858,0.7996337573492259,2.470469802597076,34.6215089529178,74.37654877994538,63.170546126563025,-49.07370441311259,-31.570281136428065,-39.6370665166985,-40.30095856093938,24.265201257674264,20.95116753163526,55.16415004474336,92.74595654085137,52.73135325590373,-7.563466562767816,93.91006165341804,83.41431448763498,0.251117466867235,22.703,44.722,32.812,5678,0,855.0079999999999,5966.298,10.933,0,3651.2275584745835,0.9957644873186576
geo09,22.36960697326691,41.222397779232196,0.0,380.43789548616024,24.10651579729519,0.0,13.179501844280923,0.0,0.0,753.7741311419369,0.0,1.5135241816591791,66.53089497328303,420.25674370783906,4,100.0,100.0,100.0,98.17640080242765,91.0177489046739,79.34557857539441,68.18208184704217,62.38781465359483,1.1585967616918706,0.6740968122201982,11.461342740113116,0.0,13.361268358634828,0.2789428532677703,10.036283997816769,76.14496680224597,88.44181794999876,97.59888509382277,7,99.79770512678452,0.0,2.2629938565820127,33.13438939078066,0.0,0.0,1.6544212782099461,0.08150265601052359,0.0,0.22034844124278424,3.5293847997882017,0.0,0.0,0.0,27.263171088991943,0.0,176.51774087257903,163.86470968687652,94.48301131144949,148.6425647683976,118.78570266918129,78.5070089725238,106.04783354554212,98.67019880671471,74.66556368351604,97.89273185175183,49.61419237852023,64.64037500789831,-8.108071501393121,9.386566198303969,4.865941335538502,-90.21398683686482,60.78632605775205,28.237289254080054,9,-59.91447924324837,26.053429862786476,-128.54355381134886,-111.54335317957018,44,849.3536072531368,0.0,3.281052773649827,7.592306001035335,0.0,59.71359554576559,290.7428803358428,0.0,89.12664122531484,0.0,0.0,0.0,1,39.98244514029397,0.0,0.0,0.0,0.0,0.0,0.0,11.223364381996738,15.879018023536581,7.260044544689164,40.49929818406879,-128.54355381134886,0.0,0.0,32.48520073117419,0.0,0.0,13.081852128390445,926.0005382894501,0.0,0.0,0.0,0.0,116,6,85.67865612130493,34.169741207571924,90.18281570016298,44559.10819617949,72432888.92621695,176.51774087257903,8.65894149670636,9.386566198303969,28.237289254080054,4.865941335538502,99.08729486588645,9.709185955575188,119.7904702951501,13.606332976122829,74.22252819458859,30.692835792278604,135.8536996030772,146.22241155888037,7.163344301916125,62.13458283308831,109.68604130403963,42.92863702333198,77.66323332866784,581.4916629804137,47.77486173034692,79.40928414208771,89.28179231145954,112.78186015415412,32.88953103002847,333,1,28.85078503967525,8,83.98213501380937,97.39805655540883,220.17473515962735,77.14639403338626,72.20748153498243,61.179870525131776,68.44032032777235,58.971267550258176,49.92976960478924,57.52036231220103,339.3449600455683,59.89289830990914,0.6658547253754766,155.78913890403172,77.63693809993461,93.97798122705485,99.0141369113483,88.11426645273241,31.27821980692725,2.869590879853208,1.5600740045190438,0.0,0.6702085774146075,0.6966298867938989,2.979385681542117,38.55187164497028,77.13947742969974,66.76960322113202,-50.589254987429165,-29.848396244150106,-37.54892254180692,-43.29484210385451,23.72420048501815,20.281804132849913,49.730801556026755,88.6488093219231,50.93964509181952,-1.5296542080664357,91.98364296794648,81.28064458393139,2.36257257737197,53.768,101.526,79.159,9728,305,2377.795,16634.107,65.656,122,19318.67839267833,0.9976377628380988
hur00,2.0593749437636886,1.037554001004355,0.0,141.96892236906731,1.8392250845908293,0.0,1.4247868991020156,0.0,0.0,798.4287898843562,0.0,0.014206645355168973,62.858022435102605,190.16301707570892,4,98.16608900677026,99.46566461793807,99.68951285899333,97.66592871761881,90.04222399398259,77.78613002871258,66.40318379323921,60.40376086488764,32.66267320645618,0.15944658188151697,92.14368869888376,0.0,92.48665156311084,1.273593272157182,0.6498749914877147,69.66055179684399,79.85075294420248,91.65906395102868,7,8.841174222104813,0.0,0.05987897538544485,9.13268857152218,0.0,0.023350654400083076,3.2659448411221823,0.012750575173907373,0.0,0.0026782317787564297,0.018958568569447703,0.0064695740511715935,0.0,2.889517492656095,0.7842430104089146,0.0,194.9018913540284,187.3621629748991,109.90248508770719,162.67727312376877,147.80312813486833,4.304771875494069,102.72644889968201,97.32313066732375,73.3697471421708,94.39260535586438,51.16521631803128,90.49297748487275,27.63281073822415,14.765744633180999,10.323091930115018,-35.699005120347955,64.96410587957678,34.215411614821754,11,-19.970159216791757,50.553051698889,-70.64481625709398,-67.11908702292779,48,812.7574438948011,0.0,30.964425210563924,2.969432941318576,0.0,103.78225934721428,174.7656184256633,0.0,66.0684813472696,0.0,0.0,0.0,1,25.394878651882596,0.0,0.0,0.0,0.0,0.0,0.0,1.731329517500165,20.724678129003095,11.394217863116651,47.36860528900764,-70.67294350954633,0.0007387743136106499,0.0,34.39772270163782,0.0,0.00664896882249585,91.22181226308129,935.8582133016173,0.0,0.0,0.0,0.0,116,20,82.8463571396952,9.486367982731496,60.4394768325763,45106.41497832372,14377048.611960625,194.9018913540284,13.087930100266835,14.891618534873135,34.35518185439824,10.601888346893361,84.03558463692282,3.1537383859593033,121.8793763869747,16.175825461611584,81.2136456322646,32.779311900619824,134.47437340167713,145.07328212977765,10.217402028451646,66.82657023080442,109.57593769590142,95.89312111415224,58.07832484884132,602.3906437032997,31.036930553541602,71.52325379095353,83.27055585099775,102.30671158942914,64.85546719350288,334,1,93.55383874957488,8,80.98613974150337,86.9590567854905,208.66895359554275,70.82477997844671,68.08521362825539,64.03799069281327,65.27115746882315,52.56799977758318,47.95861923217272,54.382184611570125,177.53600563184625,60.92248568604065,0.09821874098934824,913.1101434861297,69.16766815476996,66.85603283717225,83.53647677388983,51.93442184082401,12.652517495924815,5.0517567112369655,1.3697032247127783,0.0,0.5432474546789284,0.1488260912439621,0.6639949339187243,95.20858579579044,73.47625314894401,70.67519137453309,-52.99235163082564,-33.35909463965911,-40.34710407668215,-47.27577856063596,6.483347017593891,9.281318512701263,21.292159496454122,51.249835641256865,36.68761293282925,-3.9470306380087203,81.66095087093409,67.43975593347132,5.345161675151103,8309.877,9621.334,8960.159,17257392,20371,165092.693,3296728.515,14767.873,72,41044.48720996518,0.9987079880027804
hur01,18.482948561408215,4.17862639762016,0.0,285.3889889842235,43.345579666344555,0.0,18.839174390071136,0.0,0.0,795.758652491273,0.0,2.929779896570008,64.79242765903795,286.9641026535054,4,99.8822750087918,100.0,100.0,97.89651415355335,89.76210716973775,77.80214637239224,66.30035176300068,60.31445470625441,3.2050695695962816,0.14512630537815752,26.23478472124498,0.0,55.206994317619504,34.61123841577015,47.644036699365365,73.77453340455962,84.61301685513709,95.35323441413124,7,49.233984856363264,0.0,0.0,41.078270845957306,0.0,0.0,4.153168037931623,0.011289783581429598,0.0,0.0,0.21328493818410812,0.0,0.0,60.01183839176191,6.37834827332085,0.0,184.0596574030937,177.1175029270118,102.10064680861375,151.61795775787678,134.41060456309478,66.32153245372426,106.18982804277674,100.45100943774534,74.73348426404392,98.54789347740764,50.99619688700603,78.57912561939769,13.206319059000254,12.304913895374137,8.346220102216495,-54.99607404554201,62.83898498264067,32.108427358260954,6,-35.35109640442601,38.75142309958617,-89.67757621173145,-87.28819018449714,44,808.7536761865002,0.0,0.0,0.0,0.0,566.1257130749057,188.34404028888994,0.0,100.0,0.0,0.0,0.0,10,34.96345666269737,0.0,0.0,0.0,0.0,0.0,0.0,1.5732739508837246,17.904110392735895,9.410803292534258,43.74202175368178,-89.67757621173145,0.0,0.0,31.79286105568195,0.0,0.0,20.672354130139748,943.9215304722228,0.0,0.0,0.0,0.0,116,4,84.16567506648263,42.40217785183221,88.14752419127494,45536.10882937393,18230058.88872859,184.0596574030937,8.83191859092542,12.304913895374137,32.108427358260954,8.346220102216495,96.80344754451397,3.6687608000760608,123.79123812227213,14.875121928154966,78.57057778600286,32.00130462856203,139.17561004959416,152.05179257468177,8.638940471819877,64.83898498264065,113.59842897754581,59.534646715400726,79.89317449344148,602.207308554793,40.244324307127684,75.49172560680329,84.485204972775,101.80146211100687,51.25979973532376,344,1,35.75667031284455,8,85.80959822835851,98.9610756708225,334.87593508231174,77.23630439519285,70.98629339976063,59.20842565021513,68.68711540145048,59.48083797423078,37.581770624914775,50.523441474518556,217.4095863763138,52.28656763198002,0.0,199.74917457261503,73.43570892136465,86.55508771959228,96.48788686580545,83.03388456070832,23.660044076550225,1.8917645852782603,1.2236930618907043,0.0,0.45273064081130604,0.49831110936230455,1.0784846155274435,54.49379621072938,73.2573464243027,60.6098138971295,-53.39139673344814,-30.578783729426412,-39.594489464749486,-44.39706256423345,20.73620709198843,11.873130735222526,35.53780713111747,78.35743205429463,36.66655336071207,-8.317746825910309,83.82763036150413,66.92671987980246,3.707745825195811,8.446,34.09,14.666,35,0,237.352,1067.373,2.225,0,1681.6872339057356,1.0
hur10,15.462758635188516,13.62042787609663,0.0,2135.8156329423914,3.452387608734019,0.0,7.481456719907862,0.0,0.0,946.1549792794738,0.0,0.01635063512312544,55.92981596004289,285.6427838145153,4,88.47229474380143,93.10494864438515,95.3560101851566,93.41716791233425,83.86555670991277,70.74498970873177,59.176508697533414,53.051226727003694,39.16408146440462,2.8875343537430918,0.3759118635172501,0.0,15.051810049525429,14.393359424121382,0.8075299220636195,61.84759568806236,69.97819461950746,80.18440475241857,8,47.17837954072611,0.0,0.0,147.98992991200677,0.0,0.9981650658906754,72.15031598263431,0.0,0.0,0.0,0.0008445907088390934,0.0,0.0,0.007565533205384275,7.120264916693536,0.0,212.44366905690745,199.40149355843067,135.7468717230385,187.29341308497783,158.02214710461496,24.576618163786712,109.54806290638604,108.57610552126081,75.43328893971716,97.57385857762951,54.07924763198553,95.94678236384463,32.205972350225565,16.31972961003343,10.459904142144902,-33.057742391129125,76.20367417736344,40.4122899602132,3,1.3893406924018095,71.62338532475913,-63.90266503582949,-53.816178983516565,57,771.6977198926086,0.0,8.59521140235738,12.537763721532023,0.0,722.1698651832448,217.83962482341715,0.0,78.88388923983014,0.0,0.0,0.0,11,16.996522696495052,0.0,0.0,0.0,0.0,0.0,0.0,-18.392616467903085,24.584332494420753,13.146372215707025,55.81005314627686,-63.90266503582949,0.003318941715585045,0.0,38.58961167731656,0.0,0.13430182873395255,0.4916529298327093,943.9999999999999,0.0,0.0,0.0,0.0,116,16,75.47253765158126,164.1063775163178,37.90849131460052,45536.99999999999,533859362.7409416,212.44366905690745,13.773482645705489,17.993615349292224,42.60295314425522,12.29806699004231,78.68615558613673,78.28766586118286,142.05327887644285,16.946941318977338,95.87883847351912,34.45988815792149,158.38398091443148,169.58110782609225,10.064005010074608,82.05352386038321,131.9875988009836,19.456986776120658,1546.109065354577,650.1160007480727,11.562232961786938,61.92529685417789,74.89288394021885,81.57547902239094,78.63753120633322,342,1,6.417788506068761,8,85.46655472323403,91.77275361029193,213.79769883947927,80.5457654806427,68.6970149146139,69.55722758202887,69.79456490552995,47.67570825417051,32.826974040505334,54.02803233241831,242.89728443292032,38.71528418316402,5.107327871576801,10.242348672595849,63.34568680536161,64.89022591864456,75.87455280578298,20.921078675182013,0.36788423859140396,0.16985625125502615,0.0,0.0,0.0,0.007901931674718397,0.17684285977812012,13.026539511869993,64.63369425521505,52.285908249759544,-59.468046538615475,-39.86888459181763,-47.13606970674569,-49.11370707077467,-4.189926392946615,1.7943740578417655,1.7906361885397737,37.24418975810289,21.174013725082972,-15.147865351640442,68.07236662104226,45.20842616440237,5.496685933106664,66.213,180.881,100.188,598,220,2384.723,14685.968,1155.115,70,15877.674032340397,0.9967555637090774
hur11,11.323275061093453,4.410897489822913,0.0,1128.859744905059,0.4039666948144723,0.0,7.903839167368911,0.0,0.0,918.5702678850461,0.0,0.0,55.83505029881632,233.46234003631213,4,89.34419259047338,93.72575003431344,95.67621668669828,93.49753075107049,83.90463704922713,70.74241206882459,59.03370492055532,52.76343282300178,73.77349786332667,0.2497714712183683,11.73181011719575,0.0,13.232284394932702,2.8667824266572888,0.09492877827274562,62.2275153262374,70.60006633536244,80.93765867264361,8,22.870564018343323,0.0,0.0,120.43722938688731,0.0,0.975691803057893,75.02073529982835,0.0,0.0,0.0,0.08979348557281644,0.0,0.0,12.683895341985687,2.0975696953247325,0.0,209.8120575959025,197.0618350740357,129.01943995814125,181.8328188651057,157.34461738537203,12.767365343322359,106.46951505430684,104.57162739633152,73.16097676373897,95.37754810235833,52.59145210494934,96.24529104933316,34.16850173665544,15.87826870952486,10.185122579391523,-31.84358132739559,72.40382120620734,38.46420313094576,3,-2.7847235558176653,65.58773858394774,-64.87829693255692,-55.80685439340659,57,754.2281421742414,0.0,74.3824285638145,0.0,0.0,292.9170317834388,182.4593388121614,0.0,25.617571436185504,0.0,0.0,0.0,11,20.677721668579768,0.0,0.0,0.0,0.0,0.0,0.0,-17.697584873971792,24.188027667741586,12.691196545991597,54.325380041590634,-64.87829693255692,0.00659057985885109,0.0,36.28029124556733,0.0,0.0593152187296598,10.358158719202482,944.0000000000002,0.0,0.0,0.0,0.0,116,16,75.73195176369579,118.00408547081399,37.63412344713408,45537.00000000001,115902547.3449549,209.8120575959025,12.803514945720494,17.374394531370427,40.43757907082467,11.857263321837861,89.97363793058356,17.850559472535476,139.1295364635747,16.815937966248736,93.60906998383777,33.65034080756247,153.98327522448395,166.32325133323195,10.0,77.955640331876,126.80663780261958,34.505006264542224,1926.4095985069405,629.8009533186781,14.70692211911727,62.889734239038035,75.83713951752983,82.24194276784955,76.35418472412603,342,1,16.957788384946838,4,81.46513653178121,92.94756218788548,199.2318334197162,75.92720061428824,66.02763748147869,64.6232557822182,65.50444992198629,50.85127842101693,33.444304086461884,53.61792210942215,199.01689764100303,38.96891998652006,0.2438514547774903,112.10859211602862,63.686497781606334,86.84333474074981,82.55708936595892,20.804161073124007,1.068139979449997,0.10792932693772242,0.0,0.0,0.0,0.0,0.0,27.83198431835052,65.16693809909921,52.73454724335547,-60.030548821747466,-41.383510508855615,-48.23756900049933,-50.771160671432256,-0.5281687463558843,0.6942980627765948,4.363849731978267,51.459137807010606,24.26952141665006,-16.937315914357775,68.95526822976467,47.43801482871844,2.885355424576757,1.721,9.08,3.303,0,0,72.389,236.117,10.092,0,2227.8622090515405,0.9946292663527382
hur12,23.620975477383457,4.225731473619472,0.0,855.2509874815453,1.0996842299169811,0.0,6.991112434647531,0.0,0.0,864.001034315163,0.0,0.045301334995453246,60.06391535639873,251.10011608847816,4,96.98418335550976,99.83140279877576,100.0,97.66481894364252,88.63086773851032,75.9290802191764,64.30871586645677,57.74902520028139,69.47046801545876,0.3655166352580054,35.97628222472125,0.0,30.30490207656292,0.0,0.06847622324017567,66.25303000214288,75.75108445940351,88.5970827200969,8,53.26303225477642,0.0,0.0,58.90321771590782,0.0,0.0,51.32317129639939,0.0,0.0,0.0,0.0,0.0,0.0,0.007503505971660911,3.234250522815204,0.0,205.60495286843465,195.17185472776623,122.10582318283623,175.1415001074483,157.75519130594643,12.30091072746298,106.73675677084988,102.91067332007113,75.55870008959725,97.71393516581067,53.903655499822484,96.32075945602051,34.31608951799717,16.67445237528893,11.344495576487445,-31.462491683690555,70.78070061440737,38.45451254515751,5,-6.16833571516226,60.68974980518839,-63.657636424949686,-55.88599244533203,51,808.902958294059,0.0,88.26654839933927,0.0,0.0,551.6025392159294,176.09992611322767,0.0,11.733451600660743,0.0,0.0,0.0,1,23.327488137768256,0.0,0.0,0.0,0.0,0.0,0.0,-6.247055077874698,23.414774177990978,12.349379484228594,52.36502526630496,-63.657636424949686,0.0,0.0,36.074280381926016,0.0,0.0,30.30490207656292,943.8091119018409,0.0,0.0,0.0,0.0,116,16,81.02068056070244,76.00965592115035,37.672024824292954,45526.71643204099,99362413.50702259,205.60495286843465,13.278023219298705,16.700703485141435,38.45451254515751,11.71863546179206,90.14385909188593,20.535332020656725,130.97818292006974,17.34034287344152,89.48459838276784,34.506164301406145,143.2857755899395,155.06109416200567,10.439577392390994,72.85304069542886,117.74701786991388,37.4773918876543,1270.2502097572028,636.1262213811491,22.826836597543576,67.83718668278838,80.87496009213804,93.66653724855875,74.27469769027817,342,1,30.807675747904963,4,81.51057850545645,89.62334548579713,173.26674511337848,76.52246935755454,69.61816310162277,67.38799967594618,65.56037655497711,50.66300118180731,43.963752384307206,57.676242515211065,205.2637841915395,50.99786196630668,0.548274952887008,294.8798641145705,67.82550152886367,81.2038405882951,89.99743501059463,34.203345973666686,4.459708859449329,2.4934422018940383,0.5051172948069714,0.0,0.2644137607652536,0.0004444560465851799,0.1535144243261556,34.95926322259268,72.44952337883983,65.40518859897979,-55.19699360232624,-37.7020483525986,-44.16017816733264,-46.58165058840231,0.22332216692683732,3.746132982955155,9.522010987459117,51.09397705587846,33.30426432760306,-7.271574111924361,76.91895739844595,62.02694666425336,4.683858097656618,1.178,7.215,2.4509999999999996,0,0,48.156,120.25399999999999,2.088,0,1450.1870631783727,1.0
hur13,22.09927712251187,0.8439302746570834,0.0,1405.769303072429,0.07080267672101648,0.0,0.5705275784280827,0.0,0.0,855.6458418900042,0.0,0.0,62.669810122199785,281.9866845546204,4,99.65578276058073,100.00000000000001,100.00000000000001,98.28272803564292,90.91237381472291,78.50353464719318,67.65524559024722,61.689191773847426,69.75009050499798,0.4238675328041644,5.4637184184168675,0.0,5.3604303898469725,0.0,0.4025708418864517,68.56300254003132,80.216939064083,93.45982973435497,7,39.91164648845001,0.0,0.0,145.45505487415724,0.0,0.92598975093534,92.64860919649736,0.0,0.0,0.0,0.0,0.0,0.0,26.72529257993472,5.477672157646046,0.0,202.71090834500006,194.74798348892205,122.06999923874749,175.89159601011656,156.28358372561323,1.4638048522816314,109.61774621469648,105.55528661993755,79.72587341944393,100.78987358805983,55.32877279330902,97.3792899975129,33.55863439757966,16.623041037850044,11.806976609595894,-30.971453206880152,72.40843050103149,37.03585407886368,6,-7.647621863924052,62.948542543676496,-58.472102066755305,-52.86864396481131,48,918.7149092659735,0.0,27.619850818027484,7.740932529809597,0.0,293.0606440943714,213.14407811470423,0.0,64.63921665216294,0.0,0.0,0.0,13,23.92093175832812,0.0,0.0,0.0,0.0,0.0,0.0,6.608820647229391,22.945252009634526,12.585273225278307,52.32866991237384,-58.472102066755305,0.0,0.0,45.720948783953695,0.0,0.0,5.3604303898469725,926.0000000000002,0.0,0.0,0.0,0.0,116,16,83.61334856721503,150.2691743085872,28.787822642939297,44559.0,170316583.44613186,202.71090834500006,21.282109116704603,16.623041037850044,37.03585407886368,11.867557500231461,96.08976696401072,25.278423016840875,129.58558474304135,18.048612168926653,88.22139815849211,35.86511487685842,141.90923804035137,151.5442965072285,11.76287807544146,73.643769375294,117.59076443344786,38.591586042740985,1983.3525673600996,654.4359846242251,30.17907063603683,72.83918091860986,84.8601825924361,107.44382679459869,74.61965631317555,342,1,14.63457092264453,8,85.1246629900496,82.4876312126665,210.60418040376013,79.90960239562013,79.24585684300253,76.49631035949709,72.37187361745816,32.979005052911866,61.78966134210049,66.5065502159634,244.60335812257122,69.59231783221394,0.487761701609445,59.804704842145796,75.27312631286708,73.96565336607986,96.04256517953004,42.74925298576411,0.9280382214412004,0.0,0.022616785040419782,0.0,0.0,0.0,0.4889983164400524,33.516197777926806,85.05067259898786,84.8462926648503,-47.715213598467464,-34.1946455436645,-38.33833789470128,-43.59441249259611,-6.420683134547837,0.6743015041435816,2.907995612630519,68.86156057941096,44.15224885087449,3.6888471352887313,82.61547190790537,72.72365049525274,4.210932569594067,0.87,9.957,2.705,2,0,60.598,187.708,4.523,0,3042.587886416426,0.9952001909914502
hur14,18.361502351595604,1.3619327572502864,0.0,1313.342372392744,0.0,0.0,0.6998678761904844,0.0,0.0,821.2823018983765,0.0,0.0,66.1475013406411,382.8683635926634,4,99.99999999999999,99.99999999999999,99.99999999999999,98.73286467088747,91.96065792805052,80.149158606685,69.33955748082734,63.92193507297972,72.2306646749243,0.2879685145114305,0.7218782371107866,0.0,0.9544196096847828,0.0024714131038727845,0.0,74.10088215761468,87.47927073040363,97.79801472320223,7,35.97822476337498,0.0,0.0,118.36147806186278,0.0,0.0,96.93704553123675,0.0,0.0,0.0,0.0,0.0,0.0,94.43832772331115,7.724979210370507,0.0,191.6980418716587,183.9157458025724,114.36109224143584,165.59308379624028,144.06149023727173,2.053107717141025,109.19311927136303,103.87263659618151,80.67234829399165,101.45181100170531,56.045496888127516,87.51662197262176,23.944670166041075,14.731779558102009,10.564542876519383,-41.060950746680795,68.31612377191423,33.24300262279232,6,-21.774650915647516,53.582131955014795,-69.68248335569525,-64.82716797500714,48,988.2126574512127,0.0,12.077834216529986,75.83892381389796,0.0,258.8570042511339,319.27795317200463,0.0,12.083241969572034,0.0,0.0,0.0,13,28.619616985377764,0.0,0.0,0.0,0.0,0.0,0.0,16.747403479832943,20.892092495492424,11.260006236497096,49.09523621541776,-69.68248335569525,0.0,0.0,48.256210886294454,0.0,0.0,0.95194819658091,925.9999999999998,0.0,0.0,0.0,0.0,116,16,85.87365789541337,118.56047171264763,28.338222191567834,44558.99999999999,109046947.474755,191.6980418716587,22.01266725309159,14.731779558102009,33.24300262279232,10.564542876519383,99.9566811827431,17.868651315589705,126.33235197915916,17.984033735013938,84.39323031053927,36.30856213227309,138.64553545375458,148.42760583771096,11.236287186460459,69.38517138840228,114.32304891928055,69.56976263210977,1755.4825119729312,643.6287246726172,41.509662226188254,76.99023042114348,88.55872251165144,120.28874466204505,63.88896373910756,334,1,22.594930698876574,5,89.78283745834526,91.13772278419736,250.918997928987,79.63766734332008,80.96709753911261,73.56678008404046,74.76261171611593,29.76487485374771,70.65468792734468,67.83310527706317,348.80495383547793,86.32792190926514,0.35273086196026676,10.23254439086097,83.91307606888923,85.69433271735213,99.9566811827431,62.440103493723434,1.744608259211542,0.0,0.0,0.0,0.0,0.015966264986058142,0.5232981133754999,54.6452184618713,91.59903737670419,97.8165426469711,-45.48758982888762,-29.065065649658177,-34.561671302499946,-42.46763799374427,7.322165373168816,1.439962792170678,5.834206992712222,85.32958817402054,50.92798898185816,5.664047346847775,87.69257569715228,79.17108783707366,6.399361696173099,5.629,107.002,21.154,7,0,728.069,5903.934,42.013,0,2587.0194373858058,0.9972255350037504
hur15,34.01422207799206,6.665015698075417,0.0,1013.5667705965159,0.0,0.0,1.3901044946379808,0.0,0.0,791.4776994616348,0.0,0.0,66.09220222393986,305.48252611491984,4,100.00000000000001,100.00000000000001,100.00000000000001,98.01610690958371,91.1548679389739,79.55414620369223,69.04275911982359,63.45100974334989,61.23777776455646,1.011874260075234,8.843166815997971,0.0,25.22647065341292,14.449709114905149,0.6722793124812175,74.03480558267303,87.15454651246728,97.50544730672988,7,49.26227571542234,0.0,0.0,84.39474581319469,0.0,0.0,81.88198113639754,0.0,0.0,0.0,0.0,0.0,0.0,47.698960113893826,7.731205843032356,0.0,193.70580329915705,187.3312871093852,113.40491036298695,165.7917405417577,149.33261409181435,8.055120192713396,104.64122003218728,99.04473472435147,76.00119646246853,95.56332770306541,53.736485490081385,92.11320356730653,30.320886819468033,15.148024121136833,11.022108633979625,-32.20662702926147,66.07262248107048,33.32078855219954,6,-18.602345257027842,54.32171258522158,-63.02871319825388,-60.96395959780536,48,964.2158088266951,0.0,19.133695688457482,5.009440478256546,0.0,214.29521929313012,206.64053472734375,0.0,75.85686383328598,0.0,0.0,0.0,11,26.62038228632546,0.0,0.0,0.0,0.0,0.0,0.0,17.893484160824283,20.740204265556113,11.345881992056812,47.74542347121033,-63.02871319825388,0.0,0.0,45.771846921800496,0.0,0.0,10.612950936069302,926.0000000000002,0.0,0.0,0.0,0.0,116,16,85.45283562399068,84.76162604504619,33.15652243107912,44559.00000000001,110682769.95971632,193.70580329915705,21.084815919974698,15.148024121136833,33.32078855219954,11.022108633979625,99.74532313450943,15.124918852678302,119.54649476861155,17.77519152849817,81.18453060391914,35.23659350414031,133.62664037318726,140.78498124267065,11.334231507988564,67.23020031006293,110.06242005961376,38.187748544502384,985.4820900397726,618.9034355160318,42.596742948422644,76.73180587743316,89.02883411854394,121.76503681260286,67.68876749023067,334,1,14.556157572364704,8,83.96887980478577,89.0523968954951,265.23299626168796,75.41217494813485,74.2793900707629,67.79166679440901,69.84727815993313,33.32938164686517,71.66017409958287,61.204374198399414,251.86732017948864,95.31701349143957,0.558083853905933,98.28874437612215,82.99235851292705,84.40380686179941,99.74532313450943,54.30345915287068,1.7328616533807668,0.0,0.0,0.0,0.0,0.0,0.040451556721914805,24.805555339428867,89.45628949060227,103.51772963063968,-47.25959218596432,-29.79338507137318,-36.58627256262336,-43.67743749403442,8.886753966024783,1.7122707147927299,4.020971738408422,71.25607370818305,45.45262108106568,0.486281617450534,88.4956214202815,78.79621396873868,10.59691906396213,1.391,15.136,3.671,1,0,79.622,296.709,4.895,0,1315.2010260799766,1.0
hur16,33.18075144316512,10.37923796573337,0.0,1215.4553617425622,0.0016240446372057286,0.0,11.30335445236914,0.0,0.0,794.8609197349496,0.0,0.0,67.8104898062927,414.8593074310987,4,99.99999999999999,99.99999999999999,99.99999999999999,98.8083381991683,92.40919472966333,80.70624310049708,69.91300132179241,64.8103839052581,42.97521358316995,0.731923319813048,0.5754468233937494,0.0,6.125357677717232,5.443346796893268,0.012147443207486123,76.39694470935906,89.95853662022651,99.26005953864512,7,66.38516024765767,0.0,0.0,99.36289020963122,0.0,0.0,76.88931295172749,0.0,0.0,0.0,0.0,0.0,0.0,98.57373202097551,11.76283350794626,0.0,187.44437905985717,180.01827084987175,110.15092648376913,159.7307776962359,140.99667199762087,21.749276214274914,107.35746465952283,101.43136806115366,79.58796732853158,100.14147886812921,55.6347031578373,84.7745411699709,21.96224703172101,13.824437551674718,9.872369243728755,-43.751702943316985,65.40030974908709,31.661483722467278,5,-26.93760822052497,49.308072838007284,-73.6901914516143,-69.68956050257033,48,985.0577571328089,0.0,0.006568447519280259,55.87419877665614,0.0,229.76364743671766,302.1483715886405,0.0,44.119232775824585,0.0,0.0,0.0,13,29.55997619465708,0.0,0.0,0.0,0.0,0.0,0.0,19.336093801609916,19.708036999630203,10.528087426130492,46.710791687571216,-73.69181549625152,0.0,0.0,44.70000467196872,0.0,0.0,0.661943069729323,925.9999999999999,0.0,0.0,0.0,0.0,116,16,86.58494964792712,99.90324857696696,32.42573441680562,44559.0,105391242.64877358,187.44437905985717,19.193157345756227,13.824437551674718,31.661483722467278,9.872369243728755,99.99999999999999,17.83457639179046,122.77312477312915,17.437339915953668,81.52886568808329,35.633724941303825,135.10211508565948,145.65495047610762,10.528087426130492,66.40030974908709,111.07039578304898,19.60305873746985,747.1953636588812,628.6163168686536,44.557054201891305,78.67563196978244,89.19534818314713,123.89990128510416,60.07834816222618,334,1,5.968667397937702,5,91.5527069220155,94.39331119644326,254.4942186518481,77.1294792729495,78.98450452321828,71.54034975024642,73.62548617483978,36.139423308909194,69.08729938562108,66.14654113052511,358.25234932957943,88.60481904999224,0.226929309981705,9.10435499874114,84.46030242470596,85.88335906409957,99.99999999999999,67.42740487790134,2.944252752210162,0.0735869141794517,0.10640531658040532,0.0,0.041151947431264796,0.062073732050247354,0.1481882977251878,15.029315574688441,92.52133315895486,97.40186580155154,-45.75054269491396,-25.48549594085821,-33.85555554600302,-42.919669556727534,13.696108558829218,2.2761602275365704,8.258943223457825,85.56731385710323,51.853723889073734,6.9500931059143625,88.8642603378669,79.94006439763562,13.66844270021699,15.453000000000001,107.384,31.543,27,0,1061.751,7803.2880000000005,74.158,0,4023.978674248744,0.9948925614165176
hur02,15.243356567155818,0.42257024167833845,0.0,885.6814169286679,19.192587584162748,0.0,19.295639502351676,0.0,0.0,828.0833513810403,0.0,0.01975180561528758,61.83562599281969,248.65195804724135,4,98.01388025669084,100.0,100.0,97.00000000000001,88.98024819438471,75.77779309098045,63.91364335693114,57.933395162546425,4.992555361477092,3.263026023752468,54.12964304149853,0.0,59.70313873164624,18.825260259890932,5.607606910647875,69.92918089180165,79.94944546896504,91.20185561011674,8,64.13905193865034,0.0,0.0,62.81634598630153,0.0,0.0,3.675802202080845,0.0,0.0,0.0,0.0,0.0,0.0,38.059527717285945,5.323976424005639,0.0,191.79861121719526,182.67747376595335,108.1500014065196,160.2067745946076,140.21090331682396,38.82735557053873,106.11428630345738,102.56738192487822,73.89846371491038,96.65844146004127,51.0,83.96008906809632,19.073395772693562,13.96026162559636,9.084421356514142,-45.98460968664574,66.41501452519687,34.97185948760392,6,-27.854805520247982,45.175971869187904,-81.44738697852272,-79.78894551848146,51,772.4685085173032,0.0,0.49379514038218947,0.0,0.0,2011.4282108052053,174.87033432610872,0.0,99.50620485961781,0.0,0.0,0.0,11,29.754601407230744,0.0,0.0,0.0,0.0,0.0,0.0,-6.73117794557619,19.01975180561529,10.099939219454539,46.711572655571466,-81.44738697852272,0.0,0.0,31.874405584202147,0.0,0.0,40.81578558535167,944.0000000000003,0.0,0.0,0.0,0.0,116,20,82.02912011125618,63.70246397984529,76.77515068413932,45537.00000000001,78568317.59716159,191.79861121719526,9.828576330603791,13.96026162559636,34.97185948760392,9.18436057596868,98.95167967441579,16.150314083944767,127.82310973703356,15.000000000000004,82.07179870705848,32.6138034858447,143.54905263426954,154.85297468397678,9.0,68.41501452519688,117.30247350142781,75.33718411829892,88.92178127475495,612.1503626022826,32.79908126980681,72.25292291269982,80.70284354954894,93.26882205442382,58.16420144968028,344,1,60.46158833317986,8,82.1711396064365,97.07217998584206,241.98313919094505,70.97833081704817,71.2439793106848,61.08323090564646,68.11428630345736,58.477762185262854,33.03580211203391,49.34894213122151,192.56226752277448,46.87294386981236,0.0,437.4236235956744,69.4730856007024,71.0974220776607,98.95167967441579,71.66085273367781,14.361561429183759,3.341385997437794,1.0977438337429382,0.0,0.04887191687146906,0.7975448965957193,1.0021700497277914,68.64983641401297,68.32727294826968,54.51191153261338,-53.53296272355862,-35.61899735544958,-41.463419614756354,-50.92247479918435,15.33091494082746,12.288113107600118,18.216462582112392,61.9009669317635,29.344109868470127,-11.081437371345817,80.23056840069981,57.595030273978466,4.506746909921374,2013.852,2520.6110000000003,2262.447,4876557,2744,38919.24,490915.13,11130.509,38,194.4124248983023,1.0
hur03,28.47130861906941,19.005169267088633,0.0,761.9527380821279,28.618754280723376,0.0,29.23313476518962,0.0,0.0,874.6270707520408,0.0,0.6722375873885131,59.97479104330924,351.08844893087206,4,96.24685531590156,99.50168854423522,99.90300177241103,96.48138671876339,86.79926110482035,73.23035205670797,61.399046556391305,56.28806254873595,6.3956471320070065,0.07875799452541582,7.092372550440517,0.0,45.562985436203874,40.12716143182162,0.43117471476318286,67.78428070565289,77.14277875106256,88.23557268607719,8,151.94312927186553,0.0,0.0,58.87940670897467,0.0,0.17268887348448939,15.216052175154765,0.03644508909663731,0.0,0.0,0.0,0.0,0.0,30.774076430720772,17.502916444331987,0.0,195.1690915389467,181.7388823122626,114.89217549885181,165.17586993922154,140.32179666282062,76.839469770883,108.64194137904005,107.66649274426692,75.29249595886489,98.4644667869365,52.224888220788195,82.11829743141898,17.325990544468052,13.925819600069625,9.186836598126517,-48.60142802852417,70.7356318949462,36.57716065547371,6,-25.331676594546238,49.30323021503162,-82.09350525083502,-79.8947736515183,51,782.0805902601678,0.0,3.939249612749072,0.0,0.0,210.72658447877325,216.77219479864854,0.0,96.0607503872509,0.0,0.0,0.0,11,25.409614823890216,0.0,0.0,0.0,0.0,0.0,0.0,-10.430883395798595,19.9463070100659,10.528980752186861,48.609869679816896,-82.16903812015556,0.0,0.0,33.655080267434506,0.0,0.0,5.425090857528061,943.9999999999999,0.0,0.0,0.0,0.0,116,4,80.37789149342797,67.16216440775612,66.60476931551946,45536.99999999999,77189277.83723351,195.1690915389467,9.119847537071418,14.097172944941656,36.603677466399326,9.801351319260398,99.1545538479306,12.706846224360309,133.9303279740826,14.967753031343788,86.17607225753171,32.79131584734928,151.9074607508763,163.78200648302143,8.809918984642708,73.62035051338657,125.96184301258094,23.265260421266373,256.11224121479574,628.9362065780583,29.363856341223762,69.24200907521207,81.01110833441956,89.5691166042014,59.215321835658955,344,1,12.19749340320322,8,86.73390859597356,95.62721990645501,235.4773718593282,72.18551851330253,75.40688042402914,59.4617192264651,71.58057932304013,57.22164239641239,33.42099984888794,49.72253075273089,266.796962918637,47.556827812553806,0.0,64.33913054379019,68.9961529323193,64.54207854420277,99.1545538479306,56.17987319996812,5.223314010305271,0.32190405896137475,0.5173336038054198,0.0,0.08970088700291969,0.0,0.7430880212728058,18.31818902450515,65.19357183411935,55.68880048012671,-53.88481390352988,-35.088205119962325,-43.19051827661185,-52.493591863518745,9.653003157027333,5.8304369332625985,11.402912155941488,60.43984657455114,26.31464735733527,-19.058972734623502,79.49390935696464,57.86392461931366,4.9540981999982465,24.656,57.339,32.239000000000004,2355,130,522.031,2305.191,39.188,403,3972.7147612883114,0.9985202338488909
hur04,14.868230064836013,2.2836726541266548,0.0,452.78907190417596,26.072186495484043,0.0,20.697906433542084,0.0,0.0,836.681637148013,0.0,0.0,61.31353544690419,254.51554891121273,4,94.44213304892871,98.91960201303675,99.9450834344286,97.00621631508157,88.282632308189,75.61065341176506,63.80973275414166,58.29488465289572,8.303036063621644,0.2815895618114675,40.24941516123288,0.0,63.13694234398639,27.979627677910653,1.5768884442649918,67.41121844050646,75.39754521901216,85.65716110569204,8,60.287421984061034,0.0,0.0,39.58757038534583,0.0,0.27087139428202534,9.649270279754466,0.5509772946055412,0.0,0.017622367416087435,0.02099770051766718,0.26577657046970143,0.0,56.53770185231979,6.350958961296462,0.0,196.0939409455585,183.316873712054,110.27902207802508,162.5757973719865,141.41215851511092,49.065506477380765,106.35192397440926,101.57749497875402,75.44639654574145,98.08333571267642,51.524738478080366,83.40126760793736,18.708989916654286,13.84466506635235,8.963352639665995,-44.93879547913261,66.18473259863573,35.168188137441035,6,-26.16954918621583,46.10364974452389,-80.75663682644569,-78.36475291990313,51,747.7539060335306,0.0,4.49931422567551,0.0,0.0,210.87414825436608,180.36516114040273,0.0,95.50068577432451,0.0,0.0,0.0,11,30.70783557559317,0.0,0.0,0.0,0.0,0.0,0.0,-10.440966054205168,19.94901117964324,10.961889914418792,47.62829927283701,-80.75663682644569,0.0,0.0,31.5723817192059,0.0,0.0,35.16214621746903,944.0,0.0,0.0,0.0,0.0,116,20,80.63969288074686,40.73127035153717,69.26988184152324,45537.0,53999285.21211685,196.0939409455585,8.988391546575876,14.08196826048254,35.18609043493202,9.963352639665993,96.48148992598914,10.562680188467953,129.3976382660057,14.885023605304667,83.62342763362669,32.0,143.72485516970087,157.2959282994037,9.0,68.57719827839907,116.30316484806734,64.31470357882216,148.8468071417509,612.8661194049356,22.33950027196192,66.99670187143475,79.19324052357408,89.5590339029869,59.49166809086066,344,1,43.94036376600619,8,86.81600484349053,88.43338172318381,185.2538624120321,71.04436196988127,73.12658007940317,57.52672557295115,70.1787380343105,59.68801941188137,33.16422341177154,48.781874878996156,204.32733379654786,43.98387768188731,0.14097893932869948,374.0696953136457,61.55905328527737,74.73010984827742,96.471749369115,67.3842363799664,14.026492900813004,4.623115914981718,1.6038371455294322,0.0,0.6212882515189487,0.2353558319981425,0.6792966347254673,55.441359998160664,60.721890117334745,52.45710464916505,-53.32683609572381,-32.90076035969889,-39.718140902990385,-50.58053908432258,5.273982867814392,9.693325554082092,24.20275081615869,71.6917711718752,28.061938047487892,-16.071249678887387,77.43295048018436,57.68660356787879,5.687641794478332,1.711,4.571,2.412,21,0,40.963,113.267,1.495,0,1442.7405016014154,1.0
hur05,23.29426728452854,14.725577064807734,0.0,561.0751158838217,27.83879094025338,0.0,39.08984988476737,0.0,0.0,873.5555950118653,0.0,0.007388932804558325,58.73562481623676,331.9470247760091,4,89.34137443017555,94.89580742930181,97.3415115971495,94.83900733160816,85.41250441264353,72.64562295723863,61.32048851279335,55.99714993251411,10.89912556519005,0.15998587879565726,3.650976342500242,0.0,31.877295684341856,28.92716496323519,2.473905082134457,64.03990761323367,71.18530591316066,80.71479762821387,8,139.65364421438753,0.0,0.0,43.7625042782532,0.0,0.13291869626004954,14.50204340188358,0.0,0.0,0.03199717575913145,0.0,0.0,0.0,8.36557264094742,14.747831960588158,0.0,196.3817855741653,182.9235221103878,114.08872266824349,165.3131427270571,141.0042758011939,81.69491345953469,106.62655432571154,102.95348590185422,75.50883484719672,97.79234472567231,51.49001317525339,81.93122463681549,17.860144697904392,13.737219678666209,8.427458154383277,-46.6012782857313,68.49498213037756,35.60463985539382,5,-23.64841686043775,49.80501113924004,-81.06572545246111,-76.53214261873403,51,731.8385162941065,0.0,2.1301465291050756,2.3221530215599486,0.0,143.3370491376911,220.31102226106358,0.0,95.547700449335,0.0,0.0,0.0,11,23.33360993072251,0.0,0.0,0.0,0.0,0.0,0.0,-16.03642872636358,20.854704344435284,11.002266934084417,49.74244583645096,-81.06572545246111,0.0,0.0,31.721585140961004,0.0,0.0,2.9687412215551214,944.0,0.0,0.0,0.0,0.0,116,2,77.2559014939737,47.084646058500496,58.4137746812697,45537.0,54301489.45893722,196.3817855741653,7.296503825521174,14.818145017682896,36.87497469596211,10.097428568536094,96.1795855120107,9.412277109350367,134.31380749449082,14.51064793371036,87.312308087379,31.81430546249065,150.07997402090783,162.94185727561944,8.36142813306063,72.6636728088659,122.48304130470883,33.21178514743839,219.95781608146854,614.9955924718238,14.41463130117688,63.145184701623954,77.70629257345556,83.92360676749524,60.11401234758727,344,1,12.686866829558756,8,87.25454703870545,84.53929928618628,181.78486110566865,73.0007471205737,75.38792923864246,56.27246810594471,69.77147864179186,61.24512670475278,32.05472189433327,47.72043595505431,258.95892489739,41.77218058370524,0.2559774060730516,34.99992156940646,58.10541796553247,57.97665136234954,96.1795855120107,41.85250378412393,2.9400358180549677,0.4612199664163769,0.3070173260990297,0.0,0.1053754096366639,0.0,0.5801022227970867,22.66698259682539,56.91079341028012,49.316235546642304,-53.78986095498678,-35.04360305709237,-42.99745669102217,-51.48723180904865,-3.266139456375137,4.842976925444874,11.061475415653941,62.278540047224524,22.783058016567946,-22.56644779841844,75.75184934009576,53.78985367470394,3.3444336306203777,14.358,33.367,19.494,285,154,400.977,1728.105,30.455,250,3326.800387545241,0.9970027254260991
hur06,17.2893879288829,12.902475951596658,0.0,727.2804046691145,10.946965029032357,0.0,24.871764392786584,0.0,0.0,830.5269059021767,0.0,0.007999530523439704,60.59304942146438,278.0180905090594,4,91.85272418511379,97.3106150710623,99.55738335861933,97.4246740720424,88.91181388204707,76.74389403647804,65.02183827304405,58.975273065191715,11.12231176275648,0.08422601002106064,43.53714794352098,0.0,60.116627745600866,24.51255962237654,6.0260054575863835,65.56081496061678,73.0269461551961,83.1046003548229,8,93.0471892122391,0.0,0.0,64.57266665692381,0.0,0.0,7.364084597352563,0.0,0.0,0.016845202004212127,0.0,0.0,0.0,0.01599906104687941,8.52449526879925,0.0,197.20408769128667,187.13129083217714,111.7584050038189,165.33803847041224,145.39957048919993,48.57337796744178,105.82181555307966,99.84642747361237,75.53370515726122,97.52970539199953,51.68055000701319,86.69801186676136,23.168306474761835,14.167804831293449,9.731163614011125,-38.609652172489405,66.70916169280761,35.15606751144127,11,-20.878307366974397,50.5069819830985,-74.04293113790516,-69.548303271807,51,735.8695089442826,0.0,0.005034893741896511,9.166399507043428,0.0,578.3292389153245,177.18411059087612,0.0,90.82856559921467,0.0,0.0,0.0,11,25.09147475534171,0.0,0.0,0.0,0.0,0.0,0.0,-11.151390594423482,21.150959629289236,11.167804831293447,48.98517890442089,-74.04293113790516,0.0,0.0,30.662718185641793,0.0,0.0,35.69210852299496,944.0,0.0,0.0,0.0,0.0,116,2,79.74400905075362,71.33452512950065,59.80133469017061,45537.0,115897551.74955736,197.20408769128667,7.663244728935782,15.167804831293449,35.423680766264255,10.736386510438736,89.00646902013834,18.815995641197713,128.22888114589082,15.163805066031728,84.7415111679308,31.999884985724425,140.92085950198114,152.54115031325324,9.163690051756154,68.7092767070832,113.51908221482147,59.27184696272584,177.18713775860115,611.9159198268694,16.601956132295037,65.10860012008463,77.99600023473828,88.84860940557651,63.70201163202307,344,1,51.22782433229283,8,82.90032586035456,80.68734386087719,177.93898851519728,72.23841393581843,72.23841393581843,60.80282556363335,68.83663664865877,61.77859612618657,35.04159432066696,49.42478908631794,202.07294234296572,43.723878933276005,0.6441030864238935,355.39731142142125,58.48752754976948,62.70017798088149,88.54728828289076,45.96340022309026,6.831394786525314,2.5957194001377313,0.9008275038229341,0.0,0.4380601471528828,0.0,0.9947771035723896,56.5669719950395,60.058439522671186,50.92600889852924,-52.72217077770958,-35.475970653416795,-39.40695057853562,-48.588739527964414,-4.764833576905931,7.063246742003073,21.15915718333288,62.7450294603101,28.298963601547634,-11.560740527671078,75.40978598119668,56.59078697570715,3.2824192643722054,0.552,1.749,0.831,0,0,12.331,21.992,0.826,0,465.5434397229475,1.0
hur07,23.996736794725123,12.49267897264149,0.0,733.0524998461193,48.61074867569263,0.0,24.480119320992593,0.0,0.0,896.9110277396132,0.0,3.8404200135793327,59.010944419444385,404.84275316018824,4,90.6323243886755,95.8100681825714,97.80445597396002,94.93753682314237,85.18156904249815,72.28957977649561,61.150527812509566,56.12734625734053,3.083789791905221,0.11308819142459191,3.3481119827503343,0.0,26.55056802662557,23.85234792234562,29.135811704627418,65.16328113608166,72.8415990672236,82.4830632467777,8,129.10672927939703,0.0,0.0,52.777485252457026,0.0,0.0,7.0237576365653895,0.03489551246499964,0.0,0.028851279984831925,0.041895242669996995,0.0,0.0,25.814246256264415,13.399545296253727,0.0,195.95225636229205,181.6021128143867,116.84071433613487,167.57942684305982,139.01071117530952,85.63400996539427,108.76857631902348,106.57111282078141,77.03457954539245,99.66008878129072,53.120753121471665,79.31936799104453,15.184242565739606,13.995917465088556,8.790401120837485,-51.50549579446154,71.75335162509212,37.12992549312023,5,-23.161114761955393,52.310447217094485,-84.3168627787043,-78.18219226126172,51,756.3399253796982,0.0,7.691841903015194,0.27027722878521343,0.0,229.15631652038007,292.571920930617,0.0,92.03788086819958,0.0,0.0,0.0,11,26.24887679653274,0.0,0.0,0.0,0.0,0.0,0.0,-15.723785726672503,21.456503053899603,11.104196205162648,50.663497086236106,-84.3168627787043,0.0,0.0,29.635601669204988,0.0,0.0,2.7427727192871982,943.9999999999998,0.0,0.0,0.0,0.0,116,4,77.82228327439293,58.84512363728365,65.1487818879077,45536.99999999999,73977068.7182754,195.95225636229205,6.368333862654617,15.030727240026701,38.27227946459118,10.159423233245814,98.07490567348975,11.186029333849683,137.35673991241285,15.266613788944612,89.37282111606892,32.74850749975454,153.9216237085845,166.5858123341376,8.68285154273894,75.95153255046411,127.2167380307664,14.0553073542976,196.99701717856144,633.8038483493034,18.968532275722115,63.86946663380828,77.13544844035405,84.24704733992934,59.269249624205536,344,1,5.245756933443105,8,89.30249041956569,89.47656571106509,206.58420961213696,77.10314714621927,77.56057170286745,59.303268130970935,71.43094278559826,63.96306799691012,31.735708781945323,49.00217080023526,335.2677910427634,40.7884606193909,0.0,31.94514240813229,62.94133752714175,73.5914082969649,97.937646580236,52.238976604794566,3.1917192737188658,0.3526873603296296,0.026722246986618597,0.0,0.16513181919866196,0.04402563374118319,0.9224042855376712,7.657276451613646,59.273556098615025,48.52759039946761,-53.34378152568432,-34.98041671697276,-43.80113571534841,-49.81819668471499,-0.044532824615006635,6.227541498944678,14.75671286222322,64.34591744146957,22.150819523771663,-21.87435875067062,74.95698405122499,52.65936130090714,2.284127758877108,26.285,58.588,36.461,465,135,801.609,5181.518,58.334,131,5197.036372098308,0.995745290849911
hur08,23.13755117492007,21.435321301917394,0.0,968.6319092792149,14.701987936493222,0.0,16.96819664779243,0.0,0.0,914.6990485594024,0.0,0.48570291015267386,56.427005980464735,299.0483122824445,4,87.93431793590098,92.81755973819766,95.15469085282325,92.82860720925065,83.30245922314054,70.67750521829501,59.06282547204474,53.58527283964703,17.691553783267135,0.35694070714765525,10.760944101301888,0.0,27.35916641368571,16.876644437716102,9.470297732938977,62.40943396575483,69.94262240868936,79.74285360103286,8,71.18916624491598,0.0,0.0,64.13076862787138,0.0,0.0,35.285293044127286,0.0,0.0,0.0,0.0,0.0,0.0,41.92786466302601,9.333050463674862,0.0,200.04822116404537,187.0887599747985,120.31146286500892,172.17148705954136,145.88592916313402,53.10511495810205,106.90747491566316,104.45524899744096,74.68905600872863,96.50781702615063,52.424052085546315,85.7165256630586,22.59415102901086,14.776372656286432,9.373031123731955,-43.42362518128291,71.66094159314626,37.60101237781498,3,-14.27491046283599,58.298981004491495,-76.70935965088982,-67.94446313316877,51,743.589543558701,0.0,7.915513469287709,3.053302859946861,0.0,337.60544718531304,206.90669119612946,0.0,89.03118367076543,0.0,0.0,0.0,11,19.408494308906224,0.0,0.0,0.0,0.0,0.0,0.0,-18.65465664548352,22.9827201963306,12.17929325262542,53.26751476570391,-76.70935965088982,0.0,0.0,32.19691394272352,0.0,0.0,10.499729675388647,944.0,0.0,0.0,0.0,0.0,116,16,75.3570561431977,68.57476946327324,56.12638402547879,45537.0,93693827.9738098,200.04822116404537,9.800433948551103,16.5722725162259,39.91392569871705,11.246871833444459,82.65752772593581,16.276074504308074,139.11378820760416,15.863788014691133,92.1441241676097,33.18341206634459,155.0391166036295,167.37015073526462,9.25411347091562,77.68036024827701,127.24013262556566,23.34967700185689,462.17628289216043,626.5818592427668,13.27107002034779,62.02831144108785,75.37937556292549,81.23744073375585,65.90919742357289,344,1,14.068678616615715,8,85.60210325468853,88.95203659630155,197.50319613776574,74.84477451772729,71.13770542401932,61.01276926029191,69.64229250265441,57.97827665745387,31.763567832491287,50.18626697948711,241.67963982438164,39.2200779951564,0.0,101.44962066660673,61.45606059015276,65.76057013946372,81.84076729679555,30.835897526941608,1.3132410631703082,0.5378674475577792,0.12054625977016163,0.0,0.14766327356869466,0.08021528924911786,0.7497935279266774,18.67900632505921,60.34101920482068,49.1744148912561,-57.566428256794566,-38.54454994801225,-45.24743522671337,-51.757176380614744,-3.5192162825247104,3.445261201306508,5.718557855539659,41.70808486850694,20.502542716338805,-21.233058037258658,71.35267813215727,48.04405715614519,4.813913723521294,4.907,12.646,7.046,77,0,122.87,377.423,11.974,0,2677.987434797579,0.9970390075708109
hur09,10.887791898546311,10.871135273623887,0.0,1856.5803411786098,0.8393076638334037,0.0,3.068562539236369,0.0,0.0,928.5369390281494,0.0,0.0,56.11411864876874,222.7953006614599,4,88.24317681071828,92.91773950077774,95.32630163533135,93.47593953427933,84.0941055711432,71.12507126829203,58.97798521226788,52.796455760014226,55.44854802522524,0.879682856696618,16.38592251358106,0.0,29.911869101518075,15.863212327377333,0.47615689381186954,62.67169690461688,70.6316759049922,80.37661891455637,8,27.478772639283,0.0,0.0,133.9652930320109,0.0,1.1652417842243645,67.79650248034923,0.0,0.0,0.0,0.0,0.0,0.0,0.000538755135509413,3.855107317713061,0.0,209.97795305825306,195.7673798500077,130.73511843126664,183.49227120311437,154.64660689430838,14.891951044963335,108.46977048272292,106.42631034544694,74.09388563648602,96.1662169585306,53.59886996624572,93.17678436402217,29.632544277344476,15.496763186663799,9.999946124486453,-35.5155670688632,74.38749895275194,39.10160948138508,3,-3.6246706017631793,67.78408573580568,-67.65874464478391,-58.218742456626785,57,756.9665906540747,0.0,43.12599241483965,0.0,0.0,596.9927862639846,178.91428867513773,0.0,56.87388963683437,0.0,0.0,0.0,11,18.462735629842733,0.0,0.0,0.0,0.0,0.0,0.0,-18.412748122718693,23.999946124486453,12.9270012377893,55.000064072812464,-67.65874464478391,0.011641463288130574,0.0,33.820516460965436,0.0,0.12586936532952467,14.061816066296043,944.0000000000001,0.0,0.0,0.0,0.0,116,16,75.66489437855849,138.21803417096584,46.1505884572559,45537.00000000001,233321888.13352293,209.97795305825306,12.072953780131032,17.16543078588438,41.08629120403073,11.999946124486451,78.826004690489,45.72979849028038,139.94189321079858,16.650804734173256,94.39560898825565,34.307016465043816,155.97520834923097,167.63731941350156,9.9270012377893,79.98730625613706,128.46990288623448,27.107861900406725,1176.9538473688156,638.3904278952651,14.636899316890476,61.1593171351523,74.32063105207921,81.71034520469084,75.1897705242548,342,1,16.332559502334068,4,85.42471523959811,93.56367057905605,196.82424696745295,76.51648014320298,64.98693372876754,66.03944962101025,70.51860896620413,54.05632744267765,31.62702137991494,53.78677873944955,194.3092514140177,38.08174855687129,2.2699891691612333,139.19017848954377,64.54945375000199,73.31330011929674,71.1306719592429,23.98434172392861,0.6985656767041497,0.04550470164589488,0.0,0.0,0.0,0.0,0.07299876221070249,20.84556551144073,62.076487566189485,49.96366078691641,-61.260930356218005,-39.01179161306732,-45.19126512675469,-50.77092173346047,-0.7039564373747771,1.692755645469411,1.8584612845395359,47.73223641182225,23.284706486270032,-17.34469816571158,68.63520396818423,45.62358296827595,3.042409315697718,0.662,1.783,0.968,0,0,12.264,19.676,4.716,0,1283.4666783603982,1.0
mic00,2.824498681303323,1.0615319022872947,0.0,496.5867828749052,4.001311450442435,0.0,2.613803954352059,0.0,0.0,848.3376479866023,0.0,0.07249543167039349,64.95360104054615,227.43839660384964,4,98.184694935735,99.7869561024648,99.9225696786206,98.28222492051545,90.81349178778402,78.82901882695462,68.06050414105061,62.321417761179575,18.90121214387621,0.6172396724928207,88.58258175374739,0.0,91.0619269385127,4.226687185140166,1.2451446463246598,71.54681343632203,80.60492877175197,91.57718005361126,8,17.414443715121063,0.0,0.0,20.65016682816399,0.0,0.0807612589264678,3.018595195112502,0.03343541828288362,0.0,0.039703442457933606,0.0,0.00709059221806043,0.0,6.089202291607923,1.7046484417169143,0.0,205.72774308500232,199.12588360171978,121.51149466627326,173.9402720097348,159.46111739725305,7.665376462577361,109.12122389190168,104.21540276103772,79.29303837254656,100.12093969263233,56.81695102650373,100.27635743829984,33.7786559454451,17.00511916604463,11.316373703019364,-31.70405015723342,71.18495866096255,39.19747337901282,11,-0.29009475314929123,63.860175472504615,-63.054807165568334,-51.83558357675315,51,824.3538595160968,0.0,15.660136262148097,0.6228360934925576,0.0,536.9237840571752,174.63321169042376,0.0,65.94217823199813,17.78113497470879,0.0,0.0,1,17.687651025925323,0.0,0.0,0.0,0.0,0.0,0.0,-2.7986545774530605,22.858556086252936,12.385058377015303,50.97016697632166,-63.14643874474478,0.0,0.0,35.22130618879047,0.0,0.02438917362369622,86.80257616273643,944.582380591128,0.0,0.0,0.0,0.0,116,20,83.82999415417261,22.13630056686894,54.09154244942501,47356.0249087881,1123675455.9223676,205.72774308500232,13.697860964291786,17.066109711070894,39.22670614250178,11.622725509131,68.16642120821393,30.762728862187824,127.30485899647448,18.084921974243983,86.94070317830071,36.36180028520192,140.83638520630518,149.96844017338944,10.97734918676284,72.67618516905138,116.36587435658865,93.42596713642006,78.5417610526761,653.6852947294541,27.709551620587447,66.80473315964788,78.48707150731148,97.19167374991343,75.96512905047737,342,1,89.0966896288291,8,88.76991603363894,94.27039450066479,254.85895799361245,81.81674470463585,76.48602914275807,74.27022136660246,72.11706990963025,51.073293221582816,35.17601956485091,55.78795815090538,179.66002207926215,47.95708467843811,1.3454776293076482,872.6817044243218,70.92848349641883,46.31833843710273,66.08435656277716,30.47069987518221,6.934201274809522,3.750801525318506,1.4195883735011383,0.0,0.36808723609165156,0.18865532526769324,0.6229447836919879,91.9787347245194,69.04390659989063,57.71843473434767,-48.95602216601833,-30.228420863792213,-37.923151095560385,-41.87795845225962,7.6755321886635235,6.6088062574913184,14.301401890546568,35.02273928031565,29.642019893195087,1.1028711267578055,75.51551797326081,51.30406785380833,3.5876227559108407,1320.034,2026.876,1605.893,16531,2744,38504.143,472885.077,11125.327,54,57419.70653540778,0.9995478016674414
mic01,19.636628348197032,5.467045179719593,0.0,244.3828418297961,31.824037730728378,0.0,15.510566388742411,0.0,0.0,799.7481654394414,0.0,0.2899533788741995,63.85449560514701,252.74782145309112,4,99.71260769743877,100.0,100.0,97.2485928027982,89.34965235768594,77.63255700922649,66.19566817707486,60.00640524860838,1.5859576703190827,0.07071494130378445,42.681497115849375,0.0,65.2525798832781,24.547154684352694,5.762128544254384,72.66343460036221,83.1530295770295,94.47188309654537,7,37.50918983058453,0.0,0.0,29.699411094949333,0.0,0.0,3.5289039899843035,0.4483195403980468,0.0,0.0,0.0,0.0,0.0,23.60351545264081,5.291558346946926,0.0,186.60174268438553,180.75730402730252,104.0967071779654,153.10276509222282,139.7045813202561,52.869006888152676,105.73800487130673,100.23801907544369,74.29375785845949,97.75315953564623,51.0350270280673,83.3070418732087,17.447898353555207,13.317553896106332,9.096084923389169,-46.98081551829434,63.4456807020879,33.44914325253928,6,-28.57872627220141,41.82157770870156,-80.1866484017421,-78.79768015596812,44,790.7202242579503,0.0,0.0,0.0,0.0,247.5940333471119,178.1842854779369,0.0,100.0,0.0,0.0,0.0,1,33.242748954345316,0.0,0.0,0.0,0.0,0.0,0.0,-0.9897758917222297,18.369105467890886,9.914537970951123,44.33976630031326,-80.38513109190623,0.0,0.0,31.29699150424555,0.0,0.0,40.76603148432591,944.0000000000002,0.0,0.0,0.0,0.0,116,20,83.7865276237067,31.992175880472445,84.97536054784828,45536.99999999999,12991815.462432437,186.60174268438553,8.669107655839733,13.317553896106332,33.44914325253928,9.096084923389169,96.39222896431568,2.479786984592481,123.89220694375658,14.981737392634768,79.38484862662062,32.11038747926557,138.55918546415072,151.04107162006028,8.914537970951123,65.44568070208788,113.54221551479736,63.988725096312265,61.588425950868576,603.6710586885883,40.561816274444574,73.48174234450066,82.60589583671035,99.01293890964985,55.93892911465601,344,1,46.217842489353856,8,85.06571038753654,95.26380174497807,462.7988141681317,77.35704564651382,67.82826066755148,58.15732507586115,69.64006917940809,60.28157592409754,35.18130394376937,50.969409488814534,202.0931975416944,50.53460737309269,0.0,386.00859336376226,74.64117842212758,81.1810159394174,96.39222896431568,77.38775199790962,20.541082893498345,2.6566104071727406,1.2003573350300085,0.0,0.48846976756176663,0.18617532816517796,1.095695644365789,57.367008114012876,69.48761703760593,56.21082634666291,-55.13794196426149,-31.193351256201574,-38.53029965674643,-44.08203498578037,16.713258643088295,12.503296325773723,34.70335785301955,70.55344873395562,34.42387589927149,-11.19233660580885,82.1052540760498,62.13454624750403,1.7653474123495636,3.7430000000000003,7.674,4.73,16,0,37.035,94.816,0.774,0,1669.0777805570413,1.0
mic10,17.623283218008453,22.696581816078307,0.0,2483.3908316168263,1.6847410029375822,0.0,10.441181046399368,0.0,0.0,898.6561564137838,0.0,0.0,61.26582467367987,256.4777245494286,4,87.27337987621881,91.12988814087822,93.74854245275367,92.68021367477293,85.03942566481167,74.31190927048038,64.81037498065133,59.539677984568996,43.928242845123,1.5803797879223636,10.135401599088235,0.0,43.14211141662726,34.881350955487115,0.5815061651427663,66.15023397618612,72.92770549946233,80.53836309388983,8,32.85032454091256,0.0,0.0,183.01053351095064,0.0,0.0,53.64176513884975,0.0,0.0,0.0,0.0,0.0,0.0,49.23621848264816,5.968525111237146,0.0,207.5913849791822,195.077142434073,127.65774352530593,180.47064265971602,147.45975858036243,34.850949202444326,112.43057831860509,107.83031077291432,81.68103758856361,104.5303446777807,55.96157876780204,87.8014047953505,12.07411733242423,13.098434955631625,7.02740343989401,-62.42811571911634,71.45166098065683,35.40699539718273,6,-14.084870650644586,62.08610517701248,-94.95370622783415,-73.61172691824146,51,767.2395211689856,0.0,43.20896331647146,0.0,0.0,865.2966328006903,196.04639307150975,0.0,56.791036683528546,0.0,0.0,0.0,11,21.06881963537107,0.0,0.0,0.0,0.0,0.0,0.0,-14.673407610446853,21.809758778245765,10.495809381451469,52.19057197699357,-94.95370622783415,0.0,0.0,41.54935615562502,0.0,0.023505701245340974,8.237815591634911,945.0000000000002,0.0,0.0,0.0,0.0,116,16,77.43083061648893,188.89656881003697,41.84077453751256,50142.0,411679475.8426133,207.5913849791822,15.94870435523372,15.070352102318937,38.29630537649022,9.025815319983765,86.71873311634849,62.8304178485413,137.22420850456476,15.557283358041078,90.96784302115535,34.404121025760396,153.9028894197229,164.23690656733197,8.0,77.35391187544661,128.49194312143035,20.566014242569118,1352.5227978715573,647.4036957860964,12.39158493668114,59.99404899138461,72.14354824197065,85.43078198041428,64.61089936304178,343,1,8.12204966080551,4,88.55865529074613,89.1133773457427,244.6354745583638,90.10492807637159,87.47340631441806,68.7504340012691,81.52077163786502,42.59593673064762,26.72966331996483,50.74887494938244,222.52915742032286,32.295021042112495,3.4355403549584707,77.33391333709363,59.51394162894482,72.5598764342386,85.4890732138256,47.02512096785634,0.6512890183048652,0.21495073485267732,0.0903620906072856,0.0,0.0,0.0,0.00017251110271165936,12.489652295993462,54.37936024477793,38.111308845590955,-46.75643436927713,-35.399644590941584,-36.486527372464145,-41.38257136104355,-1.8818651358687004,1.3674643936599862,1.9173117673661322,44.197878018401084,24.568066993061098,-11.010065222502798,71.82735276583936,43.350705943766975,2.6774671966803427,131.255,187.094,152.136,5010,1506,3541.951,31870.256999999998,891.566,318,1237.643025926412,1.0
mic11,19.080197370193567,20.920632218719646,0.0,1706.1142710127574,11.87680091449339,0.0,18.116424731714268,0.0,0.0,906.6272176892638,0.0,0.0,64.66908908443109,355.38412233463737,4,89.7052704771786,92.95212261763506,94.76522597240209,93.48378585204868,85.88577849546593,75.37928383687037,66.14278957722748,61.513594768216954,32.919955323047034,1.308244986491589,6.196510866418915,0.0,36.8079237018279,31.684218402546175,3.4938186953426884,70.21035671704126,76.4181125037777,83.7827551095355,8,65.62333471563946,0.0,0.0,133.87861428763387,0.0,2.3196215268820644,41.59902879508717,0.023074138758060303,0.0,0.0,0.0,0.0,0.0,44.16016865779685,11.958879889150763,0.0,209.33666880288217,194.78866701070456,132.357991453224,182.8293145995563,146.9993021042261,50.9000400405748,114.60832392455707,110.86066858251428,84.68640150260481,107.08654132520397,59.109752785244716,87.25943989133076,8.477087072909208,13.632336438255342,7.052385336833027,-69.27883923140959,74.17535392417251,36.92520863575409,5,-13.746860810818198,65.54578566733471,-101.18975884731898,-77.171370177067,57,795.2856842442421,0.0,25.581203232552465,13.894071048885083,0.0,750.7114537092882,261.5162798523935,0.0,28.369677969806798,31.915198881491964,0.0,0.0,11,21.360414885879457,0.0,0.0,0.23343145451882313,0.0,0.0,0.0,-12.182792211310542,21.803229680815765,10.226401274809323,53.22033296280718,-101.18975884731898,0.0,0.0,40.630797758241506,0.0,0.15011059695717907,4.982340881448462,945.0,0.0,0.0,0.0,0.0,116,16,79.61474570008649,138.60818823398742,37.68723833056698,50141.99999999999,351769367.1542703,209.33666880288217,14.487253808059872,15.16496224541887,39.287259144787235,8.606995334136675,89.09569958213716,52.13977771056373,137.63057910657287,16.25230399962109,90.9395208131804,37.148298931005144,154.8501028149687,164.67235366230364,8.056145576780493,79.70343143960335,130.7882069293692,35.94910774162444,1389.4822380858402,669.6544958541638,13.297659018252743,58.9427273609417,72.66557514256895,87.76808054300648,63.87862772933188,343,1,8.938410552673611,9,96.7892374972682,98.84924174424185,298.2604599664876,93.51340266863654,92.58650630602341,70.70403047988606,85.89978580215653,44.950901340554836,25.50141989488729,51.14296477852257,295.2526956078294,28.19441790729151,3.238577191976737,53.64645527325001,61.544857969488866,76.71825245630664,87.74842944277833,38.99679179952258,0.804953399591358,0.3169446379720605,0.12743851120205532,0.0,0.02425181722636439,0.024371569721448435,0.14700408830905015,19.742270981818482,53.13458971461826,37.37340970908007,-43.73773865047794,-29.60748215434788,-34.33272393274005,-39.49817571660308,7.667184768191396,1.6922815614491782,4.578846237310868,44.69370278491061,23.17230846838136,-11.262940988069206,69.53039955505038,40.74161622761205,2.66518639879913,122.507,180.89499999999998,143.911,5010,1506,3300.776,29183.963000000003,785.866,337,16415.226111150816,0.9951468763009423
mic12,16.322846044231916,8.265363698150423,0.0,1221.214798777483,6.260473874682794,0.0,4.930874400870763,0.0,0.0,836.353683661717,0.0,0.0,64.46756196215073,255.5003581400567,4,94.00165506554201,97.96033313522562,99.3457804962937,97.67698910750488,90.6011412084431,79.32516062726545,68.68498145727666,62.63795775429699,41.896820664088054,0.3632536074285756,37.45655111066857,0.0,67.75050551592285,33.4770594450869,1.8618514122738614,70.29925724919285,78.02129251594594,86.86853531971362,8,83.25108012294226,0.0,0.0,79.72164285795259,0.0,0.0,42.69185697937142,0.0,0.0,0.0,0.0,0.0,0.0,42.123443572176015,6.90701627090403,0.0,201.47140035770389,193.0553200881168,115.20672078110167,168.24525918690892,149.797213630109,19.431828146958566,110.61500901924366,103.86601975055768,80.3769293264196,103.55212996589594,54.99363822452364,90.03806385707965,21.061181764087546,14.380555733234633,8.756825765306473,-48.81788406606519,67.96787613220192,36.035405973711335,11,-12.676308711114439,54.989569915158086,-83.33383133823604,-67.88096915885588,51,771.724083506744,0.0,58.6259651544658,0.0,0.0,374.89543967528977,177.69494339900663,0.0,41.37403484553421,0.0,0.0,0.0,1,23.275675505243587,0.0,0.0,0.0,0.0,0.0,0.0,-7.775256076655868,20.80928131817927,10.903410601610005,47.99216485984799,-83.33383133823604,0.0,0.0,38.1226587217573,0.0,0.0,34.25243536249272,945.0,0.0,0.0,0.0,0.0,116,20,82.53944778462457,87.10683785529919,43.03638849335644,49400.73105998176,149947059.3928248,201.47140035770389,15.230121749155165,15.05289162272393,36.2843541646944,9.814730072337433,90.10551858634261,20.713414479936766,128.78211690039936,15.962351988532172,84.98124543576137,33.658741202235,141.7737876712723,153.62932746065556,8.96543320771037,70.10537837200287,116.00969415365323,51.39507520618484,597.0052285645421,639.1637514588293,23.931954217233233,64.94037743108218,75.26855561641482,92.22474392334415,65.24324608423605,343,1,38.25234447916291,4,86.0366512139172,90.03468337998291,217.04067223799635,83.82575113573769,81.5134091906835,68.07555486944784,77.03071760606028,46.79618215923025,29.22456198141209,51.443161616298916,202.1169660673413,37.45648881970656,0.6199078684338746,347.6641466511842,63.33782229337815,68.78972044443213,90.09723882925707,48.028881663177756,4.075320681747307,2.2913007520211752,0.9630900310829253,0.0,0.33578517056025564,0.1996508035630418,0.5205387959337044,46.090032400565434,59.33878429410511,44.15738837015655,-46.8825054268664,-33.22430465152142,-33.603898069921776,-40.98934776943462,5.515532220342342,4.988211531701984,9.939117189144499,48.257546216563156,29.474093388750344,-2.8902965751731284,73.95391624147868,48.479614535494804,2.461601328690446,1.52,4.102,2.287,1,0,30.372,62.789,4.04,0,2044.0804593172752,0.9962078331089181
mic13,19.14265563115133,16.643788552903057,0.0,2157.786223159261,0.6415651231397705,0.0,3.707631198337983,0.0,0.0,859.2893522352003,0.0,0.0,65.50882525607423,299.9901600038723,8,93.51039916974815,97.15709775440068,98.73879685800878,97.74644506718678,90.47772327664963,78.78887609734556,68.57307540912906,63.131296469037366,50.19637186248711,1.3185356109616868,11.711411323445446,0.0,53.291394663373595,44.107934512180385,2.7361421905807513,71.19843431544622,78.38026738346649,86.80308917334786,8,61.77263020778629,0.0,0.0,147.87113075218582,0.0,0.0,65.96242221674207,0.0,0.0,0.0,0.0,0.0,0.0,64.43865426417779,9.63071642605546,0.0,208.85226502261668,199.47910121559048,124.29630157728103,177.97991775689113,155.16082771787939,21.083700119276575,112.61392660956535,106.53224838575713,82.45793038440549,104.49344108080064,57.99391545462182,94.3332539077544,22.09042124835458,15.27194278073671,9.013883912596905,-51.31612175253257,71.07914714409084,37.448892809212715,6,-5.495105311970225,62.665683592782386,-82.96981033522795,-62.041672738426165,57,790.7535098263149,0.0,37.505109752783696,0.24546636072579506,0.0,850.2857618729919,214.3046217461929,0.0,62.249423886490504,0.0,0.0,0.0,11,20.941695693451724,0.0,0.0,0.0,0.0,0.0,0.0,-7.968408762119978,22.200754860647077,11.37399499719179,50.76757354784581,-82.96981033522795,0.0,0.0,43.14496492007007,0.0,0.0,9.089626607887567,945.0,0.0,0.0,0.0,0.0,116,16,82.61639123210182,166.56158010586643,33.17649045486369,50142.0,384930811.9791722,208.85226502261668,19.33792267337682,16.055053252847742,38.07093987583689,10.023066421415727,88.25712264388343,47.0660572518775,130.5940365715573,17.03907550254462,87.91468144245837,35.87954623301035,145.2760065936196,155.03605632912266,9.422191614822594,72.83628240934178,119.37796838161917,33.889827929420505,1468.1708033281282,659.2201909807476,20.54952950420467,61.80768738028576,74.19868413305497,92.06528022097504,70.17355839893183,387,1,11.619986747710287,8,91.53061670795259,94.13444581181169,240.6319563633394,86.38372718340113,85.33863424702923,73.35123556557684,76.82585592518049,37.73529056617481,29.072578275697072,54.10072665878127,246.772888044334,33.241406465889135,2.144725505077629,90.35154902333612,64.05748182993763,72.71911061477543,87.83866331792738,33.684738580474495,1.0437236229232114,0.6803014711279907,0.23511391811928295,0.0,0.08213269750372282,0.032012545147160246,0.15681029355365095,26.315445150981574,58.18967840686967,44.40309555574421,-44.89826791596283,-29.79402083079416,-35.65845285396277,-40.4947902627798,6.411464394882672,1.910775625274274,3.3153196667102467,48.36872503207548,29.694536539098166,0.7715250338907536,69.4164749871689,44.87156553857211,2.2214785568644153,12.363999999999999,26.528999999999996,16.845,11,0,309.594,1251.259,98.829,0,4285.43009705526,0.9939053463350513
mic14,20.66001798793008,14.387988928884157,0.0,3770.1728947652086,5.378383524915029,0.0,7.888272803547671,0.0,0.0,885.9408982441267,0.0,0.0,66.13016187156185,332.5087187241701,8,93.52159324731844,96.87233819368583,98.35686667004597,97.5401992714717,90.11519620616164,77.89936008950335,68.339414761674,63.62117914727372,29.665887568821294,15.343664643717938,5.952006679874628,0.0,51.410205779011086,46.99605647192145,5.44794145529427,71.58289282961609,78.4738149742592,86.96884467665282,8,80.69928666503588,0.0,0.0,232.43203246899614,0.0,0.006969725752723694,51.32048846091721,0.032324830308647724,0.0,0.11228294758678238,0.0,0.0,0.0,84.18735179040463,12.522607691931219,0.0,214.4162564427009,203.90344613546318,130.7154951195093,184.48892503556183,160.29416628630497,27.433218133336652,114.06303170347608,108.82241257628641,84.93557001697178,106.39756310938837,60.615997320977854,99.00699822358712,26.43718725295362,16.132595871342048,9.727783883792751,-48.689839115259325,73.54815077291347,39.08465355785378,6,1.142417200530297,68.75000710339835,-80.25248787536667,-57.01597943059102,57,809.860544534899,0.0,46.147647379211335,30.814499442601825,0.0,2768.744742120729,229.96766395466264,0.0,20.133371806225483,2.93332133939365,0.0,0.0,11,16.9734493813603,0.0,0.0,0.0,0.0,0.0,0.0,-8.686376965071865,23.6052882440801,12.137296370099664,53.532077438750385,-80.25248787536667,0.0,0.0,42.0771467044259,0.0,0.0,4.48784548895507,945.0,0.0,0.0,0.0,0.0,116,16,82.36855594659205,254.562944514236,33.316199899942866,50141.99999999999,3230271454.8124366,214.4162564427009,18.82024043801918,17.017126136277774,39.84165346254934,10.73598829746246,71.3336457401875,392.5591230008829,133.6696672404669,18.147931310785975,90.79914619045546,38.001115400987445,148.8427652415562,157.98726631777856,10.129091956429951,75.53334846021748,122.43404845454913,36.201750943685575,1489.7802618901746,679.474167949308,17.27339723894646,59.76622415467921,73.73732818817874,91.29163401666624,75.30871401676379,387,1,7.229286418738561,4,95.71717504872625,97.06778621510588,250.5012985634706,88.09520924297665,92.5512419998441,77.9412851770598,75.60333049637713,39.29797307798578,27.884623519453324,53.807978187675815,268.4254075479295,31.909620761317907,22.003350716515676,45.03275309964714,64.83976877937693,64.3357977001094,69.3057383497749,20.706149768979476,0.40585041173447617,0.47627127087086185,0.05654238222764763,0.0,0.017107735419495926,0.11397965752557535,0.017107735419495926,21.174570049404238,58.89144773432031,46.09401896609572,-41.514101676165254,-28.265816163619206,-38.31359499189447,-40.927333508636515,6.132002645903931,1.446939930641958,2.7605606532758924,42.468687744046036,25.92850535717751,2.638988430570039,66.51233962914365,38.626108003151536,2.4513927906796655,12.635,27.47,16.79,56,0,330.943,1517.531,862.434,0,2228.8505358368493,0.9925857427183248
mic15,13.29194856817708,10.389154827877304,0.0,4299.0292420488295,7.3355998829591345,0.0,5.547073774210488,0.0,0.0,947.595412743854,0.0,0.0,65.79878125278034,247.55632024019854,8,97.3786465188126,99.62428597865292,99.88099723003015,99.19962548571895,92.13441522764342,80.1770994628718,70.66477546718748,65.18474505627745,28.72343400982046,10.33203713288986,22.667594849247582,0.0,21.412204772832332,3.6304849563340533,2.1006317647638504,70.32195394567653,78.63773527326613,89.98113784913288,10,55.63181252536798,0.0,0.0,258.8829812608227,0.0,2.2323532956376253,43.19255716468583,0.08567005237413454,0.0,0.4521703244928794,0.024436321302798065,0.060829100953564925,0.0,36.59667948416109,7.203890739402492,0.0,224.35114098291245,214.98113256145336,144.27953414138233,198.74836326333144,176.313238735606,23.284510779206652,121.3643023100993,116.56739297511645,89.36879192737072,111.15436885529873,65.10827212267016,113.70525432274168,43.96452125758069,20.69752694025156,13.457278564966877,-25.224942863949412,82.62877185056333,46.50945803825607,11,21.97648076621339,85.16989157643084,-55.642066924601494,-34.40632520533178,62,923.8593516617508,0.0,0.003885359412530948,3.2490299092104378,0.0,4822.357694547676,182.54482654009104,0.0,15.944444694129967,80.80458271695332,0.0,0.0,1,9.411256339255354,0.0,0.0,0.0,0.0,0.0,0.0,-2.488300546909133,27.98306622545241,15.149883960135684,60.65006305508447,-55.642066924601494,0.0,0.0,40.597173535837165,0.0,0.0,17.733171942985756,935.2510413781581,0.0,0.0,0.0,0.0,116,16,84.06025857415685,261.83087915336,32.00272903446059,47489.85988188666,3072960865.5447326,224.35114098291245,17.92564275706264,20.90299047295968,46.52322125019464,14.10824475842093,46.0945203571818,381.2421242462214,137.79972159218386,21.723646871181465,98.60549382765791,42.46476729385253,153.8523043324471,159.66076443149814,13.406830035037132,83.47997512429923,128.4149862148354,49.12395160813646,1750.0986039028862,744.7728858739306,14.399156227463038,61.73581582345998,75.84340060520358,97.56325432274349,92.41444080494479,387,1,23.490661705423804,9,94.59367181478616,93.74312257865755,286.6082555772976,98.7906430828717,97.20992104705768,94.61394602351676,84.47666923981538,41.469797359268384,38.71446358630806,66.52672856906193,205.7153665950161,46.48848360944419,29.768702857019534,186.4952815926434,71.28963878039121,40.61838071354824,37.78138856918342,5.086427754563421,0.7233754777916303,0.5737121641340902,0.1658836244667332,0.0,0.021383943208243494,0.047878733276730506,0.06357823156417862,42.09103407906004,73.61760769850677,63.71040669026722,-39.06583842291182,-31.226333318815108,-34.272043058992715,-35.86845860107354,-4.7983884894813675,1.4128665572027463,2.8481519877662684,22.45418813169751,29.941432838974695,11.736083923984113,69.19018019213648,45.0354923565265,1.2059182911144402,5.051,23.121000000000002,8.918,7,0,148.32999999999998,575.013,308.514,0,2862.4110424082096,0.9908871871036563
mic16,14.535216147967834,16.16597616273967,0.0,2172.2904308987117,3.9743681441871654,0.0,2.551015993054924,0.0,0.0,979.1482511691996,0.0,0.020876827010803036,61.855484013819286,304.9796508414667,4,97.17640676673591,99.71868684780512,100.00000000000003,98.28214477501085,90.70263215616967,78.4058150647811,67.9819201597106,61.695697249793795,52.27660196193874,2.023726397662558,0.936253909006039,0.0,33.77880531446945,32.45452581913476,0.6570411323894112,66.93325512377022,76.18119804724688,88.61447805527264,10,48.781571558233864,0.0,0.0,189.21915270345926,0.0,10.255988204304153,73.75223309462007,0.0,0.0,0.0,0.5132607850153461,0.0,0.0,0.12363910484696054,8.462748502466278,0.0,219.74317351250667,207.97259862468877,145.81727961718096,197.82730508592877,169.8374156965088,22.767411693103924,122.04086745436824,119.17394075755087,88.11295220257513,111.5126489648086,63.211694214003586,106.11951300701934,40.76893074271335,21.031095359256465,13.765180164785887,-24.35477592540321,85.20954988189469,48.14711082663075,3,18.63647549254454,84.30851403116466,-53.522090881753385,-39.391001152976585,62,930.4961731077873,0.0,9.589656277609361,1.0603863793465584,0.0,819.9158548607595,245.080798572548,0.0,79.57614364243521,9.754956931905218,0.0,0.0,11,14.644145829807645,0.0,0.0,0.0,0.0,0.0,0.0,-4.935297102786596,27.972587482990516,15.394479932222625,61.24546221442958,-53.522090881753385,0.0,0.0,46.078218042717914,0.0,0.0,1.4044710666811686,936.4507205057064,0.0,0.0,0.0,0.0,116,16,82.3321678281567,183.1430497463126,25.248774543677786,45218.73093296669,526182698.83803606,219.74317351250667,20.136958780170584,21.03620804181249,48.14711082663075,14.416210227308493,71.58445377055635,80.76198101038018,143.59547884903853,20.986823928709175,101.5295014590275,40.94714895335436,158.7593860118094,166.9733750336053,13.290277835275202,86.95058617929338,133.25270337920998,20.43797127346284,3294.6340913264066,747.3826748350198,16.497781361936386,63.38015122207165,77.86853534769094,95.04670476573243,89.51700385049006,342,1,3.7227683506034275,8,89.48395027128493,91.4253195943394,284.01319320242493,95.74069710005999,94.29452403726069,91.0347484458868,88.06265671386312,33.96993625482544,43.47690659125537,67.39932759429651,267.6610478693949,49.415363712470366,4.89056043063941,19.79280230258936,73.72398750765444,60.67194215865564,70.20825775046704,10.415730908259729,0.026164818626679562,0.06651054000113693,0.0,0.0,0.0,0.0,0.0,9.554095509319477,76.47562744423519,69.77232623195302,-43.52449553085201,-37.71473607116342,-33.920093184391455,-39.721926311404374,-10.005245514488985,1.2732370314609736,1.542495367727055,31.53173379089359,28.547878181498717,4.434650341533152,70.66091053446345,51.621316314156665,6.828648161836619,66.81,160.95,102.849,833,27,2162.0009999999997,16572.674,921.2090000000001,9,12139.862925389481,0.9975596368666044
mic17,12.562017705721384,25.81632515241362,0.0,1417.9065764497461,10.524750184100075,0.0,19.773429035254544,0.0,0.0,926.0128222569126,0.0,0.0,64.14923249094176,236.00394522745134,4,100.00000000000001,100.00000000000001,100.00000000000001,98.59749179669488,91.10180791264811,78.56136697216502,68.3415883719422,62.17988297441082,25.207632275659968,0.23659505011162899,11.46143098411795,0.0,42.330709129089925,32.297638970969274,1.0692018357348358,70.59265095964568,81.23891745662446,93.94606389955426,8,48.793083847941176,0.0,0.0,112.61825097169927,0.0,4.840169302572797,32.2790000605886,0.0,0.0,0.0,0.0,0.0,0.0,0.0,8.463481233438925,0.0,215.0756580986991,205.75555579089178,139.07838934829618,190.62613962858742,168.98684822169466,56.11959982555271,115.22861092201913,113.4554271923732,83.87758636536714,105.51900515869075,62.40376578191499,108.2325477224175,44.33384568472806,19.980042651381005,14.000000000000002,-19.157566442986695,80.92799283734477,45.830148043064675,5,17.6501470935432,81.23846340486558,-48.03652563539969,-37.36679801468243,57,933.8110459102603,0.0,0.021057873519508986,0.0,0.0,380.87223955314875,184.42869023003308,0.0,99.7995657433515,0.17937638312900245,0.0,0.0,11,13.524515432617447,0.0,0.0,0.0,0.0,0.0,0.0,0.8958399434719444,26.662708578050623,14.93672531105292,57.865322322000516,-48.03652563539969,0.0,0.0,40.480322323248764,0.0,0.0,10.24808514436603,944.0000000000002,0.0,0.0,0.0,0.0,116,16,84.1018079126481,112.5625166755372,32.744314644141255,45537.0,296448704.53813744,215.0756580986991,17.1271270119246,19.980042651381005,45.830148043064675,14.000000000000002,71.69539023814136,36.463219955340726,135.1937804283142,21.428855615859764,96.24896898531414,41.02223395225196,148.69893277701556,156.9630823158636,13.936725311052918,82.16957263046045,126.58029043720866,61.429438394568976,1132.7275201119298,717.5643600245173,23.88209326552511,68.1613335813983,80.68845021579237,100.92906837221273,88.79064022181535,342,1,18.71251042722348,8,87.99819097281872,101.16070782663901,271.18193941440893,89.22133471565004,85.7267725121689,88.10893668106796,79.42087906944718,42.34994526974483,41.497019585834636,63.79186514412113,203.64724805874684,58.760755654373455,0.1328050498599032,130.85725152514433,76.32976554536641,47.17967368941273,71.36589878967834,12.798516618819582,0.04284818034341911,0.3668349637177615,0.016614771278064225,0.0,0.0,0.0,0.0,42.54040399612167,84.04920901102966,77.72804988028878,-45.295952662949915,-34.83187258763439,-37.18795774687197,-40.19282060810775,4.5527880995835215,4.354258497055879,1.4288846665793824,27.258673542138414,28.155450737272407,6.727563372589734,75.99707871173761,51.780772836047774,6.573135348091379,4.07,11.02,6.535,39,0,86.11699999999999,243.99,26.761000000000003,0,927.0416032718811,1.0
mic18,16.934553917336135,23.200633271472263,0.0,2325.5726056323633,5.327819863671287,0.0,7.536079608018026,0.0,0.0,968.2101183826367,0.0,0.0,60.7838003932766,308.25621829566643,4,96.42357961474761,99.07085739249146,99.80237229717498,97.91698843892834,89.40601351266896,76.69892209351521,65.83866821500006,59.44818818122389,38.452861833004164,3.5135537924721403,0.7660222075075525,0.0,35.614749017145236,34.33974221014224,0.2939531656036491,66.43607270998855,75.62339753837783,88.37082082295184,8,72.56396002324482,0.0,0.0,154.81820220420488,0.0,3.114960392020866,59.55248705091939,0.0,0.0,0.06979761051150585,0.0,0.0,0.0,9.619692783919776,11.192790157820804,0.0,215.21103670116483,203.88839506235277,141.90137568859035,192.31006841052996,165.12608144619975,36.12619296554325,118.94747618893237,117.70898868484814,84.66876519996195,107.93271333186105,60.77664496127649,102.23743106993948,38.1595110079918,19.680994467906974,13.338276860182646,-26.947714760302336,83.61497248033416,46.38121383921147,3,13.025066006648514,79.92888228876961,-55.37548058103094,-44.3086878400702,57,899.1466959722928,0.0,6.734772319697852,0.0,0.0,895.7277257268793,237.97876694034568,0.0,93.26522768030215,0.0,0.0,0.0,11,13.910885257357704,0.0,0.0,0.0,0.0,0.0,0.0,-7.057641462384718,26.68641908621617,14.722770585609291,59.043069061998324,-55.37548058103094,0.0,0.0,43.511882958221705,0.0,0.016493638408432893,1.2920275810277098,944.0000000000001,0.0,0.0,0.0,0.0,116,16,81.3168262849315,176.9628736381893,30.732982309825026,45536.99999999999,567670263.3473786,215.21103670116483,17.895668699882776,19.978201242194586,46.44967756721561,14.0,74.92122587242677,95.13550500075866,142.93911231568924,19.826495614372714,99.43029831855526,39.14583543557948,158.07083594277444,167.23894421060254,12.614041102240646,85.71292062913548,133.96429691182132,31.807884084221307,2251.135630031508,724.5815772342562,15.65345400437655,64.94726258226422,78.48590522319273,92.89543741058053,85.49716697384359,342,1,5.5576853416470895,8,88.87133430696991,94.6167410148867,268.388462712755,92.26901104365288,86.10033281940612,85.53395937222362,82.96618182378378,38.741532823333834,39.91540161046827,63.73284217480755,265.8590794245286,49.12428434525476,6.001445539942417,18.459594899849428,70.36748267387063,54.00273385115588,74.3025743557544,14.62760118849781,0.0,0.0752684002916946,0.0,0.0,0.0,0.0,0.0,14.359807230623934,76.55142905446185,69.03541584118842,-48.58456142084106,-37.90101380329219,-37.93822199948327,-41.6656913137283,-4.766131295708481,2.3340788196699536,1.467412606973179,20.597268512840078,27.03769444902583,-0.2574009016509604,71.0580977541835,49.97355734056059,8.65689961951533,28.469,61.898,43.704,398,26,985.988,6491.302,493.039,19,5247.784374803624,0.9970539130318231
mic19,12.209010565618685,0.13306862631376104,0.0,3588.3949988890217,14.308201241642097,0.0,3.8396173059762413,0.0,0.0,919.5610824752731,0.0,0.38358438993824706,62.07404089875783,225.59631586032742,4,99.7939571255095,100.0,100.0,98.0017460276504,89.83208175498467,76.91746365325126,65.33961097863923,59.342415368019175,41.49606036101369,2.1070094081156747,16.204598930569126,0.0,15.453112659780484,4.5290287125572375,0.8237629961213105,69.07404089875783,79.20438206431584,92.77669187321459,8,65.21225881467306,0.0,0.0,216.62696048075736,0.0,4.111599132157609,62.7667303366413,0.0,0.0,0.0,0.0,0.0,0.0,0.0,6.117996168002915,0.0,213.63991949750678,204.5129689494164,138.10900859839148,188.3448872770804,166.5014705283392,18.55414532636061,113.10180317748711,112.79571405228403,80.15389488684653,101.5235681444499,59.063666049811836,106.12238842345454,42.76155699552589,19.01033139393329,13.505159329052224,-19.26603788875532,79.3739166931408,44.22900069811207,11,13.945498397319858,78.43943805334885,-47.29741964933842,-39.041128069504815,57,890.4834489080541,0.0,41.10540253866477,0.0,0.0,1855.4906045927066,180.0476548744266,0.0,58.89459746133522,0.0,0.0,0.0,13,15.007093675727935,0.0,0.0,0.0,0.0,0.0,0.0,-3.2618145139008567,25.495720648244856,14.0,55.995550212321476,-47.29741964933842,0.0,0.0,29.021215378952938,0.0,0.2220941405330853,10.701989806690161,943.9999999999998,0.0,0.0,0.0,0.0,116,16,82.83208256346597,240.5921678379063,41.007854093395785,45536.99999999999,1232598564.2348921,213.63991949750678,8.548809486942588,19.01033139393329,44.22900069811207,13.505159329052224,79.65016240461686,190.55743249549897,134.92962834988103,19.842092021739827,94.2979742841629,38.66250794563683,150.27598794037942,158.5060478087023,12.960677701373562,81.29622825651248,127.51079078393454,96.64156904906719,1284.7780998039611,694.4221827777562,24.60528470391503,68.15568534086195,80.96210260184584,96.73818548609914,87.47702262611774,342,1,81.25162948037291,4,89.53511099189213,98.0971556137555,279.7273896074842,83.57579126046512,76.08612617843565,83.0856024848614,76.24497881823935,62.57629292303351,37.19840517506006,60.58664342369411,196.38027955863117,56.51009326512969,18.91362667844805,113.90464582597697,74.23162774983987,48.81470991956899,79.13744608851152,15.797250735142638,0.0,0.07594240897791252,0.000891904644617913,0.0,0.0,0.0,0.000891904644617913,92.58420112339267,80.75250184432143,74.16306431269928,-52.03886665007302,-33.716358343717765,-40.44144443513653,-44.31751146511361,3.8253678449058257,3.1623580892424843,1.712421511690793,30.547614697584017,27.3186199938898,2.385367565247985,76.02216935484635,48.851141088439164,7.616575991838043,2.251,5.844,3.502,2,0,42.341,107.582,96.007,0,651.5169433442497,1.0
mic02,17.173926635398892,8.201005893499211,0.0,237.72790157637803,46.99101516894127,0.0,30.61837297676552,0.0,0.0,791.7685932098711,0.0,5.873528397390835,65.10595533066333,278.09818821104636,4,99.99810946240878,100.0,100.0,97.23378092984551,89.32391468062029,78.46003338917122,67.45048424900699,61.50634010184084,0.6402987167177858,0.1282342425993893,5.260157540295384,0.0,57.26568973842355,53.15183540690685,59.071398982706135,74.2172459912875,85.76946647110707,95.84495061781438,7,44.20663540597461,0.0,0.0,30.42534332735238,0.0,0.0,2.4917001875247413,0.03579436341418133,0.0,0.07056206941158293,0.16930579472619472,0.0,0.0,82.2849402405684,7.387986052678489,0.0,183.28432409345172,176.65067858936678,100.17465438174611,149.25313246565526,134.11589820321134,85.88479488789245,106.5887323566076,98.37579585794427,76.6343980973197,99.8559944182721,51.13838734396247,77.75803045498233,9.69371084746726,12.735729077221471,8.493074513158094,-57.368855804082266,61.784950697756436,32.54413240659926,6,-33.7063378759369,37.017034652054555,-88.5607982405713,-83.67519922368723,44,815.5110946835323,0.0,1.544097859807729,0.0,0.0,138.32035093906,204.0798243627594,0.0,98.45590214019226,0.0,0.0,0.0,10,35.676604467219114,0.0,0.0,0.0,0.0,0.0,0.0,2.7691464404588535,17.7967463753237,9.232143042245557,43.526272532791744,-88.5607982405713,0.0,0.0,35.349480891576746,0.0,0.0,4.156946605262538,943.9999999999999,0.0,0.0,0.0,0.0,116,4,84.60680364651861,31.706080400229613,84.7831242725907,45536.99999999999,11841799.815858312,183.28432409345172,11.421424443173466,12.735729077221471,32.54413240659926,8.493074513158094,99.11730493550176,3.0295405051308983,124.93238453423554,14.963738106132913,78.10280662496601,32.199336987242425,138.15839059710444,151.1488366563681,8.585189938466726,63.85828763858637,111.41598154460918,66.5490801548028,64.43321459044708,603.7784340254909,45.449950127142685,74.9780592682212,84.60789413744293,102.97061703295056,50.506327463652475,344,1,28.882314846326352,8,87.31898629129843,94.52512856216318,441.3219773734194,82.21304984133465,71.93215081256001,54.823776987694266,69.83945450838264,53.23944557699528,37.72825745235332,51.09012002199121,231.86641968912977,54.23438930116685,0.0,54.48289499925699,80.04024541083349,87.1176547817589,99.02954044277311,85.64114704921316,25.056549813035428,1.166593143255161,0.5360262482257546,0.0,0.11452031973323813,0.14317386534740126,1.0339551348646019,48.60368629284776,71.21454037593897,60.45509798184588,-52.488971549379855,-30.025081708742317,-37.1329789668449,-40.463876722175435,17.418532852552943,10.186174465357539,33.43512929243693,84.87172957393693,36.34105607641504,-13.930505544744946,84.28962090182766,66.13360924912996,0.3132138780991305,41.733,79.017,53.764,434,98,756.384,3959.5829999999996,9.659,59,3837.560613129848,0.9955610983606779
mic20,16.099501054308355,7.48401334862638,0.0,2300.322912178028,4.366822277435676,0.0,5.381266285930963,0.0,0.0,958.1858527594904,0.0,0.0035849663136291927,58.417765209441846,288.5105710204226,4,93.19629453419107,96.82071245214668,98.27110915500735,96.35469207642747,87.25055873953778,74.22226143434789,62.32747518568527,55.90842525609493,43.32256375719696,3.226296640156544,0.489400159971547,0.0,16.28956844839146,15.254349445374382,0.903188885473857,64.24991374482367,72.94604741985034,84.70947618551997,8,60.84068265245759,0.0,0.0,154.19823528322135,0.0,2.408361340514586,78.99633466953964,0.04879531020854145,0.0,0.0029332681289434715,0.0,0.0,0.0,15.19198033120941,8.94265873027167,0.0,214.09593465032944,202.055012344219,139.24819778602614,190.55963301846646,161.42394244244824,17.209465797871307,115.01593069471978,113.69644712535745,79.99231605414289,102.48064562376462,57.6794580063834,98.9417816605945,34.68885594976388,18.178242464486747,11.934978653165471,-30.022505525761037,80.45639521332868,43.733181772788896,3,7.447614636292403,76.13360623439041,-58.94837210666165,-48.74503381246216,57,838.3260607103656,0.0,7.421883863866069,2.0929508243652166,0.0,956.6202572602343,228.9889237861895,0.0,90.49678392081331,0.0,0.0,0.0,11,16.578277446047586,0.0,0.0,0.0,0.0,0.0,0.0,-12.52807126948468,25.78261647947358,13.882498187567673,57.56949896997594,-58.94837210666165,0.0,0.0,40.84501384720806,0.0,0.4976818898949744,0.5000664207545875,944.0,0.0,0.0,0.0,0.0,116,16,78.71338713216662,183.75381508128285,31.902936475118008,45536.99999999999,760189983.1530385,214.09593465032944,16.036659354849995,19.062227151915693,44.58766294378092,13.131010010103028,80.47354371748476,110.22756066300056,142.94836834217975,18.48337724921153,97.91096705719296,36.94930111192261,158.1935718210578,168.62923008925728,11.385293976829024,83.79760147913976,132.67838271011925,19.992535708726457,2101.019586148241,689.8972127434862,12.57748591023161,63.858092142126125,77.12949398590331,87.46952134920085,82.22403827348849,342,1,5.016348166428785,8,89.73494162427258,93.75264291259845,283.5287149216722,87.05745718436432,72.54342882547654,78.4369519366065,76.11063398818952,43.18586852140197,36.57586523140015,60.159504420118736,254.5565209699397,44.23749103908206,6.946926493181019,9.213804248761212,66.51607466040454,67.09740561283856,78.19204087358459,18.7150870493676,0.13603865352909442,0.06203080175874953,0.0020015687864975863,0.0,0.0,0.0,0.004020810579421725,10.034740698090403,71.715987221913,61.578117683409864,-56.98676284870744,-37.230154116271095,-42.60850947767027,-44.92982124633479,-4.310365346292004,1.8219552364173528,1.6490337984067716,30.18555474707777,25.657468062219312,-6.377101942542422,69.93038460540754,47.775398277965884,7.7788063190498615,83.158,277.282,136.017,429,0,3129.8619999999996,30749.388,1567.991,0,14243.044290776856,0.9975061429841987
mic21,9.752786470343404,6.0782694213167305,0.0,2777.699666299167,33.856310850713946,0.0,21.084335723862935,0.0,0.0,912.8991490668038,0.0,1.0472391313772824,60.251689374808215,233.83230298490724,4,98.08919409756014,100.0,100.0,97.99999999999999,89.19300923368087,75.28741901872687,62.27955693914014,56.55680953950982,12.081052244743443,0.7902390140999648,14.74081326493402,0.0,18.08952646738458,1.781270009601081,0.414456582644433,67.31823159552228,78.01078476311262,91.01864684269934,8,41.616147143440344,0.0,0.0,156.75342062588555,0.0,3.1204859481087293,22.475168846650465,0.0,0.0,0.0,0.0,0.0,0.0,0.00056491973418587,5.289094438742184,0.0,211.0065095807551,201.70173876573386,134.4797448002164,184.79302566486737,162.0273336126423,60.840404074092355,110.6444793005677,111.11590900400772,76.60894985903559,96.44645458178753,56.608949859035604,103.25528418394629,39.272985329921035,18.994165967758715,12.999999999999998,-21.437767811844566,78.03552944153208,42.75326135606313,3,7.896717068855789,74.06272182424087,-49.4485525749572,-42.4191209691452,57,851.3036328857006,0.0,8.082467926005409,0.0,0.0,1892.321229587943,182.68218694449678,0.0,91.91753207399458,0.0,0.0,0.0,1,12.667089755621465,0.0,0.0,0.0,0.0,0.0,0.0,-6.684236302119297,24.943177329119028,13.876635108404962,54.73862070609754,-49.4485525749572,0.0,0.0,28.597072916911127,0.0,0.5647992363073088,15.743457221476188,943.9999999999999,0.0,0.0,0.0,0.0,116,4,81.24673864393685,171.83139206994431,46.94006324021417,45536.99999999999,1094764119.0992928,211.0065095807551,7.4266172648032995,18.994165967758715,42.75326135606313,12.999999999999998,74.9750950663575,149.68622778280852,135.00126328553213,19.0,93.0179695254909,36.98535935003441,150.83185162542196,159.36559754305065,11.952104621985292,80.03552944153208,127.3599716305562,39.26337070081834,544.4639728042516,671.2981295413002,27.26782375353895,68.05682267088095,79.70783387569,93.31576369788068,83.68295069310093,342,1,14.607242877560608,8,91.65078253027063,95.68329518688338,273.3251809382717,74.7851385360305,65.4995088104204,78.61973462214826,72.52038968462668,64.26015907712451,36.99999999999999,59.688242494853064,203.0386718720751,55.274129709005834,13.903027939439415,161.92220385606097,75.62894804197951,39.48671792737066,74.91915569684646,9.55466611574106,0.06654222071406514,0.15123245592696977,0.0049507308713484365,0.0,0.0,0.0,0.0049507308713484365,20.86813774444556,77.77204942869604,67.08604888271012,-58.41037216528687,-32.087630056080094,-42.963175512062946,-50.62324565377942,3.177078113347668,2.116421907107808,3.392222037184265,21.765411681826567,28.868297688142324,-2.1571890617135225,76.81639611739382,49.275216635664,3.113549320963028,0.871,2.184,1.34,26,25,15.969,38.405,13.239,601,260.60048475383763,1.0
mic22,20.444059750486037,10.87389978727099,0.0,1266.6146831740427,28.374736056924775,0.0,29.851636607921893,0.0,0.0,926.469101068422,0.0,0.3458675707731099,59.432580948442364,391.87875039415934,4,95.61289902677117,98.93788626735878,99.64424512075591,96.97522208546484,87.1855578660492,73.51157084039787,61.277829433287806,55.30830621897488,17.686727501264865,1.0642546316256105,1.1027588916137032,0.0,31.356488485444956,28.06407496451132,4.185403337025139,67.21553831476133,76.65806604664385,87.83922414377699,8,95.37716459121847,0.0,0.0,86.08956562075494,0.0,1.6277731729322973,27.744842308292526,0.04304046654346654,0.0,0.6691759990611202,0.02152023327173327,0.0,0.0,0.003367121321923089,11.236956934091006,0.0,201.6642654607999,188.3022634259126,125.79872820490174,176.12609707492143,145.90785693541198,68.9808192364666,112.8977055638057,112.13757163296918,77.8750652815747,100.49194139463616,55.9079944158318,86.1085695085997,21.539243496327064,16.451299973015033,10.566216084943905,-43.57972378198216,76.64934239223639,40.725991368414086,3,-11.596316828654553,61.77871747127241,-73.52932751735631,-65.7838490698332,51,817.5095667937303,0.0,2.2577249599729456,0.0,0.0,380.6974321823868,294.18911132588545,0.0,97.74227504002708,0.0,0.0,0.0,11,19.802173784730467,0.0,0.0,0.0,0.0,0.0,0.0,-11.829253413366068,22.992393901432628,12.03409377191892,53.35051380256358,-73.52932751735631,0.0,0.0,32.95529044838455,0.0,0.0,3.2318725131333745,943.9999999999999,0.0,0.0,0.0,0.0,116,16,79.96977230623061,99.24650197945692,58.466634352477996,45537.0,217750072.1112342,201.6642654607999,8.486862404190672,16.82152505589048,40.9121937028,11.203226409587884,93.12533187000001,36.175919548274315,140.28466031249954,17.32846973615641,93.19089290671523,35.69242274212134,157.08072867597107,168.65029062603298,10.17208479990681,79.33106136195097,130.93714212866607,32.46241428923548,610.3901346706954,666.819450254186,26.297723334037446,66.60530683033278,78.43018248750771,88.15766383137581,67.82882459122402,344,1,5.7404680808304525,8,92.07028427962236,100.58231374489621,259.0456684743351,80.97115476380809,69.88619755600493,70.82416753146265,72.45131342383851,58.53272780927865,33.62123518998263,53.94647130549139,326.9576995404929,45.435457235003646,1.0963808232070553,35.15791837098668,72.4788956609877,58.036522928624926,92.95757886783285,35.1811293346781,1.301524418815563,0.24529318955490592,0.02939946925096836,0.0,0.03849003709231958,0.08488616563303966,0.589892523515706,11.04194362463811,69.04520720931522,56.10109745939807,-58.571686232250734,-34.39841491383261,-44.65283738123476,-48.39642184978959,7.26281459795228,3.906864646167917,4.454799264677011,40.35612731621601,23.778110184510716,-10.81556643671604,75.1352199525791,50.193632243129315,6.3141259726474015,41.671,88.126,60.417,874,24,1265.568,10099.403,226.06,13,6927.500084271925,0.9963972901426439
mic23,21.93923113464051,5.19732978740539,0.0,874.4435461311847,38.0412955277718,0.0,37.727552256828524,0.0,0.0,925.1488909006374,0.0,0.05573189288346344,60.19750214471785,312.0422541196391,4,99.28435499828255,100.00000000000001,100.00000000000001,97.52231769236005,87.8322245732071,73.81015299409547,61.27730532969617,55.431876320956036,17.86423423743304,0.13468304066607792,6.544030505345022,0.0,38.60942666889503,31.963787536849942,22.384046588281773,68.79084902536857,80.13152713413118,92.82079463328238,8,100.43014510779301,0.0,0.0,59.59148259040444,0.0,1.1289014701249493,12.225717641399312,0.07341578004268748,0.0,0.0,0.0,0.0,0.0,0.0,11.448380415968554,0.0,204.84788027501895,194.0213955485966,127.8541900250688,178.44620322660563,153.637422510155,80.92804270079573,112.51305608479548,112.33335340023488,77.19019122594872,98.71674670248191,56.21492620950689,95.39178809699685,31.251225576507913,17.978802175361317,12.154791632796032,-32.24523398322977,77.9607950006418,41.98849574179016,3,-2.2980641971551434,66.50527226708881,-60.396752524703544,-52.80578295461881,57,863.7312776994844,0.0,2.5470620393205246,0.0,0.0,247.61067424004048,209.055399800683,0.0,97.45293796067948,0.0,0.0,0.0,11,18.19739946987508,0.0,0.0,0.0,0.0,0.0,0.0,-6.703643653482764,23.611507681329186,12.890238846978992,53.74656964832607,-60.396752524703544,0.0,0.0,32.32117028591537,0.0,0.0,6.74502904828582,944.0000000000002,0.0,0.0,0.0,0.0,116,4,81.379046424877,70.52081870187328,53.56061273019247,45537.00000000001,114135799.94966556,204.84788027501895,7.986420563112385,17.978802175361317,41.98849574179016,12.154791632796032,97.9206522424508,18.000186651425096,138.53303718146427,18.717004315016975,92.56188497046077,36.95633059631568,155.67407524746974,165.90446957483252,11.863069292770732,80.24263070450897,130.10418162315366,29.31221753351156,536.493893661811,674.4133656612331,33.92988072563899,69.57628994306882,80.20282619572141,93.3006367812849,75.36157207907824,344,1,8.72674418780672,8,95.17752074326364,101.50732649502247,276.9417315729289,80.16387526618853,65.2123484609708,76.04630937509073,70.07915501993271,59.765299014465754,38.350442501297266,56.68615643298585,245.05373389383652,56.06593385450807,0.12667548838314602,73.69742300355132,81.20077811086948,45.103370772961476,97.9206522424508,24.41555277932278,0.6849984446436118,0.22460066383075658,0.01199769193976896,0.0,0.0,0.048845221254835515,0.4218827020267243,18.991748182391298,77.76114304255198,65.37585407906562,-60.562273946971615,-31.27024641543247,-46.143465760191624,-48.530215236760206,8.767388800078612,4.377977292670307,5.678787637469056,39.512874583302676,25.75838472530258,-5.234174582401214,78.33217314266237,53.114185140200085,5.023861240600558,11.843,27.346,17.384,55,0,264.191,1194.109,17.109,0,5119.504622452017,0.9924214380592511
mic24,34.40725324583476,14.193350715720173,0.0,821.2246149708141,40.97005069357393,0.0,34.04919481709556,0.0,0.0,904.9221947832269,0.0,1.6916702927479101,60.64163491783786,415.9890750252281,4,98.256405902269,99.91205524672242,100.00000000000001,96.94365404088737,86.9449268468458,73.60672918806728,62.09799962159309,56.090511355802086,6.988662031531927,0.06544957618193016,1.5495355750984459,0.0,22.195930235104637,21.366485212019207,17.407434091780516,69.83481679283297,80.10574249273202,91.62502715091713,8,139.13618640317233,0.0,0.0,58.23170858133114,0.0,0.38873713627352785,7.456317211018873,0.0,0.0,0.0,0.0,0.0,0.0,0.0,16.037259067604595,0.0,198.2547901692014,185.59299556312024,120.86065600118174,170.924798528832,144.50686037429622,89.26298171326259,111.59191320532041,110.46258437025558,77.11004599866318,100.54702123930622,55.272091587240276,85.85881185546909,21.205591936967974,15.882085098387583,10.429956853240812,-44.11819490178734,74.36754203668897,39.36880856097036,3,-15.752397488421693,56.99227439134235,-73.66412826841865,-68.69478524340514,51,830.4081891553832,0.0,5.011030736079775,0.0,0.0,215.9484625873398,271.4205870931286,0.0,94.98896926392025,0.0,0.0,0.0,11,22.197808681457378,0.0,0.0,0.0,0.0,0.0,0.0,-8.174026598792969,21.913239933478376,11.460331807752299,51.224897920192134,-73.66412826841865,0.0,0.0,32.50928118822228,0.0,0.0,0.7694918199099609,944.0000000000001,0.0,0.0,0.0,0.0,116,4,81.3703633793521,65.1269211511047,55.72305450312926,45537.00000000001,78932321.75599869,198.2547901692014,7.117844597087883,15.903799554511814,39.36880856097036,10.73835336042272,99.36059780277424,11.837516049802721,137.2979897509723,17.204451390684753,90.25615162264803,35.62253596589255,154.67372449301902,166.07527813934706,10.115931210919259,76.9747960991358,129.32986152685703,17.05778075732074,403.985940801547,657.9153380885501,34.30040441518301,69.07692392744232,80.15212406146776,91.78398016826831,65.2234033705775,344,1,4.169241232571678,8,89.15980759951833,105.28740273959835,277.7582027845487,83.57140118318725,72.14645215082312,67.59068894998198,68.60724997818548,60.32365769241066,35.61845670570967,51.41012627753053,326.4289730681019,50.07855129247621,0.07600655018790284,10.968534598550034,77.89279209431068,57.80783406357855,99.350848065238,40.32277119665026,2.2817595416661676,0.5096602194335086,0.0017362746221916245,0.0,0.0,0.00974973753624021,0.6318978947382105,10.492407187759312,70.88288580498944,58.03885860527768,-56.63425049326725,-35.08788413325336,-46.91636225601754,-45.922142671946254,14.265759017898418,5.776735107344135,7.579147441969113,52.300219498369856,23.193996438885392,-12.155217197934066,78.46836638932255,55.131886155130815,3.9463256169898604,32.223,75.99600000000001,47.36,266,134,841.535,5139.326,53.141,101,5088.853467202591,0.9892944837504911
mic25,21.419462093053387,12.214747399330575,0.0,1047.2161507103872,32.069685872560925,0.0,21.466853560014496,0.0,0.0,870.1939421581619,0.0,0.6764267996232222,61.66824654050121,329.4195170199374,4,99.8207738561543,100.0,100.0,97.0,87.47595493314633,74.41703169175217,63.309049937698475,57.07860372325422,15.44238734235557,0.04406298749404637,24.901083255123115,0.0,49.733353251341846,28.076451868586677,5.21317060536826,70.9651072863315,81.90734954130893,93.88168308902073,8,154.441425588876,0.0,0.0,67.71035850123644,0.0,0.4732013029004518,8.511251668192768,0.07258182926206447,0.0,0.22400396452740926,0.0,0.013880473743539758,0.0,7.963630232382619,17.376977817036607,0.0,200.8314216360697,191.8492807334698,119.22581124329788,170.4868648638526,151.44922272900973,65.5805907629805,109.08248543243934,106.89256815637555,74.72256070160762,98.13662381634268,53.82036146944881,93.26973193368815,28.812781448512112,15.95020987808462,10.962639116041032,-33.82505916688697,71.70822236184694,37.86406783572332,3,-10.796822660562075,57.633930299925154,-63.77764676359009,-60.75947634417055,51,846.050154426114,0.0,7.052517109690131,0.0,0.0,221.17394321707636,191.22964402573947,0.0,92.94748289030987,0.0,0.0,0.0,11,19.89851451932639,0.0,0.0,0.0,0.0,0.0,0.0,-2.6566082357760785,21.129274978657254,11.050612493103934,49.49117364210498,-63.780778912438024,0.0,0.0,34.05059720120921,0.0,0.0,21.762952780603488,944.0,0.0,0.0,0.0,0.0,116,4,82.29498103971862,87.0789529323782,57.51225976768825,45537.0,164214238.9107974,200.8314216360697,10.779938136229326,15.95020987808462,37.86406783572332,10.962639116041032,95.96633745415109,29.462873313962493,131.28911799918595,16.991467323578714,86.51169983047721,34.98216412064673,149.23987317920594,158.99677294433036,10.048024792037216,74.13822657009182,124.16061600205697,49.45925490383413,432.8256022401842,641.023274922947,37.13951608830539,71.56311711758336,82.72159229252844,97.37652752393772,70.41275596601058,343,1,36.636609769468016,8,84.44663386827848,104.6192583103105,298.243652201717,82.00615808480633,69.52021441212943,66.38759644688503,65.63174883353209,55.374367029903496,41.765161303423135,52.91248518980998,232.56280939288047,60.702457677169825,0.22181136263130652,247.76009366712802,78.55808589450734,44.96153928232594,95.96633745415109,39.4438424605705,2.5751246205725375,1.565467173052808,0.3459853681727879,0.0,0.11541649427301942,0.0,0.4629696656490704,45.85317399374225,74.18875389456463,65.03110379896864,-56.20595618405293,-35.517253517699196,-47.13635531025998,-45.082966510869085,17.121735419272355,4.525292226227353,8.894659954966714,39.18827481544047,28.405818718224207,-10.35663759159917,82.21957491184159,62.142349453269325,5.33254690922489,3.0200000000000005,7.502000000000001,4.477,159,0,55.626999999999995,152.80200000000002,14.77,0,2151.7948939097805,0.9890244436186505
mic26,30.071992030720608,13.29840276773853,0.0,1388.401211668187,34.587491274846585,0.0,19.46387654243283,0.0,0.0,899.0825598119721,0.0,1.6152040269321983,59.190344070395305,350.972983695981,4,98.19430623834504,99.99999999999999,99.9524990654986,96.64032611245628,86.06429951822558,72.19304675508299,60.648545604809875,54.87769769386018,11.38484832233069,0.3011617957221442,18.356039816155896,0.0,36.57370692596072,22.332258844168955,0.36954794252071754,68.4694094817649,79.19218316185972,91.03762894001446,8,175.94565837770523,0.0,0.0,94.88087199144266,0.0,0.46676091204690723,12.15725579992734,0.0,0.0,0.1974074004405861,0.0,0.0,0.0,0.04914608994759408,21.336277927677514,0.0,198.2174104659451,186.94969391101753,119.44817207174138,169.64549358645442,146.6957333120633,67.27811077761669,109.27923181897913,109.3178079183055,74.99620615428779,97.88647430106415,53.46270160378291,88.48748994682941,23.756027692303654,15.441608890327885,10.287676712198751,-40.28641829455404,73.42895771134714,38.432585272399045,5,-17.426444359343957,55.195967941629036,-71.40051532461143,-70.22715796101731,51,808.6885849661178,0.0,19.896438306025633,0.0,0.0,703.2352566891068,200.79580561256836,0.0,80.10356169397434,0.0,0.0,0.0,11,21.251302327114132,0.0,0.0,0.0,0.0,0.0,0.0,-10.023603320946583,21.106667112496552,10.966074437952187,50.36706594276341,-71.69807909596955,0.0,0.0,34.46512358527488,0.0,0.0,14.1073898199615,943.9999999999999,0.0,0.0,0.0,0.0,116,4,80.53125649998152,107.98352474950457,53.57710808815318,45536.99999999999,190020419.16651815,198.2174104659451,9.851573082522142,15.441608890327885,38.538838259362045,10.477504912008989,96.50873971134116,33.74261145378781,136.70974062532812,16.205838046488743,89.40983263183459,34.36646620328647,154.80038337999298,165.26980441068602,9.823667874416893,76.5813875205966,129.58305293915285,38.30653816663869,520.498359051077,643.0694488948038,35.50210625316754,70.20639930916566,81.29652458081492,89.97639667905341,65.85142718118402,343,1,19.86742848701501,8,84.72363253760204,102.87716142385946,282.022658062223,76.83769064555392,72.66386978956197,62.8967858346483,67.57108683089982,55.772981458283446,34.76387996088693,47.76881756434811,256.9192661884173,50.98655166227486,0.7733765431142112,160.63516608606898,78.13874921556265,52.25265860923293,96.50873971134116,46.99617465540158,3.180125187582015,0.9249517271976924,0.20267031772282731,0.0,0.08284373217452486,0.0,0.6259380907192763,28.999794136732035,70.76182587874504,58.98946519642526,-56.039790691882466,-37.92729224225808,-47.950663939621364,-50.3471552836241,13.088381032813325,5.7316296208106206,8.403239446167243,38.819325780518845,19.44546574550557,-17.811763047845552,79.45896409089437,55.56674631724638,6.8594062375005,6.221,15.497,8.48,1284,0,122.616,435.167,22.646,0,3772.83445166071,0.9944342002577691
mic27,14.8884436998582,12.61503060867396,0.0,983.5060676397502,22.34284417566752,0.0,17.14636284905117,0.0,0.0,832.9907175161424,0.0,0.16018532346869935,61.73866999982606,328.376787697838,4,98.9989704438167,100.0,100.0,97.00000000000001,88.41602818946578,75.00930455211032,63.219675628664326,57.35767418914821,6.514318423866325,0.42074215310800445,36.864571597369974,0.0,57.50226704741931,26.012439322238265,4.7931051273493654,70.33841616313623,80.72468504624976,92.41196929058277,8,127.23734526589783,0.0,0.0,56.27446071056351,0.0,0.15116232607638017,10.432026994315835,0.0,0.0,0.0,0.0,0.0,0.0,23.28372970966189,13.559370632186317,0.0,192.26412938801545,184.0260867702486,111.06830295941324,161.33056972241422,143.95212425565083,51.9551765013569,105.48629101386422,104.23461209702205,73.22825177878207,94.94029942615569,51.75420954835834,86.74753536175709,22.387579616194877,14.256229488377015,9.850784237418331,-41.307559164985264,67.96110295275459,35.66855289276594,6,-24.05973668727297,47.84543899209727,-75.4711887359121,-75.74065894859902,51,787.5713991536068,0.0,0.0,0.0,0.0,629.920687825816,181.21637078291047,0.0,100.0,0.0,0.0,0.0,11,24.89340065905467,0.0,0.0,0.0,0.0,0.0,0.0,-5.466052423937007,19.237794522098557,10.237794522098556,46.77311427589078,-76.11915867016539,0.0,0.0,34.26058702403019,0.0,0.0,31.61489927202517,944.0000000000002,0.0,0.0,0.0,0.0,116,20,82.09143706387043,63.71354953095732,73.39128068464005,45537.0,106218767.661493,192.26412938801545,10.628406952876988,14.256229488377015,35.66855289276594,9.850784237418331,99.42144491507149,18.634783268408338,127.35737843501694,15.237794522098557,83.08003696543813,32.91608068426705,143.47698322755807,153.1835575778958,9.237794522098554,70.10031107843548,120.1252392568938,55.64243157196468,214.19034838835043,614.6749418790264,35.93577222583231,72.66985883279081,82.03137134015205,94.533947576063,61.18164533126445,344,1,42.33067266974047,8,83.97247444424133,98.74288716583398,271.34015610478053,71.24053285150902,67.59648063518351,61.65939342350718,68.6211963889436,55.38001753722734,33.90753337994626,50.73484479166107,218.42840269866494,50.16868310347517,0.9458474231450695,342.3364042637315,73.2408097582743,61.78262919118742,99.42144491507149,57.95439599288488,7.464103750656232,0.9522184222294965,0.7418497067372707,0.0,0.10375201579417404,0.00011997494309022946,0.9002040383853268,49.26577741926771,70.31753811452856,57.40003137781696,-55.822489161593126,-33.964178273430136,-42.57561348285739,-50.27466161002587,15.714499519844766,7.733876612861724,11.916916508798094,48.532996097309514,29.87131643693749,-12.394910884408954,80.64000977086317,58.0638848989449,4.3124350654093675,1.3399999999999999,3.63,1.885,13,0,21.365000000000002,42.215,0.97,0,558.0962667297642,1.0
mic03,16.34585736764309,7.566110944126598,0.0,181.3666707317779,32.24102064683488,0.0,28.124212850019433,0.0,0.0,767.1456915936251,0.0,0.030900180688145634,67.90528108735548,252.15541624601744,4,99.78045631823701,99.99999999999999,99.99999999999999,97.99727262978584,91.10806563786984,80.91277107803894,70.41900650889839,64.9346567698011,2.243374668402255,0.05122639614266083,28.168144353616754,0.0,57.39316975069771,31.80193748532594,40.243844275542905,75.62732868173467,85.68581981669688,95.28345868161104,7,64.42422181648273,0.0,0.0,24.35797494647129,0.0,0.0,3.8808634827060526,0.0,0.0,0.0,0.008597577225726584,0.0,0.0,58.3566563699668,7.191691905177745,0.0,186.29983889649912,179.73809397269898,98.59244907701647,150.8668560873402,137.4917600442951,68.01837573915653,105.15518832765194,95.36126846755006,78.20648932721276,99.58721866371232,52.24182828232084,81.03754266690663,13.219736682249584,13.17100621052985,8.748259333022244,-53.8209676736137,60.35355798911434,32.807343877057285,11,-29.376927454827218,38.37691277176346,-86.83053656023561,-79.7939284728506,44,790.6171838774786,0.0,0.0,0.0,0.0,267.3405155829901,185.45978781015754,0.0,99.99999999999999,0.0,0.0,0.0,11,34.78723534797107,0.0,0.0,0.0,0.0,0.0,0.0,2.8420741107262484,18.357173777427985,9.53908056239636,43.507624136236835,-86.83053656023561,0.0,0.0,35.88247711672874,0.0,0.0,25.655243256378025,944.0011784533132,0.0,0.0,0.0,0.0,116,20,85.94374923803528,25.637994443568786,87.40288686618273,45536.999999999985,11052348.259844232,186.29983889649912,11.938174678904424,13.17100621052985,32.807343877057285,8.74969907136812,96.57632156481647,2.2550563563873243,120.70128476377883,15.27144147145637,76.57610048363127,32.94953290662012,131.9929691496131,143.81908681369282,8.700719946965258,62.273751569452536,105.74575757135634,54.10703772890548,54.12690962903832,602.7993237767789,40.37437921191929,72.78863847625975,81.84438687357874,103.00375464320109,53.040726265634376,344,1,36.006340146897564,8,88.56705075755546,91.57633047267431,253.5703735895435,81.55532999254038,74.95305409075819,58.81848024260796,70.90694181513496,52.38476631143477,33.626842483391556,50.121648962508736,207.747201905669,46.582690752551315,0.004456869243838033,248.81440715584338,73.23580970417308,87.84749023068471,96.4193808741579,79.65553807432927,22.57275423808244,2.7919526898383484,1.24052262098019,0.0,0.22006958789552353,0.2984419088961437,1.0323291544855544,48.61906639803467,67.22337784550085,53.43306169836418,-47.9304583009029,-26.582900398256093,-32.98140311093563,-38.22361325674295,16.32953157461159,11.209300793610586,36.25663291660024,76.53031393389917,34.37283214506238,-5.215660420334984,81.11480336708435,60.75719703825538,1.8140541871453466,1.763,4.462,2.432,2,0,30.363,68.522,0.667,0,1437.3254920608972,1.0
mic04,27.846967658149076,39.5319611682747,0.0,491.0269010633863,9.8700060489307,0.0,37.80576540456116,0.0,0.0,786.3017178831202,0.0,0.63395648515928,68.1746940841757,306.7228901001264,4,99.87546189194632,100.0,100.0,97.99999999999997,91.20085093704478,81.19703193568274,70.56745988502536,64.77141141078503,3.8874591187505865,0.10675968317697322,4.685197639593828,0.0,43.34277294705878,39.343924796495855,19.917573757696612,76.35441917426577,86.54697324727006,96.06069599066734,7,44.40305865094493,0.0,0.0,46.31612569758867,0.0,0.0,7.08892501152772,0.0,0.0,0.0,0.0,0.0,0.0,66.65813528995668,7.383794578717627,0.0,186.38843982314603,177.06955615311372,99.48801037352675,152.73452362181743,132.80172542071656,87.37342870068038,109.92162814334742,98.6428832337886,80.61103478041841,103.76127445195445,53.278414569905465,76.66008185076733,5.647533090900824,12.684636101045768,8.026401655017189,-61.7619204544196,61.72086694507035,32.565440606092835,3,-34.995463400933666,36.554576282046604,-94.73632833693725,-85.76990454934025,44,813.3805994458894,0.0,0.0,0.0,0.0,501.16596515729157,206.22450828602078,0.0,100.0,0.0,0.0,0.0,11,32.85127479110965,0.0,0.0,0.0,0.0,0.0,0.0,3.2302731652740593,17.701493024114036,9.08976189781107,43.989258174163695,-94.73632833693725,0.0,0.0,37.45083249763566,0.0,0.0,4.185482163868784,943.9999999999999,0.0,0.0,0.0,0.0,116,6,85.9746560575142,49.58965479194532,81.88739566777514,45537.0,52892698.57779214,186.38843982314603,11.959403615342076,12.684636101045768,32.565440606092835,8.028370549557774,98.81338651161234,7.9109144013566,124.44265896060828,14.990643778597933,77.71278781767025,33.391015961628874,137.56387292912518,149.5764159990987,8.319697028847873,63.610578645482036,109.4387897627594,27.96251324995611,80.80964220293107,617.9603017958714,40.82153456674757,73.75369273190258,82.84021048402626,103.5003221012123,49.17600608113002,344,1,13.3415865800304,8,90.4603288106117,95.51887405785412,292.7371582165976,87.19832757663065,79.99156128703962,60.30389221233214,74.82119444707425,51.06311055967872,34.2022338348094,50.20173358615764,255.41189010580968,44.5667212752971,0.04407112426904186,41.70005012342857,74.55315167237848,91.21527511293978,98.68107477497122,73.80898990962203,16.567949736739617,0.9785917015694727,0.43866047462470115,0.0,0.013158948168611266,0.03301456626908704,0.6878717131159298,21.124214710893487,68.2843695077928,53.07044968636773,-46.444331171889644,-27.326377077097824,-31.63425611479383,-36.472987307201414,18.19622722058539,6.7408937705953855,28.029375775430555,74.94536842611917,35.09153772015185,-4.963481377091129,82.06588331213553,62.845554910533664,2.769401629162242,7.128,14.594,9.979,2,0,155.065,546.556,2.624,0,1593.5870325381507,1.0
mic05,24.893078643549522,18.925809832539635,0.0,791.7024278653087,28.594286842583802,0.0,45.158567136924006,0.0,0.0,805.8005151998141,0.0,1.0451962056713389,66.69065923010423,438.0883405688075,4,99.57257169869136,100.0,100.0,97.98996133792934,90.9656880733416,80.23561766272547,69.62495252684566,63.69065923010424,1.8525109585673905,0.1448297679118735,3.60365774090627,0.0,47.74089446282684,46.40799766441544,0.23440090642544528,74.85806219260287,84.8726330141216,94.7043657023157,7,63.79263330543598,0.0,0.0,59.18863400251338,0.0,0.0,2.233641802342171,0.0,0.0,0.15570273158149545,0.0,0.0,0.0,50.5009339340872,12.83546995041031,0.0,182.88747147917726,170.0451846360928,99.06616801781225,151.03311629700377,124.58096209092544,92.76429644009757,112.53490497346276,103.70920901381484,81.07407877240719,105.90994357882096,53.69771192706736,68.12220392549192,-7.350576556984224,11.539815116118488,6.794103972161346,-77.40363674204958,64.44981983933626,32.22567450423239,8,-43.59463906380702,33.00877711850022,-109.81008131180235,-97.22826322679995,44,814.3915986314499,0.0,0.0,0.0,0.0,258.4589828558193,310.43937284075105,0.0,100.0,0.0,0.0,0.0,11,34.34127577796869,0.0,0.0,0.0,0.0,0.0,0.0,0.9652577898403026,16.952281478897678,8.090307999276714,44.364819264223634,-109.81008131180235,0.0,0.0,33.05337824528377,0.0,0.0,1.4150247995939145,944.0,0.0,0.0,0.0,0.0,116,2,85.32143835671813,57.81405928364775,83.11267857490775,45536.99999999999,66857849.314474344,182.88747147917726,8.566018536800158,11.539815116118488,32.22567450423239,6.800009811746198,98.85779917687577,8.783557579496634,127.44856013130125,13.957049175774959,79.90421272239456,33.09565387283463,142.58421612931892,154.87383825748927,7.094294152213589,66.19654264876355,115.4218458241493,37.880566738506154,124.31618723548353,625.7656173274264,40.51468344586773,73.53666342548512,83.36278873615873,101.23345584280199,41.23044278408073,344,1,13.999651233674278,8,88.5508908039956,95.9931501932429,387.40971756072446,88.49424466283196,82.65332578230895,63.28423215862189,78.59799138190213,58.613786017599175,34.034678191465346,52.30193256665332,372.85612057602305,42.06276884336309,0.1625629855059319,18.889128411291278,74.73844935804154,95.60729515791007,98.64444102361108,80.70653011266828,16.570067476819794,0.8699799633489075,0.5979985729238273,0.0,0.00708225336920506,0.005905839584851929,1.246503123472548,21.794659271101754,64.16892370005077,49.36360422839467,-46.70220602798842,-30.434511683095515,-31.645106055550958,-37.786018753111414,16.622812306959762,8.67742522726205,30.292582554974533,78.15611077880652,38.36339219698605,-4.3602715861331385,83.9747775273448,65.8138572196652,1.4754562207945199,20.283,40.415,28.065,319,197,518.285,3191.323,20.713,222,2415.4287532561934,0.9953881793733824
mic06,16.299282983027094,26.275218527699952,0.0,435.91456494466985,8.048854534126159,0.0,47.59213529422634,0.0,0.0,826.9790626747765,0.0,0.0,65.93827403571677,312.02324828581146,4,96.9805374987678,99.73325346964536,99.9968246514761,97.59932523809195,90.302042131478,79.57576684610596,69.10362024586549,63.237690198214494,7.138936598242146,0.11672090079829935,13.384763519390086,0.0,47.68900008950083,35.86967254387242,0.13965712392396112,72.58301328130031,80.97125929606254,90.62771990069427,7,47.05866431627123,0.0,0.0,47.97472814329021,0.0,0.0,4.583979810631761,0.0,0.0,0.0,0.0,0.0,0.0,49.42089688339071,9.458876713077045,0.0,192.5407205862275,180.44811615378785,107.63944926352526,160.17893367039184,135.04479823786096,81.9306266961301,112.29643766349423,104.33790076111563,81.5216894066779,106.00124440354357,54.59107561339279,77.66280326326222,4.915202391425502,13.105985480999998,7.267057324063209,-67.26177932436286,66.77227153568565,34.6676943822468,6,-31.08473886993261,43.103322688993096,-100.58117240444746,-87.18649779159684,44,784.9625038298616,0.0,0.0,0.0,0.0,792.6811178365532,234.20940631041083,0.0,100.0,0.0,0.0,0.0,11,29.579646830225954,0.0,0.0,0.0,0.0,0.0,0.0,-5.143713211675038,18.783979433948005,9.25580030732074,46.41046715626958,-100.58117240444746,0.0,0.0,35.13274836331775,0.0,0.01587674261940865,11.819579827414328,944.0031753485238,0.0,0.0,0.0,0.0,116,2,84.07013287254111,49.87342776172117,77.30961613117087,45542.14783318734,46596269.324633986,192.5407205862275,9.874485590336842,13.170549510379693,34.6676943822468,8.025060386142686,95.23088920220007,7.025935279865054,129.09606751985893,14.865174818022746,82.42074527861534,33.64623203717464,143.4660009856233,156.2934394965228,8.031822097677747,68.77227153568565,116.98522691779431,48.939972013610365,136.936781929033,636.6736457749648,31.191125876242648,68.63038836055391,79.7309726310929,94.9237039179548,51.384558850102636,344,1,30.54172720768003,8,90.51146512001176,92.67966410840333,248.1607403711021,88.61001708146412,82.88771204611051,62.644338429400875,79.65692602495638,55.218512300042015,28.360539029252674,49.444740984212785,265.5019648434474,36.57234217050692,0.24178970554675602,113.68465749965831,67.64218346017898,86.75645084821768,94.96653400393939,69.64944936727034,8.493347809968995,1.1292742771524558,1.3132563059354112,0.0,0.1658989054177191,0.1662259594130385,0.9467948614919997,36.779684284104455,59.91313181531623,45.726235244437746,-46.96597070277586,-29.811969802443187,-31.647507276145635,-38.14401287815789,11.140492820189596,7.595107592758241,19.954171880234885,61.92922842984631,30.024127984697113,-8.650993698170248,78.04156116690629,53.619934039974986,4.106579803402021,7.279999999999999,15.66,10.212,4,0,197.464,863.916,2.5300000000000002,0,2745.179994661008,0.9929294783741958
mic07,24.857906706068217,43.99778208157305,0.0,543.059126773004,7.166146533687495,0.0,40.0619188788207,0.0,0.0,864.1316832312973,0.0,0.048948259630377994,65.17335873346492,463.78669374330445,4,95.5162718980324,98.55326168104448,99.40244987128203,96.38070578503502,88.15259406243182,77.1995344434286,67.03713768642191,61.76890007179505,3.4954714512915253,0.28505739416075715,1.2428766537363296,0.0,40.85725195892274,38.855602436621375,16.6183242011172,72.32821589677123,80.49627188145041,89.22568154634524,7,93.58317238165823,0.0,0.0,50.71163903675794,0.0,0.0,7.118230183240277,0.0,0.0,0.0,0.0,0.0,0.0,24.404867784491135,16.960426254581304,0.0,187.4881662544082,174.03470439443228,109.68255101826294,159.353568954907,126.3396764967833,91.28823722946838,115.7508377459307,110.74740938683468,83.25578913255444,107.63855272854951,55.34222123912677,69.13385583923701,-8.035859626771959,11.774116477597598,5.893609327216809,-83.72014551716065,70.79530912710588,34.885735624981905,3,-37.949308050557285,41.274145186672826,-115.44642876939047,-97.79535604945777,44,793.6138350582171,0.0,0.0,0.0,0.0,144.77112152625006,356.13789807385587,0.0,99.99999999999999,0.0,0.0,0.0,11,29.257304081328357,0.0,0.0,0.0,0.0,0.0,0.0,-8.055490735016866,18.100030628237995,8.177154064427228,47.430044906910624,-115.44642876939047,0.0,0.0,33.97119134086686,0.0,0.6692820066870122,1.3918788495144923,944.4372325281396,0.0,0.0,0.0,0.0,116,2,82.70385476769567,53.013221787384445,69.33556765826427,47279.133569151,45544925.21892185,187.4881662544082,8.056944776034275,12.226232376745326,35.20411914235332,6.64175919819733,94.73100250170194,6.740259391433038,134.60558266960334,14.122137676201033,84.53331623544608,34.038453787866736,152.42287774506036,163.7133173558361,6.838640536285462,73.72047577473501,127.466333966999,19.63899189990082,121.06712350112728,651.1988588033201,31.131540798979913,67.56351990834345,80.350122724342,91.96827026190631,43.77499248387829,344,1,5.283979978127506,8,95.57169455573217,96.14773084440293,354.0174394506061,93.81641400803,86.6744557929756,61.26065511185259,84.17564661449272,58.00147159854381,26.794483011096332,47.575035275055036,402.86752614073765,33.90345099544653,0.23911388534694625,21.250525837532823,69.24266183625025,89.65432332644143,93.40669414987809,61.6667557370905,9.236736541477427,0.6176176817047391,0.874064731690919,0.0,0.039465337331327836,0.23523315535684985,1.1886695168408221,7.82510848502592,56.16665317904041,42.18086045911725,-47.021355781247415,-28.799682385993105,-33.944205471896794,-38.475102573450904,11.941068358392615,6.062033550454534,21.221495731056596,67.10318795174646,25.767696266452038,-16.64256213239431,80.12182743352554,53.78712920124985,1.0865777867731798,75.061,122.25,94.78200000000001,1151,211,2315.355,18497.439000000002,61.657000000000004,71,10478.505479015847,0.9961151589336046
mic08,21.905321084792572,37.865446560265184,0.0,750.8248205679827,8.724745911728997,0.0,39.38765801739248,0.0,0.0,889.8521308461791,0.0,0.0,63.70078231691782,397.6294945148212,4,92.10670106711761,95.78084679882897,97.38705709056454,95.0660718400489,87.05548081811477,76.05195548314835,65.92480529227966,60.39431915697653,9.889731526803505,0.18782825092995306,3.218984020469739,0.0,40.81466795623552,38.09429696671221,18.273145450788316,70.07278412420176,77.09260586412167,85.3878617747794,8,84.50874794935807,0.0,0.0,54.048343674599174,0.0,0.1367338584976236,10.583114256139062,0.0,0.0,0.0,0.0,0.0,0.0,39.34293204792562,13.629215803435052,0.0,196.56765638710007,182.52767759878785,118.91775790734833,168.81531864595627,133.9993074861955,85.85944979792993,115.87188639887273,111.9217171408858,82.78606896956492,107.0024874495164,56.036864960084344,76.1927868206579,-0.42825668389804655,12.641924425325058,6.521894521425857,-76.51862938490831,72.84551437400481,36.1887852593302,2,-27.137805510836305,51.53672823640198,-108.67956468067514,-89.04804945596806,51,785.2621071766555,0.0,0.013305401680987932,0.0,0.0,228.84069038188045,291.02813456524416,0.0,99.986694598319,0.0,0.0,0.0,11,23.59671972614079,0.0,0.0,0.0,0.0,0.0,0.0,-11.638962460908735,19.758106070464567,9.161119418494215,50.06085116035221,-108.67956468067514,0.0,0.0,33.32940747867808,0.0,0.06977948016690955,2.6053808239205636,944.9999999999999,0.0,0.0,0.0,0.0,116,2,80.54863506799047,58.25621652083268,66.03398318853877,50048.4497376972,69518424.31627151,196.56765638710007,8.17569070864921,13.599177547207558,37.39746311952783,7.602581832277224,88.64380595224613,9.17936574958921,136.6102312467608,14.833885185370859,87.5471862243195,34.83171668265574,154.70766575287877,165.75992270567798,7.520584252006215,77.01506874151907,130.4216449775482,34.1233782068991,274.73006096237935,658.911161732334,20.701639127006143,64.07668275668205,77.25492612888641,88.36103753909127,52.24866153384714,344,1,6.568925488499962,8,93.69568513644845,96.73762073002726,253.66044449619676,93.6215920931423,85.8591789130207,65.21395618009511,86.3244035601198,58.59063070308675,25.26277508045982,48.79496995907671,332.6048809005826,31.078466256857663,0.15849932436336486,33.94928738693288,63.364050538168875,79.54933133408576,86.80820249750148,47.7629880447501,3.343100835763888,0.7326275029870772,0.6208782305808274,0.0,0.0021313822008432416,0.14888144509848117,0.5249088718078725,11.670048866086216,54.90654953484437,40.39099307290226,-48.18978189976157,-31.14278562820006,-33.87020179525702,-39.55001176512714,9.18536870334996,2.8510141728774054,10.659485023901802,49.90220982337193,23.402598573872055,-15.342463683646745,75.41953897308368,46.0446823207783,1.115129831765589,18.040999999999997,33.565,22.648000000000003,160,55,481.26199999999994,2647.714,21.884,79,3039.5093620272078,0.9925646751228109
mic09,22.06723082782727,35.524600272018894,0.0,926.915818644015,7.924443317436911,0.0,37.37160671367143,0.0,0.0,902.3135792099357,0.0,0.0,63.25145508475402,354.5262473853193,4,90.68813198697087,94.53168518803915,96.23521921434967,94.47049181787226,86.64153792347288,75.78200798725562,65.70512052570369,60.129079432713176,13.688132684358127,0.3496314992634202,1.789757592677343,0.0,39.53366521601355,37.99020080110912,24.97259775885555,69.06986265852213,76.03955638118585,84.12985019231687,8,79.76612346489748,0.0,0.0,70.14502119569214,0.0,0.05634556455317647,17.23283962396545,0.0,0.0,0.0,0.0,0.0,0.0,44.93748734609951,13.053796003291758,0.0,199.8852147915392,185.41993469554717,122.10766029073919,172.25011716482135,137.08433658913518,80.56385218220012,116.12542934380208,112.34462969062639,83.1243847708475,107.37874276644035,56.770630991149204,79.38707559043077,2.3172618629689232,12.903521063910047,6.743419752999568,-74.61956036316991,73.587116813169,36.64543575276511,6,-23.236604355264806,55.799991783549515,-106.41426890471593,-85.67149638793452,51,788.813755888664,0.0,0.023090387747241283,10.049879846724947,0.0,265.8135104711403,257.34561935860665,0.0,89.92702976552782,0.0,0.0,0.0,11,23.064851996148196,0.0,0.0,0.0,0.0,0.0,0.0,-12.536882855291768,20.50694785275931,9.533531380570823,51.712651078503626,-106.41426890471593,0.0,0.0,35.717885734694605,0.0,0.0,1.5410150627187658,945.0,0.0,0.0,0.0,0.0,116,2,79.73855897526735,74.294992562185,67.02494532971897,50142.00000000001,67088041.873824924,199.8852147915392,8.866326584025153,14.14162217325811,38.36184800065014,7.985394039765972,88.57146209278616,11.17178334493569,138.14702297772143,15.098889451679344,89.11044790791793,35.467998095808895,156.01769915400746,167.1593962250237,7.664438973183784,78.20372946453327,131.3929979027851,25.949942530539033,405.2264263432274,663.9525139697606,16.855406782294075,62.98838111908692,75.94189684166176,87.46063278757755,55.41052313535825,344,1,3.355525861186108,8,93.30370998641183,96.56902426999434,254.2797832731879,93.75882170986893,87.16503051860427,67.77057504221798,86.86501122791289,55.438996993235605,25.35387753764877,49.901671073181646,296.1672004053432,30.778875540916292,0.0,27.609815864304572,62.12943838117392,78.16976776476496,86.79729219095432,49.7566478325624,2.2056213257913244,0.5757024790848042,0.5102307313218706,0.0,0.051617661434347706,0.054067013620020976,0.5698173169754432,10.878738693718175,55.45780257924724,39.633607160868415,-47.80710797944532,-32.33903554115904,-33.98261402083925,-39.8838254299472,7.434993894174916,2.8977093726608776,6.581723234936088,48.11768455680123,23.08654152794967,-13.283963948009823,74.13487787718853,44.13689589119867,1.2479322842228977,16.628,34.556,21.479,155,0,441.483,2407.645,28.274,0,2671.7048647056536,0.9950709879393133
ont00,5.320151516841731,0.14901803654867232,0.0,784.1787855763952,0.1330647050772928,0.0,5.841212424575603,0.0,0.0,864.033303881178,0.0,0.030982612088352252,58.941672954120065,108.41460238992465,4,97.6034716220346,99.94765898252427,100.00000000000001,97.74210533532815,89.88688149209537,77.21753401927806,64.54094835918804,57.56022607307164,27.2607101642038,1.4679868248489802,86.2297497811,0.0,86.50633911627287,1.8750430213982472,0.20244000257169734,65.05558066910095,76.60170547858355,89.87725671155725,8,13.458825138957582,0.0,0.5978007291646512,32.43671104359677,0.07266105151966938,0.15362080226633124,5.3776666335798025,0.006390757628478299,0.0,0.02027428721607479,0.07986601274374543,0.0022209669825302637,0.0,13.431048827830947,1.9523991645677834,0.0,211.22567111762464,202.58689459522765,127.13219637856243,179.8313172059514,160.48378536475235,6.1280353025311545,106.91937159028089,103.36335938524353,74.92210135524232,96.44827672638789,52.37140796970918,100.45164008768883,40.60911926108478,17.610782391754583,12.371827440955105,-26.398197446695928,72.70624968617574,38.88807545271437,6,-1.0861356765790748,67.92608948487863,-57.31576925588758,-50.618441629636216,57,859.4731667916319,0.0,10.167310825024133,79.61620647054058,0.0,874.6343692216935,72.71518363287008,0.0,9.876876093841394,0.0,0.0,0.0,1,14.62143555811949,0.0,0.0,0.3361988224704265,0.0,0.0,0.0,-0.9342139489108975,24.243701583555442,13.53811134214235,52.5844403118947,-57.31576925588758,0.0,0.0,40.03406917751373,0.0048473272366824915,0.0,84.6098671441207,939.1995649315058,0.0,0.0,0.1246123660708912,0.0,116,20,81.25760326647463,33.89391642034525,40.90490378920531,53823.422655719216,498738206.0332677,211.22567111762464,18.203753366705275,17.610782391754583,38.88807545271437,12.846304213165482,65.14800114268635,68.82077067798873,130.43163330757864,18.305934701470754,88.43172829774025,34.14768733818101,141.36635110738428,152.99898983051006,11.97490524981672,74.59082903148023,116.5518020599883,92.30896874855401,98.17021472481422,639.983669817615,26.090109336774546,71.15900662625123,82.18693065218864,99.50088859783175,79.6029229096876,334,1,87.8515092096822,5,80.93504875344468,81.17832936512112,441.49367408737163,72.3754441360759,64.10552038166279,71.76336471128498,71.63241899422235,41.87562724774819,55.93573837363509,63.50005781930331,79.44867660212995,62.3680292296501,2.4240910566731078,846.2698763586646,72.31634574615555,42.60470084481259,64.67650827995122,25.837157437884514,2.7901823871617704,1.452192825693115,0.6410090378645305,0.0,0.2214026879621645,0.0825455636488247,0.1577338948357266,91.44121427269187,85.59981132164702,77.57686057948503,-58.08860110305658,-37.889480014752955,-38.43957437689604,-48.79115892645565,-8.321722890636366,3.290153891978797,9.062353006273273,23.97003675506224,38.29828398463955,-3.807096613144643,78.88344392320236,67.99451635443933,6.2182875373128965,6735.467000000001,9970.933,7695.03,21342149,23403,258662.374,7236281.672,37617.656,100,19294.882175498806,0.9982556387627494
ont01,25.441178133817278,0.1810801132724134,0.0,3561.0570685494495,1.8696817195387494,0.0,16.21994107657019,0.0,0.0,875.2106959616664,0.0,0.0,62.571343703519176,270.4583625170935,4,99.47022987145552,100.00000000000003,100.00000000000003,98.00943691895495,90.63482213338156,78.37968117224834,66.6332419463385,60.642387663348394,35.368349780371034,11.551377038559583,11.55404480080348,0.0,10.327588093210808,1.0509459074094356,0.37284244742456346,68.21681473582375,79.06904518194101,92.61772996682284,8,62.20256421367042,0.0,0.0,236.38446009527652,0.0,1.8631998745174876,58.705394864454085,0.0,0.0,0.0,0.0,0.0,0.0,79.5192103377261,7.838833761164864,0.0,210.66102940233873,202.0846369494863,126.43379692240867,182.3882617553037,160.75781063830445,18.287657682153526,110.20403263386478,105.40034248095412,79.69813586847758,100.01258293123819,56.37093669561073,102.90151441630589,42.43909714825461,18.390478498479563,13.40488353373351,-20.483459912647195,73.93879893659721,39.68452221501699,3,1.2262280926761335,67.83410003419691,-49.77391407180002,-44.221691858593175,57,907.038579903903,0.0,16.373372823437414,83.5651006255775,0.0,1834.573627297311,165.3782825224179,0.0,0.0,0.0,0.0,0.0,13,16.86761806830877,0.0,0.0,0.06152655098509977,0.0,0.0,0.0,3.3507933364455917,24.99242923908449,14.02531592105359,54.079210580172514,-49.77391407180002,0.0,0.0,41.6550714759972,0.0,0.0,9.276642185801371,937.7158862807447,0.0,0.0,0.0,0.0,116,16,83.04612197922219,242.5033959598241,30.480125321530128,53829.059396305965,1870680925.7470381,210.66102940233873,18.372965121764686,18.390478498479563,39.68452221501699,13.445177057267143,76.57122345990888,257.14937474595246,131.07558574309306,19.500999609584312,89.66520545484693,36.8736399526585,143.1654500376751,153.29735395127625,12.88765937315856,75.69317706779118,117.82953178960203,72.77543695991031,740.2987386981711,666.2548824369183,24.79335145606692,70.20480409285898,82.4971718898297,103.76331842420255,81.85932533437592,342,1,47.778963075660386,5,91.48997183579984,85.6062274592086,331.73082964851545,79.55861693683077,71.87964691645283,75.97282072647802,74.88235602138646,40.060255490507075,57.54102592063497,68.60184967536988,203.96629379243467,64.64064504921178,15.437325049927002,84.5714992216971,72.20647026409077,53.81677351959057,76.17897523899232,33.841455713177844,1.43188157955368,0.23209339525342979,0.038332575251644026,0.0,0.036893785920915814,0.0,0.04967046666351521,68.55006113661574,84.13075486561762,80.79026785770631,-53.09665192792973,-30.164240380344104,-36.535850606142,-44.40611599186531,-4.7391325750677105,2.067812985763343,4.688960132059851,30.012613548517972,41.94291605409218,0.3380746500762561,79.16368424424444,67.93057060559455,3.1931177774291517,7224.835,8859.192,7951.129,21311361,21000,219074.078,6025877.0,27910.15,84,4660.855883896007,0.9942012526713011
ont10,20.069501458753663,3.358036473289592,0.0,1382.278587446164,0.24086150208291576,0.0,61.126504388623665,0.0,0.0,814.3972627081118,0.0,0.22440415033418176,61.505647807574796,197.17953475631356,4,99.99999999999999,99.99999999999999,99.99999999999999,98.76764019298295,92.14970140725099,80.00535228630963,67.30828487598714,59.772896369167334,20.224471647549663,0.34201832227303913,9.225363621369894,0.0,9.718623311262457,0.0,2.746048501510735,69.08336146987747,82.22491378166151,95.0778535520002,7,80.02403611173035,0.0,2.81300577147946,111.12380039697436,0.0,0.09220553859498563,22.01196548101519,0.05365949147885284,0.0,0.05365949147885284,0.6880244265378902,0.0,0.0,73.89314109627223,12.072141479349156,0.0,201.9772880023215,191.35261538653177,117.97312161156722,168.43983575130918,149.16193033430477,64.67250228862054,105.51543924386797,101.52203599029924,74.9993732982257,97.0521004749676,51.9162589457277,86.81056654989456,25.41716485238882,14.64761720240146,9.978811810400067,-51.45386045364585,68.37316314983089,35.40655594927362,6,-20.36975009277805,54.033554221724806,-84.80699179385115,-74.9683416518829,48,907.1090797875505,0.0,0.7158421154801875,90.54899805855813,0.0,322.4194684143284,109.25431559290863,0.0,8.735159825961665,0.0,0.0,0.0,1,20.42645068114772,0.0,0.0,0.0,0.0,0.0,0.0,10.129584240577065,21.602056071882277,11.530333760598502,48.0859933474508,-84.80699179385115,0.0,0.0,38.57054661039395,0.0,0.0,9.718623311262457,925.9999999999999,0.0,0.0,0.0,0.0,116,2,83.8656553865192,113.17202168817884,51.35293517828048,44561.24088789142,317293614.6675107,201.9772880023215,15.476476802822496,14.64761720240146,35.40655594927362,9.978811810400067,90.9903849387621,48.546687770451726,125.92277354587627,17.439627105946073,83.89086940760066,33.16684163989038,134.38643265538116,147.71275002779524,11.116661154581248,69.39415076814885,111.43528967787778,39.436798641025405,405.7699847586312,621.3798953636085,38.2797683117835,76.20467613747132,87.17566986752266,111.42688141682544,63.657735276272135,334,1,17.889887132081743,5,79.579330465039,85.41974302106334,404.9636205945188,71.55786237407122,62.7134625646079,73.26542661097135,74.08983202278195,45.7403374089794,62.451649646287244,69.95250404011686,148.11605453385408,69.11399691603133,1.8971408693700247,108.15373302495576,78.06824374985933,60.543154496930214,90.96355519302267,38.10863237101348,1.9038887671379146,0.6058096517094348,0.2584095929155736,0.0,0.262369010985433,0.0396364624116306,0.07201353645585148,34.08574464132146,90.8299655293382,90.13024085155332,-57.444501631474054,-36.802097328190094,-33.441384223250196,-46.71107768523239,1.8319536762151103,3.086802038286339,6.501474024520651,42.31350192488512,49.29522136662504,5.138047607247551,85.48069739407713,76.5013961058649,10.032448786357506,106.64,577.128,227.394,13182,0,6203.424,68243.14300000001,431.723,0,2987.376837369086,0.9975672578571726
ont11,26.882532230477054,16.071040284055446,0.0,766.7489641773993,0.1313002822230525,0.0,64.57998217923414,0.0,0.0,816.1452735688165,0.0,0.30710494142456063,60.326927892492876,288.79332013809613,4,99.99999999999999,99.99999999999999,99.99999999999999,98.20730619780004,91.56944407180173,79.34808638322353,66.34936737672706,58.92475461267096,8.672100143340106,0.5085859316925155,2.8555846891542807,0.0,2.1642893566038155,0.0,6.259505590334253,67.44878379160474,80.14615717431036,93.86744657463333,7,89.25778406040642,0.0,4.01804595756164,72.88171434184417,0.0,0.0,10.507477860169114,0.07166105977128238,0.0,0.0,0.743043591004233,0.0,0.0,74.12710282888648,15.252183961861109,0.0,199.41787899557409,186.54091060085003,116.52341761312344,168.67612796693163,143.46925917570354,80.8402465232507,107.25479136264092,102.71903027784089,74.16363743513848,97.50523005476343,50.27290607114628,81.7450819515052,19.22804196130826,14.008001396450991,9.305764371078189,-58.93797012621734,67.83967904791264,34.43418666770978,9,-25.592211140384084,51.14179959125947,-91.62661409865423,-80.1239496715024,48,877.1549010155738,0.0,2.5500367005838473,55.29329344313686,0.0,177.0747684306519,172.9794460119808,0.0,42.156669856279294,0.0,0.0,0.0,13,23.893847563236765,0.0,0.0,0.0,0.0,0.0,0.0,6.870565283041197,20.368418771466555,10.585768212841916,46.9517685939406,-91.62661409865423,0.0,0.0,36.02266162477282,0.0,0.0,2.1642893566038155,926.0000000000001,0.0,0.0,0.0,0.0,116,2,82.99831293709946,72.98655503590588,66.28424366278816,44559.0,103746498.66031592,199.41787899557409,11.89608040208325,14.008001396450991,34.43418666770978,9.305764371078189,98.19790303888611,23.44012767858457,126.5134834696621,15.894748343375749,82.93616232500116,31.525029792366478,137.87469444540625,150.38325922874182,9.691512852594357,69.07506147476438,113.55992454578825,28.872877883128872,207.14648826142422,614.9669604553528,37.475147382420865,76.2359340414188,87.1110749283644,107.45479763675353,59.29359854449786,333,1,8.162811120807758,5,78.66017456910814,80.92735727337644,377.0968081689057,72.51096075999081,62.9020628026828,70.72555334805743,75.36826601293387,52.08539812837706,60.34430236895444,66.44473838663455,221.31766151608872,64.95959111259938,0.7736359152549751,39.06419434399364,75.29234635622154,63.96340954126081,98.19790303888611,47.622181347140526,4.440556626358331,0.432830348838376,0.13103631318438172,0.0,0.3993918133542432,0.23470203141429635,0.6263845120913019,23.33557723894202,86.38557705235381,82.74251640081036,-58.08883657822818,-37.75299166966488,-33.658893977704466,-47.38954853459959,-2.279714080347116,4.119372636995559,11.620867034322174,55.77288701798725,48.234299132589605,1.9953171212007905,85.79919341904692,76.84019923776758,5.896449302621693,92.137,460.115,189.238,11746,0,5077.615,54916.179,380.341,0,2895.438241574047,0.9963216584191695
ont12,27.248612027935113,19.522140398241877,0.0,1034.9434225788714,0.6075906604033395,0.0,41.6153689801003,0.0,0.0,819.674120624734,0.0,0.12739858743878407,61.31277124686054,361.9058983633034,4,99.46692669705345,100.0,100.0,97.64485580108102,90.33076276619552,78.64439528165117,66.81617768589248,60.06598300350783,15.662877703126489,0.38125822598250464,6.607133151658164,0.0,7.019498495269316,0.0,4.440506852034317,68.06476912829955,80.29873628717324,93.44661631271929,7,130.96946649905985,0.0,2.727088106288039,95.8571204447322,0.12199158713886966,0.0824104430000347,27.366351685750242,0.014996121392732029,0.0,0.024104915551639176,0.7578937397347909,0.0,0.0,73.99890919888901,20.83329972823697,0.0,192.95530950878893,181.17852156954837,114.22928682438759,165.1219359323455,138.86701170890922,61.741938726183655,107.57474234820216,103.3403602662499,75.60806473917792,98.64243740302932,50.904836542640744,79.39808043692071,16.200949764544895,13.965011302243898,9.130025588233261,-61.8700181256577,68.1907684918917,34.29631139444379,6,-28.295827595293336,50.45615993763287,-93.05262209291422,-81.39038292555774,48,865.7272232617062,0.0,1.725107559780111,46.97658757967347,0.0,236.67708112746305,235.87631543565786,0.0,51.28947008477556,0.0,0.0,0.0,1,28.242977155907134,0.0,0.0,0.0,0.0,0.0,0.0,5.043867831533356,19.926971012792823,10.232617501131125,47.29507846253457,-93.05262209291422,0.0,0.0,37.78821205111514,0.0,0.0,7.019498495269316,926.0000000000001,0.0,0.0,0.0,0.0,116,2,82.99036059430792,96.691016604738,61.72758813210383,44559.00000000001,155678982.71901733,192.95530950878893,12.932776482791672,13.965011302243898,34.29631139444379,9.149366969637725,99.08199580651971,28.79209303987696,126.20985417348157,15.47721115139112,82.92284620420989,31.945097341027736,139.29940142180115,150.72382242995158,9.341441022179252,70.09401826837777,115.65154677659841,34.07071862768807,374.759152654787,618.4252063105495,35.648248239714505,76.07769402196244,86.34363762714864,105.78790042458238,56.18014124839523,334,1,15.934346551344627,8,79.99927424437878,80.14234913995578,378.8184832538637,76.246531352238,70.49024954759567,66.1816813771603,76.25771640133775,49.39273546809342,58.02911529855398,60.34899723845967,286.6541343095115,64.7239398048749,0.7385362085101498,79.8927008415563,73.98043629640924,82.40039137255722,99.08050186246336,59.24054251575764,7.301684969765794,1.2875760390460886,0.36116839729119515,0.0,0.22282904104927792,0.2830419899381929,0.5313199815929452,30.54454510816274,83.65089702662462,75.77165561499336,-53.22879049717778,-36.550127628809385,-34.01178922724994,-45.30337953324637,-3.387034638914189,5.233661000024831,14.413476771184506,68.69625819186166,42.965302487836546,-5.525351439920071,85.80342761799726,75.89347336998402,8.309324122903831,80.256,330.114,155.014,11307,0,4136.013,45884.836,316.064,0,12768.876816261945,0.9964969122351424
ont13,34.19629190648603,1.5585936602990098,0.0,1814.9468107093144,0.38792252114614606,0.0,10.98986663039265,0.0,0.0,839.4537605217469,0.0,0.3664584168185043,58.138526861360766,241.10929870890888,4,98.4601394247401,99.99999999999997,99.99999999999997,97.71434710448186,90.25805054840359,77.9149984328675,64.98840182510202,57.444529851240524,36.64974568364939,1.7149053226732216,31.634019752264578,0.0,31.032576942979382,0.0,0.5686022695128622,64.09136512028125,75.66773642053236,90.07172978145618,8,102.98651447485224,0.0,8.708626210229394,128.7600103292139,0.7565661953708294,0.633493151260213,42.63426702133361,0.06551820924015142,0.0,0.0,1.033946809040648,0.0,0.0,22.276598038824833,11.916520874190722,0.0,203.95483471924172,195.3640882074627,120.55916996039412,171.93696703004736,153.16967205372896,12.887644787122472,104.94899469129041,101.2730541525781,73.33589895531482,95.91598802853001,50.273349094564594,92.99678871996592,32.73676765919333,16.33992945422587,11.547801645783023,-38.49654218067327,70.33863353320693,36.9568824976644,6,-10.448251949631977,61.614443688634395,-69.0408473445429,-60.741321002006174,51,840.7527822183282,0.0,12.7583186657081,67.93472288578664,0.0,578.5651816239465,73.51805542715262,0.0,19.318364939835064,0.0,0.0,0.0,1,17.31621246026158,0.0,0.0,0.0,0.0,0.0,0.0,0.060795488832729366,22.74521175732045,12.578483003152321,50.334955719010246,-69.0408473445429,0.0,0.0,41.00072452676105,0.0,0.0,31.032576942979382,926.0000000000001,0.0,0.0,0.0,0.0,116,16,81.27279505672116,132.7715089165901,39.01786701050482,44558.99999999999,824176352.3083277,203.95483471924172,19.092307327577313,16.33992945422587,36.9568824976644,11.66987775088694,80.62804990801062,104.01087978514431,128.27905776105024,16.80663798842341,86.10164741041493,32.31454076842495,137.54026740538654,151.20455071654516,10.992336337159331,72.12152570724342,113.49599293888903,55.32669788136449,609.1561385422423,621.1477339088248,27.360311353143338,72.6804272327256,83.55297749629185,100.0476454923899,71.25077362320313,334,1,37.625741157861356,5,76.08706238006283,77.1151449338494,390.6432287367991,69.57853244473782,62.29288647076372,69.0901118465095,71.91499111690754,40.17230309526283,57.49244329546322,62.616763405061334,129.94832337210062,63.42495680194879,4.548671491667222,284.5468706609928,69.69473467617857,57.58036860976564,80.42725087626282,31.917826712560107,1.8107280656244888,0.37394568131866174,0.13858944164082934,0.0,0.019925819261918637,0.0,0.12143219377063888,51.82679026333639,83.80327612621636,77.52955791052621,-58.73829282909821,-40.59711427639735,-36.59766306522876,-49.49441558989931,-10.506347691302622,2.582351241300479,5.3538549824088895,27.784026737057502,40.614774526378355,-4.430552395615181,81.33004677732399,71.38097627604296,11.108906649499957,2.175,21.011,5.398,55,0,91.719,368.08299999999997,13.634999999999998,0,2764.9149289619945,0.9968491276473015
ont14,50.481654910015195,0.21903741341462565,0.0,5196.772729261185,0.48212310261607433,0.0,5.9423920977252775,0.0,0.0,842.4802925388398,0.0,0.016009407703258514,59.32988887690237,316.42893326042423,4,96.52011824944948,100.0,100.0,97.00794260089377,88.43261441174074,76.03473596518575,64.35997587029087,58.52774707072119,24.514935645284563,33.050685929128726,9.896663840929664,0.0,9.74466127555576,0.0,0.0,64.16435754606209,73.55005752669986,86.83717549641456,8,93.32536972912484,0.0,0.0,320.81970326273415,0.0,1.425851494292775,49.90424284884502,0.1746139397887327,0.0,0.09542162601579471,0.0,0.05746192862258114,0.0,11.214494927342713,11.892909737452221,0.0,205.50186970281388,196.09005657825318,122.89338253688945,177.12085972771655,153.2704672322182,6.643552613755977,104.74252441064385,100.81683766302157,75.24991892986623,96.90776959146996,51.390153100697624,95.65084035865377,33.46019558974148,15.892027556233016,10.820334074327205,-34.75492390017344,69.27690065997638,34.74961889493021,5,-11.271389093534909,62.71279297668739,-64.72238933031097,-57.337834462905114,57,801.1717532139215,0.0,2.460043866429989,63.17653476105659,0.0,5374.723141787674,114.15764133408533,0.0,22.36373102121749,0.0,0.0,0.0,13,14.416786190527395,0.0,0.0,12.069991063492916,0.0,0.0,0.0,-4.903418157579669,22.043796060940917,12.043796060940917,50.29294672434556,-64.72238933031097,0.0,0.0,43.329522881678166,0.0,0.0,9.74466127555576,926.0068541747555,0.0,0.0,0.0,0.0,116,16,80.50068514162278,332.4326486664265,20.269101559015326,44577.69951491345,10368247551.834042,205.50186970281388,18.58850542550328,15.892027556233016,34.74961889493021,11.35698430260525,67.46987813630012,1368.9496478814378,128.472444411484,15.933690415548924,86.44231256792828,32.202120299404186,140.89483617870908,153.45456409269474,10.124565943947589,71.69147936297274,115.34720316736615,19.286772461667347,541.263284275641,617.804213423446,19.771751595327157,70.02794892865496,82.37119654410145,95.0985864977544,73.28962998163868,342,1,12.66835529447561,5,82.86437996737533,74.53296058385686,275.50605125881714,70.53410331292268,73.18103453245598,62.37679767715728,68.6444486081391,38.18251832822942,53.20491749984953,55.34413308889138,207.42237678143655,56.45159039444334,46.69397183193341,83.21612250805151,62.71050647413833,54.022899072930635,63.139147127133505,24.213709276470034,0.7465880776563464,0.6300895315886881,0.08066613884855127,0.0,0.05423733922405005,0.1690062585670102,0.0,17.50082964613,73.14896136218016,67.91566696994067,-52.36966088767526,-35.292053529051735,-40.44722116407925,-49.819942500066894,-13.614886233865889,1.971399908868482,4.762854443127029,23.38189695500304,37.015656539342096,-13.181030827928062,79.67720539852206,70.00806951101917,3.4030578898802704,2.851,31.042,8.245,8,0,203.175,928.6,1075.733,0,2654.9486279307466,0.991861199818096
ont15,56.343376525228436,0.48558700239889885,0.0,4577.377990089264,0.0,0.0,12.545174995095294,0.0,0.0,854.7393457723009,0.0,0.13721417806688566,61.12569466206331,355.2117883161346,4,98.39260829776856,99.99999999999999,99.99999999999999,97.7628682616428,89.71919214671854,76.9323432214904,65.35978248138235,59.81414229814076,28.502174439339072,15.849001209488327,10.441343940119014,0.0,6.669797377379689,0.0,0.16641248523947583,66.5286776100888,76.57207408078898,90.1999997115832,8,103.12303803744466,0.0,0.0,296.5594883037282,0.0,1.357672352098345,60.168023203799365,0.2214008391680714,0.0,0.10291063355016425,0.0,0.046034493384305014,0.0,94.95289585633245,13.194295791430354,0.0,203.31269297123148,192.93422268036505,121.06163056544847,175.81131594187644,151.6455371472802,12.9205921188913,108.11559318687257,103.44733434468097,78.27841217163419,99.70760209103055,53.79162381836928,93.99287671318564,30.51027536782004,16.007848611032852,11.247069259141067,-35.08948519216393,70.21006151734018,34.954841339487345,5,-13.631239032739565,60.63836235211685,-63.04348432938479,-56.90714179581215,48,856.1043395397267,0.0,0.09641476417139196,88.19718902629639,0.0,6822.180568516468,175.06448135595184,0.0,3.5846428834283155,0.0,0.0,0.0,13,15.2709654737677,0.0,0.0,8.109359228261622,0.0,0.0,0.0,0.022057864205528802,22.11485945722723,12.192968008200776,50.84472614634681,-63.04348432938479,0.0,0.0,43.06206434377199,0.0,0.0,6.669797377379689,926.0,0.0,0.0,0.0,0.0,116,16,81.9355734768618,307.04515892192046,23.589455180495943,44558.99999999999,4370959556.015339,203.31269297123148,17.716392678374213,16.007848611032852,34.954841339487345,11.671210138007648,68.91922355437691,686.8554137395306,131.16041825637876,16.528415761783048,87.71932439867714,33.64017151118406,143.47137642798754,155.77738107800974,10.685234809294467,71.96424370882201,116.96635007824403,22.570238082200767,559.4992986832264,636.9526710148291,23.36849607927834,70.92746881757364,83.68174627620827,100.31164507209482,71.86606011373193,342,1,13.536898608703062,5,87.15810601751126,80.91825481590138,227.9116901828221,74.1920241540187,76.85848414281647,69.48462896627711,69.76185187519451,39.35560779947559,54.24442514498744,65.76613943489275,254.9567450164378,58.54717488554063,26.882156786035782,70.6099094939836,66.65573492447157,50.42887266003394,66.28564491798159,30.116910976722046,1.7526147853905159,0.15986226928121508,0.17685774476256352,0.0,0.0,0.0035450072151321176,0.0,18.33632799475176,76.86818488004957,75.4800574072019,-50.50285159996263,-33.43867655373589,-40.46766210156686,-48.275104158230214,-7.4861292626404685,2.4427958784281447,4.5192938181021205,26.85553064628365,46.63663080678023,-3.3340067213173583,79.9678846249683,69.99578506421841,4.538205006603721,2.605,31.008,7.925,8,0,220.698,1191.895,897.197,0,2288.2580886499854,0.992885816520005
ont02,27.307158084899257,0.09742725882046199,0.0,2157.844272525045,1.2802535431728068,0.0,28.02410598208861,0.0,0.0,897.6467192976279,0.0,0.0,58.44841828038976,203.36031670615176,4,95.78817201558566,99.54128372822402,100.0,97.31484972107305,88.77696411908838,75.93095809489118,63.40972982244296,56.99083249442045,29.844327456429095,3.1302805902001136,15.810991028578238,0.0,19.24894299951696,6.138672092666886,1.9251916591202447,63.754719635770684,73.47867881482325,86.5119161640701,8,22.322834880454867,0.0,0.0,148.33844937866849,0.0,1.425579307350892,51.71267605647951,0.0,0.0,0.0,0.0,0.0,0.0,52.00774801436831,6.746796433792244,0.0,214.84442630307137,205.12156343026876,131.23229359579761,186.41290409242083,162.22063781943814,29.330891493235203,109.55720244092763,106.02590384961582,76.26189372154828,97.52935990979029,53.323002243356115,103.99833787100755,43.81310111728786,18.868439681768983,13.180413068465393,-19.188527488829177,75.48843127378733,40.94142053916693,3,4.3631376715279355,71.4828275207318,-48.487704090010176,-42.73992853864724,57,827.0584053647619,0.0,0.40009344748046266,99.59990655251954,0.0,898.0662382958815,99.19832882850596,0.0,0.0,0.0,0.0,0.0,1,17.371427780344767,0.0,0.0,0.0,0.0,0.0,0.0,-7.791086634724111,25.733817637464252,14.166133235828852,55.05471185186184,-48.487704090010176,0.0,0.0,41.77406935022494,0.0,0.0,13.110270906850072,951.9371881970561,0.0,0.0,0.0,0.0,116,16,79.98541795823407,159.19976175179977,29.106187578749594,63700.58053023863,731544934.1574701,214.84442630307137,17.22089190483748,18.97644399589393,40.94142053916693,13.976443995893927,77.8388033893331,87.54420755047266,134.02047751095105,18.553716920678276,90.978322144113,35.12223781374491,147.39768546473272,157.59444377386666,11.905315130735715,77.82293901086919,121.28033450470174,47.182138920886274,683.5359933199597,656.8326649835984,18.98275005828844,66.51057913658612,78.69943689308323,92.2089133652759,84.3174818622599,334,1,27.72882463084015,5,85.62698875758296,80.261981139731,452.1068979002591,75.06291924472922,66.86845355730514,71.87120022534697,72.94508894979141,41.18496896254556,48.912221233961176,60.00262329108102,135.9954040924149,54.07799359177036,4.8262978424380405,149.48642797092023,67.98750807862342,52.04086205886593,77.80131312068819,35.720561458454455,2.6122380816955597,0.6395933443937847,0.18587673118617712,0.0,0.11099176964890327,0.0,0.10276099240893775,41.1623887745269,76.6753989109847,66.63787694699194,-57.4317577040071,-36.10526447891693,-39.73517489219282,-49.032823130757514,-11.811502237505204,2.7306404942963547,5.73269079705883,30.03604343284081,31.611859237704728,-7.663094340224002,73.92437269745258,61.17400236937903,2.33672667393602,4.23,41.601,11.461,25,12,213.798,1257.173,31.61,34,2656.855509873727,0.9985591073111394
ont03,85.95200459793998,2.460627642835143,0.0,1703.334397103156,0.26578310754969603,0.0,63.6125272585598,0.0,0.0,929.439044315479,0.0,0.0,61.61560651562297,564.834258046409,4,96.45333839122965,98.95327008179096,99.63691691226755,97.03599914393216,88.73517507112005,77.96835066901996,67.99757245287331,60.805447296339345,24.391890121315804,2.03962106324891,0.49825325517553704,0.0,9.11504707027341,8.341779416070283,0.41216895076224397,67.55777467584086,77.57854783651423,89.31239615901909,8,234.84200285632485,0.0,0.0,131.31933879318635,0.0,0.9845453771482624,31.0755846834169,0.0,0.0,0.0,0.0,0.0,0.0,18.213855558881402,36.273171853690805,0.0,199.08965476072296,189.04634355892384,124.18867063059567,174.62573475971564,149.80882057125586,66.34745512859803,116.96929562847578,111.21857436113753,84.05392627063954,107.7711832074895,58.13727806245982,91.66315708312372,33.96902502374507,19.149320257734054,13.297625894252224,-29.616483730201693,77.54135017267487,43.360061135386964,3,-2.1539960108461504,63.433082247034584,-58.53400315446905,-51.9620461881156,51,886.408072231011,0.0,0.0,98.05541116323053,0.0,553.7073854557619,275.65830753077665,0.0,1.944588836769457,0.0,0.0,0.0,13,15.176378434782263,0.0,0.0,0.0,0.0,0.0,0.0,-4.653471365565074,26.237754452185897,14.74452293917257,57.01861213913024,-58.53400315446905,0.0,0.0,40.67735067174459,0.0,0.0,0.734008439592777,951.6733021852746,0.0,0.0,0.0,0.0,116,2,82.05525336824905,146.9127653340202,39.28072729758686,63367.103523718586,607960212.3906094,199.08965476072296,17.247778649749836,19.519246793871304,43.55195949879255,14.057909263653356,75.23152923321366,66.27067712851672,138.9431324963786,20.074446813490525,94.08551669685866,38.36424228547245,152.08374138888402,162.0335245465615,12.828759022187429,80.27080658790447,127.15917051841491,17.10644725961787,1239.2543580035392,702.9020843542412,23.228153879759216,66.25068000182314,77.1563589619247,95.45561863104093,73.71330422823188,328,1,6.531139651289689,5,85.79848653862615,88.72709713191814,512.1567290463167,100.7004380860308,82.23620944215274,74.27320723891667,80.44194160720266,42.192099258766504,47.9851218731671,58.63398337445254,413.49012050759154,49.27367544467758,3.190466445289876,8.774732143826167,74.72236435106312,42.49438752350751,75.16758267673035,23.25009915531714,0.8204303236019493,0.2881678844043631,0.07267667403955172,0.0,0.002380318312923883,0.07701131137381623,0.14476136635922549,12.888455018759554,78.1812370789676,65.38152967628714,-49.21097418631669,-38.12898501743021,-36.65565500776535,-33.77473835661902,-5.648435180635262,2.60570080629261,4.599934357554027,32.637091319639616,25.323473918306103,-7.387252550843924,71.16746399395396,58.989468314532125,5.281749867574739,28.121,470.696,106.82,483,84,2507.4,30488.807,358.735,25,6493.918000907289,0.9973490047309783
ont04,32.16276201481911,0.09418959373696137,0.0,2597.4378616532194,0.011252241538156717,0.0,62.7855221665398,0.0,0.0,907.023155901606,0.0,0.0,60.027751247212436,197.17732382045054,4,98.0936331583826,99.7130319671399,99.99999999999999,98.03637942201006,90.11109371292522,77.4759125612551,65.55445690683545,58.391528344107606,18.59792715717354,7.029198382657893,21.179154213468816,0.0,41.115338513926616,23.34948390179857,1.0707421613268575,66.91332881286313,79.44053651600943,91.9917416657449,8,61.303098374631595,0.0,0.0,156.4085832550467,0.0,0.21578449580979514,8.938858625906137,0.0,0.0,0.0,0.0,0.0,0.0,75.4209303254563,13.400823408439777,0.0,215.10372631065803,205.67402452399966,133.7395657716,186.36240250223497,164.27024226227567,62.89165165069086,113.1978073932071,109.14701852353977,78.8669260550645,101.3027065456317,55.63053680849021,103.62898125895204,44.76132728295244,19.105273193474723,13.730475608892696,-17.75336814616529,75.95560021263772,41.576883594624704,3,6.079078696388715,71.94572303995223,-48.6677558382946,-43.958458385630045,57,902.7301949683508,0.0,0.0,99.99999999999999,0.0,1558.6377693697377,81.33632545015705,0.0,0.0,0.0,0.0,0.0,11,16.29121186748027,0.0,0.0,0.0,0.0,0.0,0.0,-0.8821775545524745,25.87360174257062,14.614425314676046,55.440446864182924,-48.6677558382946,0.0,0.0,41.478936101250234,0.0,0.0,17.716683495334014,951.9999999999999,0.0,0.0,0.0,0.0,116,2,82.21973297127354,177.51730019000323,36.5582851614288,63747.0,1644549326.625854,215.10372631065803,17.601555304331608,19.105273193474723,41.576883594624704,14.070326190897093,73.98266116165036,183.45267885076711,135.2118041879599,20.31186272778898,92.1810744420698,36.908096548562625,149.00067243381974,158.75168862716743,13.307661306836641,77.84876755280946,123.19371844675378,40.62943202140932,536.0559467928174,679.1050200747926,30.85649188758968,71.08231101070601,80.38818152152696,99.70202301335081,85.02317890198908,334,1,29.398096157171132,5,84.43965806792403,87.23126581662568,531.2259366702642,83.63812842693198,70.698563289075,77.36339166467576,76.11539079395575,41.000517193619615,54.60868977649187,61.50206883566738,122.19098070809937,59.5081067240151,13.940734619597443,217.92147376460244,81.04282260488704,46.33326325534165,73.97469925320146,27.746046850086234,0.9742145577029538,0.8034053708324113,0.07271816053884109,0.0,0.04863828274450252,0.22766338304462722,0.4213745819251789,37.441005478177864,90.72656761001863,75.86612408174747,-55.13969105623424,-37.667175202652366,-38.015554970734584,-43.77973679036582,-5.470107443877823,3.6997006729360655,8.718451615843527,32.26202759816428,31.70715638456963,-0.5157725288146947,75.76936308288394,64.52316518023298,1.9680003971957405,3.921,27.052,8.114,105,0,126.522,605.841,288.662,0,1759.0386456684507,1.0
ont05,75.58000192094183,0.5135033028213649,0.0,2043.1194326416346,0.7956299648756738,0.0,59.761381744776706,0.0,0.0,913.4823817558298,0.0,0.01763910147347226,64.22439828328633,409.94367444481776,4,98.34720346054308,99.63459770539134,99.88449811539017,98.05754146398715,90.84463930926654,79.82915489357408,69.43444724287055,62.8079310729966,24.41003971501886,1.5497035081766426,6.118113654678872,0.0,33.40074945379897,27.654678972125776,0.8381845392646579,71.51241182114813,83.30113031402404,93.88382414233841,8,168.4187975686384,0.0,0.0,146.9248806647618,0.0,0.21198259424388965,31.138381770105777,0.0,0.0,0.0,0.0,0.0,0.0,48.054853157374446,25.993843040511457,0.0,206.75299236368295,197.01791243457453,129.60850588403335,179.97305736555816,155.8188732313534,61.102520368784035,117.0550270771186,112.06261600852702,85.45475883175378,108.31734738144318,60.16375621837074,96.27241017400596,38.22926545748087,19.076530015246735,13.513146940295249,-26.166686935700625,76.9409680314417,41.88626329524113,3,0.6682955924362164,67.58107458414109,-55.90265762614089,-48.90822025017987,57,974.0064854500304,0.0,0.0,99.80206359498733,0.0,688.3079219357745,151.30817374811684,0.0,0.19793640501265666,0.0,0.0,0.0,11,17.394881404495322,0.0,0.0,0.0,0.0,0.0,0.0,4.911967917952988,25.894275326560948,14.490634301745406,56.0977284468239,-55.90265762614089,0.0,0.0,40.42137992838719,0.0,0.0,5.7782096077009895,951.9999999999999,0.0,0.0,0.0,0.0,116,2,84.36034032087346,168.30308127437303,39.229351493509185,63746.99999999999,676041286.2729002,206.75299236368295,16.155564047575414,19.18663327760657,41.9383194618833,13.916607453757061,77.62992438268662,82.36502422379988,136.57751643158548,21.213232777492912,93.35603399498522,40.03573146662517,149.15071837284356,159.30487484001793,13.51313450246042,78.69647802693258,125.0262803990914,30.450694818633476,1112.3939943246164,709.1568625230344,32.761816684901895,71.2908277502599,80.75909243699778,107.10177223864848,78.45990416601363,334,1,14.782456996584928,5,89.57735807859636,94.42812061347836,620.5729047561089,95.45028816931787,85.27543025031741,80.64359767068511,84.56209730184558,43.23009676349234,58.134510222793566,66.47468206717888,258.42503739992384,62.01286657196487,4.0612525817634175,61.34824861290788,84.77588771939698,48.874209745662384,77.38844202035928,30.753851526725413,1.1855046271124474,0.44572844453765315,0.028344947054744763,0.0,0.02556012153296377,0.03791110306781803,0.3179997519249646,26.735205002599333,92.96743562946979,79.66801219320635,-46.335506213153344,-34.23405660267264,-32.165536086711214,-35.853457279206495,0.5174936774373422,2.6965569174092843,7.463657071881088,39.34987552410328,35.02657698718978,1.6327170116424496,75.68013688367098,65.27244153777676,5.55890875519745,129.021,740.347,254.124,14616,1950,4699.256,50569.473,1025.909,243,12990.425277361546,0.9972199890081608
ont06,73.24488701501045,7.45935281486687,0.0,977.5650102006753,0.06479500722861768,0.0,76.25633588915535,0.0,0.0,854.0085302814659,0.0,0.011731370431175364,71.6097534738069,383.73671239473094,4,100.0,100.0,100.0,99.33123207684466,94.15533943976082,83.9050678819838,73.1210854394888,67.49253709800504,10.289391305636208,0.040447776278005325,6.454931748634256,0.0,27.490137418526984,20.633697945485604,1.494825797930012,81.69066410979106,93.60468839060628,99.85325637399801,7,90.45949329829129,0.0,0.0,74.59925276058794,0.007777704517795918,0.0,9.649081109733093,0.0,0.0,0.0,0.0,0.0,0.0,11.530999737701602,16.744639585378273,0.0,198.44625375124323,189.1015570537558,121.18295955529584,170.62615906262738,147.40240684195845,83.78016921983327,116.75138728989023,109.73219131017593,87.50378243951502,108.4274820880258,62.80616056141785,88.10632281446703,28.86518755536523,16.554897507711157,11.742716127246688,-41.42256358820358,72.4985351357977,38.1781321803407,3,-12.265107915580062,58.27227630948287,-73.96891612158332,-65.46045758406696,48,1162.0255648804405,0.0,0.0,95.59372501073958,0.0,215.8226244521414,155.71241257049007,0.0,4.406274989260428,0.0,0.0,0.0,11,24.473854406514246,0.0,0.0,0.0,0.0,0.0,0.0,25.673508644008248,23.21690362137296,12.821452728286928,51.609950807684214,-73.96891612158332,0.0,0.0,39.54546011095449,0.0,0.0,6.774357242252884,952.0000000000002,0.0,0.0,0.0,0.0,116,2,88.83356884609452,83.51630007817609,57.54299973411424,63747.000000000015,204988609.72462252,198.44625375124323,13.51053619505625,16.554897507711157,38.1781321803407,11.742716127246688,93.44940209037087,20.81360746365919,129.45738581056108,22.036790077105923,87.30217285617746,42.018166156824655,141.30508130307095,150.9229027332603,12.821452728286928,73.06111118472668,117.63633523316498,18.811787954307334,370.93021261890976,700.9393779860558,48.180366037841594,80.7365957916987,88.56734579508556,136.5308709177773,67.39293367957784,334,1,9.10782872779747,5,101.62910584950022,109.22293942282631,831.518386023505,92.29556093382487,84.55708027564103,89.39837328989937,90.23725129033342,46.86584012829552,79.5929372576958,81.68338107552712,261.1366585804973,96.51428859606318,0.2722406996664929,75.83499749385415,100.52176972118647,62.452817172492665,92.8971981848172,54.55095957074302,6.0450836851288585,0.9983450366175222,0.3284991104436472,0.0,0.24767978916070366,0.17532652780253374,1.123327851091636,13.837391329017386,122.26907761832986,114.19416042517788,-44.02962681513618,-21.2500306844763,-23.12056900823108,-34.47469543023146,19.357344398086592,3.7490189352480496,13.565506402965589,56.97813069891775,52.67620041944495,17.462138876033304,87.64151568281645,78.7508452988134,3.42961476252283,9.776,61.182,20.34,6,0,260.11199999999997,1525.77,10.401,0,2514.823654189779,0.9959202151611747
ont07,70.51142100533707,3.0976040466883132,0.0,783.0163779024813,0.0,0.0,79.47163032369728,0.0,0.0,842.5322561477458,0.0,0.046816411355545325,76.54381622511815,584.2653525288949,4,100.0,100.0,100.0,99.5572867403451,94.45205837413684,85.27568444524252,75.72987003550124,71.63424988528325,11.966749790589128,0.24475186116187814,3.5473955850107473,0.0,33.23626023270743,28.27993352122766,30.046081079659444,86.18971208491817,95.11449340243463,99.40840568907973,7,181.40388860100555,0.0,0.07517848317585217,65.2925107454281,0.22982251154395644,0.0,13.314207288398318,0.023361609476674646,0.0,0.0,0.00297579593154603,0.0,0.0,37.681227937797544,29.964126102055754,0.0,186.4584059749994,176.33992645028883,112.25491979359876,160.68957091399463,134.97509447673366,82.60703720025329,118.41463338140552,111.27648602420746,91.6541041158878,112.51899776840783,65.73237955929261,76.38478222159667,15.019157996785735,15.191568314109855,10.168754534745327,-58.908413130939586,71.32540236659945,37.24485218773987,1,-26.17281795168893,46.472591309678236,-91.3522781874815,-80.58909504017612,48,1181.2281696561474,0.0,0.0,97.55661324921905,0.0,173.39401385638246,300.37275786924204,0.0,2.4433867507809404,0.0,0.0,0.0,11,30.576710744238266,0.0,0.0,0.0,0.0,0.0,0.0,27.483762850518318,22.14130146327164,11.784149342944104,50.484530468148755,-91.3522781874815,0.0,0.0,35.83783185552796,0.0,0.0,4.94212791185725,951.9660756115876,0.0,0.0,0.0,0.0,116,2,90.37148192126014,69.18877680087186,80.53349631230756,63728.49680490991,160476475.03386825,186.4584059749994,9.476840100402823,15.191568314109855,37.24485218773987,10.168754534745327,97.93499591570063,17.396059118255863,127.74075708504684,21.22535212385613,85.48838333107025,43.656466775791586,140.80955856391154,150.8488106834593,11.783207977995321,71.77366258456755,118.67680460650682,21.170937333938102,465.8314687029037,710.1450033270221,48.4211517959952,80.84302581777284,88.85183469518681,140.67602694077652,54.30783804485824,338,1,7.8189404444454205,5,112.05669535214523,113.65600705106775,872.1279329576605,98.32401881776009,95.98760145448605,91.15726912211304,96.64016618331708,54.470907645448,75.1041799833319,84.20125704524227,414.58641126868923,90.43036511045904,0.5450493479557549,48.80753615150652,99.57818670385593,82.97206713715109,97.9328707433569,68.48662499511921,9.018574680930543,0.8720697759354507,0.5422237852842673,0.0,0.28052374742019587,0.35237060280861265,0.8359070160449337,13.751069373058838,117.30717019310555,107.12277709895532,-36.180436512028436,-11.940076981351032,-18.551343478909082,-30.09805980679003,23.86488821298822,6.015604734705518,23.843008167651945,74.82632014315085,54.82616900888337,19.874885246151923,88.47276912061086,79.2867511646937,3.5309828045227163,86.752,404.491,168.323,937,264,2324.59,28773.053,93.864,50,5819.991799036326,0.9947626610172466
ont08,34.638580382614215,0.7289016589262068,0.0,1034.5696837569385,0.0,0.0,84.98017510155935,0.0,0.0,858.2235142770119,0.0,0.0,67.74117901713589,317.0308354757922,4,99.99999999999997,99.99999999999997,99.99999999999997,98.52073818207876,91.58960355057681,79.7064165423787,68.85941390626706,64.24740261710768,13.983432965330426,0.3201948951333819,5.600586141602225,0.0,40.34302278827266,35.5829107874536,12.906164232595682,75.96789495595773,87.95110925890346,97.51422166267942,7,116.34915052978965,0.0,0.024996181627783155,83.26531549803013,0.008783483709043822,0.0,8.24201183640251,0.0009965871597018335,0.0,0.0,0.021775770565536208,0.0,0.0,31.685613920219723,20.754158394555702,0.0,197.38017779654487,186.3750828150547,120.84955414335315,170.85956546372097,142.6935920816841,85.80671419802454,112.60282251609598,109.67685302857623,84.09722313235503,104.5319137341975,59.401634052272165,83.35402344745339,21.818987234767356,14.999940036938668,10.101665306051007,-55.82734784441546,72.04855656351853,37.331817063659614,6,-21.08542441844862,54.442266986088406,-89.66729707192982,-78.77589988659254,48,989.3102117506418,0.0,0.0,99.99999999999997,0.0,268.0366319309926,168.29197717423793,0.0,0.0,0.0,0.0,0.0,11,23.388017906265656,0.0,0.0,0.0,0.0,0.0,0.0,12.568185629266434,22.150397134215755,11.682301097282297,50.90148012613505,-89.66729707192982,0.0,0.0,37.87825506511368,0.09418846272762535,0.0,4.652389646510818,949.3653631193865,0.0,0.0,1.5163531922383027,0.0,117,2,86.03362062449077,87.71323983898189,65.8536289804673,61589.61200065632,162962187.84644955,197.38017779654487,12.622532433293452,14.999940036938668,37.331817063659614,10.101665306051007,95.99909767287984,23.075150351842304,130.88647032277657,19.374460012381338,87.29357898738017,38.52906581341672,143.62608518051658,154.41842246026695,11.485511253781247,73.36204019585331,121.28518404793745,37.98417455853387,390.6352589227106,674.1328500353804,39.41530852365811,76.77302033810905,86.31662985969557,115.394783780632,61.05023621868403,334,5,14.10810785017386,5,100.69214510549713,98.72982588728904,619.436626779581,82.99972951148176,83.95584457137468,77.78299404526854,81.77049267567685,49.326424011422375,60.075314765714595,66.86200996735451,224.895069636234,70.14626780080344,0.8752058275921327,47.40410401476599,84.6708614995525,64.1248149235888,95.68164972875235,44.361207348500606,3.6461994106815547,0.5315714877206239,0.532348648598907,0.0,0.10736328620141142,0.22180221260091895,0.6145667577052205,23.25792995565926,96.29268188309972,85.58905977001184,-45.59770509257029,-22.975532552726513,-32.611382116941826,-42.23363112068723,11.102083796374636,4.088370848958066,13.720952531331855,53.220850579754206,43.7883082958096,4.989163922004137,85.38568347920372,74.81402072231461,6.644593965875721,7088.991,9039.128,7841.271,22983537,53510,264627.094,7567799.0,37755.16,216,5364.195308658805,0.9959418757544218
ont09,15.021592762421108,0.4302064734127851,0.0,1218.1864223724065,0.761009283272359,0.0,70.84118493169049,0.0,0.0,820.5755014588404,0.0,0.041847798714927394,62.50719224570935,158.83678149982197,4,100.0,100.0,100.0,98.09294838387379,91.26350235155623,78.83074166109813,66.8203899216965,60.285378056053865,19.87398448207951,0.17800164616593667,10.417658307178804,0.0,18.391524537844287,0.3654808681535333,3.0033550339377912,69.97113566890003,82.69897163872184,95.23235808651825,7,96.88411277917056,0.0,0.13462699880475876,91.06747207958065,0.07293620210388142,0.0,16.979957170518116,0.0,0.0,0.0,0.013949266238309131,0.0,0.0,26.053329910889975,14.796845771108897,0.0,202.83792011701004,193.00234373633384,121.90006994583254,171.84999272639675,149.3966977915781,71.9867929654663,104.90483998313809,102.46657085206732,76.29198353420423,96.87719942292382,53.17362863709492,88.26690678337053,27.106430579105776,14.484632242989436,9.844826989936408,-52.00270173183436,69.05748576259025,35.63245140495007,6,-18.97842627050796,56.409949904434164,-86.12656872806625,-75.68329876969912,48,903.4757344505452,0.0,0.0,100.0,0.0,297.4475838139413,88.08634766246932,0.0,0.0,0.0,0.0,0.0,1,20.43658326172188,0.0,0.0,0.0,0.0,0.0,0.0,9.044795134068284,21.59519823070535,11.362570611636833,48.717176995312975,-86.12656872806625,0.0,0.0,38.322689831240375,0.0,0.0,18.026043669690754,926.8923707549501,0.0,0.0,0.0,0.0,116,2,83.7429317134627,94.36598217658157,50.18767623334003,45313.960864289336,228399700.37041953,202.83792011701004,13.011499889714795,14.484632242989436,35.63245140495007,9.844826989936408,94.03993432290338,36.289461113798524,126.76898587346066,17.59544494506673,84.53271532370185,34.13273012806285,135.48170688787263,148.0848155269882,11.064512994518948,70.406229503142,113.7049182140431,44.19231272584059,330.64551285225747,625.4184215422626,36.7488255688755,75.70952265484712,86.82597606637613,110.18795312930669,64.95109127342492,334,1,24.343383733362195,5,83.99678660920397,87.81586189628749,425.67070579198565,71.17686801639813,67.85837283739686,71.6586859194411,72.43979681604146,48.714266280391186,59.572283387366376,67.30183986492308,116.22426547093642,67.69574761493085,0.8912099156822164,170.84431735735043,77.14859722085816,58.92826568117312,94.03993432290338,36.65893521408237,1.7630076083373811,1.1134040711301332,0.6336909173964265,0.0,0.29384884297278574,0.11649060741912645,0.26378397657778424,38.694663801940585,88.85654983654187,87.4427415303281,-54.14672669862624,-33.82452654293102,-36.192325785387055,-47.578122223137655,3.986729602374445,3.894803705742957,7.590768277180593,39.64320607645441,47.26021354855469,1.8461308681331263,85.32872081278532,75.66500564304526,11.751082122949075,4.681,30.836,9.472,999,0,197.45,1182.975,42.336,0,2034.5297365104645,0.9983743626222193
stc00,2.7566530180438362,3.1413274040790298,0.0,2492.4718077664234,2.211428692728963,0.0,0.7110842322377532,0.0,0.0,924.9917775827615,0.0,0.17741100718061947,57.07732361819177,191.39086718739964,4,91.55264074494329,97.5357600817938,99.77171550237601,97.71139571800616,88.03001872837434,74.47728915732935,63.52988716921389,57.25141602712059,48.50820018141734,5.811113152980333,60.6449340941448,0.0,55.28824876774015,1.7406789557995792,0.5979149977911746,60.280552387262105,68.48252141553847,81.0222461456704,10,7.252850040231745,0.0,0.0,117.8071845939362,0.0,0.42817431139606343,27.31906676669855,0.006985190740146882,0.0,0.0,0.15017300495301433,0.0,0.0,43.578277687980844,0.8686908132724619,0.0,225.08336397067714,215.46763274771,143.89103641349595,198.72944107154044,175.77012138209378,6.063840329045746,110.8135939965136,110.07528802835478,78.08708323747612,100.45333864672229,53.92121913254282,112.04164654097016,46.94988688387119,18.403664405007937,12.139996864635902,-16.29902682535035,78.0630043965584,43.213750566096046,6,15.698731526864776,80.30452884640101,-43.837735766477536,-35.9019124292172,62,814.5511207132653,0.0,2.4046407151915106,58.3609930827209,0.0,3304.1113647317534,172.74724794892236,0.0,39.12349059762157,0.0,0.0,0.0,1,12.984509154137815,0.0,0.0,0.0,0.0,0.0,0.0,-11.859554955425669,25.909007761729985,14.185635334253902,56.08679543414351,-43.837735766477536,0.0,0.0,37.730008414849756,0.0,0.0,53.72726755380089,933.1117733610639,0.0,0.0,0.0,0.0,116,20,78.09445376189102,114.18074638854937,41.89763190297017,44909.72562159188,1083423442.7905796,225.08336397067714,16.795393895593282,19.038136265244816,43.2471455381636,13.909007761729987,62.36991732500872,190.86839344557694,137.24848633297626,17.29769556244133,94.66390070124211,33.749574332815634,152.05968176705966,161.37595318126785,11.195794245200624,80.32243996868708,127.18990704030391,94.29096965778936,527.7587491970356,667.7803889339181,5.146429073034056,62.69985034279157,78.92706771565035,88.07927199736976,93.08741817725269,342,1,81.47146816888038,5,81.33925639845782,73.74279722316756,159.37983336818763,81.75514661636517,78.11339688950876,77.24573442884127,66.85060943557535,45.45482929381076,48.74799712150552,62.65028362846322,176.75624825830587,48.53966660571446,11.082339354567512,543.8721395590574,58.92423803149032,49.043566191552905,59.22670665686059,17.66556855655228,1.0661518215556733,0.15711692168414287,0.0,0.0,0.18949307316798644,0.0,0.2164934099781369,91.35237985671071,69.44325508151306,67.63405211452518,-51.642614336251974,-40.51716085017585,-47.40931429841028,-46.253427593225396,-22.237222674982178,2.1241661335363924,4.184218870835497,22.787929698839836,30.707136745061725,-3.8747095871417137,71.36180032889446,60.63217955474102,2.195352961076838,8529.119,9921.827000000001,9217.875,20807504,20371,170924.06600000002,3654968.852,16571.916,70,1123.8664604826386,1.0
stc01,11.52447261828867,4.286753888822577,0.0,1815.0863090280682,0.8544754224276603,0.0,1.8581814389919766,0.0,0.0,912.2666114254826,0.0,0.1940877733870705,56.675850305312395,259.0938825102772,4,90.55526237230467,95.60692459851555,97.82387990988032,95.6592296491966,86.02703463057999,73.02195096073153,61.86617988106518,55.19796196614387,45.634872126941204,1.4654085666711176,3.180727242335078,0.0,5.1089698354271125,2.9567814811089566,0.07341007827841771,61.756934704807136,70.39502318338789,81.78131419610992,8,41.30461584002595,0.0,0.0,124.31391610131398,0.0,0.6125200110016064,88.16053408956319,0.0,0.0,0.0,0.0,0.0,0.0,17.037001361321174,5.175012029958971,0.0,214.64875504177058,203.2858900555132,132.6830951570656,185.97140104010447,163.96457232447403,6.947692284299235,108.32783880993891,106.1542106700143,75.42126961810833,98.06884784827639,53.14294171492297,101.1710599826332,38.2257674067947,16.782262145475325,10.895969540827775,-27.79279342835172,74.50140364770509,40.49369945274761,5,3.675716919343953,69.614042519652,-58.0811284763703,-48.58827309678438,57,773.0187641864401,0.0,31.676770676781064,0.7100815962334628,0.0,463.5113157709248,210.83815815546342,0.0,67.61314772698546,0.0,0.0,0.0,13,18.324880638252267,0.0,0.0,0.0,0.0,0.0,0.0,-15.117366155854455,24.633879708719416,13.262607319576317,54.68723649576772,-58.0811284763703,0.0,0.0,38.634383157116375,0.0,0.0,2.152188354318156,943.2149602681599,0.0,0.0,0.0,0.0,116,16,77.25034989141761,151.9329360646144,35.268787990090374,45493.63018677155,355301995.10466564,214.64875504177058,13.981491362957241,17.856067207928454,41.66558892506242,12.566864043742035,82.44381978378057,57.107962169096886,136.778817776978,17.01530025062105,93.41348101068574,33.783670170944795,151.15721742348575,162.31894594907772,10.424254012351593,78.35714831124618,125.71989998969552,30.242546651959124,1805.8545851938136,645.0321139374566,12.807234864128874,64.08887552375609,76.97717721922885,84.8534701925701,81.57762397215356,342,1,8.74985774289354,8,79.47188709658064,84.09379625137201,157.78158463914662,80.80642593333452,71.4007629378403,68.319410528226,65.83250969293076,47.54049577591478,37.36836506356022,55.445424310783515,229.32947535032608,40.86431729249638,2.7946807197649175,25.693974123360693,62.656392180260355,69.57589681615231,81.95696368621348,20.7676145911309,0.9128070831758641,0.253680868358333,0.031698302364436284,0.0,0.012318842290467917,0.0,0.060963459021597555,21.084882463818097,68.8444551301493,57.64674608032534,-56.11618154861133,-41.84159007334098,-47.612254304755105,-46.508711113327564,-9.978891219515127,1.1794172689122224,2.5825026124872332,42.09013512366109,24.86817088863851,-12.54208578865492,69.24312975692334,51.61958743984205,5.578727764681438,8510.342999999999,9830.301000000001,9177.203,20807408,20371,167122.94900000002,3430108.306,14993.171,70,3154.808854042783,0.9975237840960784
stc02,7.565631601585126,3.210619768429433,0.0,3249.3255975842458,3.596233511805529,0.0,0.3776048800422508,0.0,0.0,922.1116273911757,0.0,0.23098877495498316,56.97804239704548,216.15862170002936,4,89.96432912155346,96.07167222477278,99.31073915311208,97.22582480358723,87.39217149141115,73.98673536096074,62.99360325585036,56.46910279761764,32.62554893120118,3.782184767151318,38.051149420900884,0.0,35.168991988823784,3.775616606317429,1.0381761104382294,60.17620189560392,68.17620189560391,80.30038924699667,8,14.70914022571667,0.0,0.0,174.56827622010582,0.0,0.45049106593699784,51.095694540804466,0.048075264227331764,0.0,0.0,0.0,0.0,0.0,15.570325550651251,2.8764786714949073,0.0,223.059769841409,213.02409896296243,141.40423665118107,195.79072131903953,172.3140407059353,7.184458160277212,109.89963533297738,109.1486035309793,77.16113101501116,99.37560602548464,53.262297316465684,109.29847984713044,44.96040978150796,17.918567661700944,11.491531551312146,-18.88411879262312,77.42416548648423,42.818202994678316,5,13.274244851882436,78.07383611488011,-46.73380073392527,-38.61542473200781,57,792.9262694810785,0.0,4.862580565586246,13.577394736683395,0.0,2350.0971401760153,172.75695884411815,0.0,81.53806709477584,0.0,0.0,0.0,1,12.573259176006603,0.0,0.0,0.0,0.0,0.0,0.0,-13.935195670116833,25.49153155131215,14.0,55.823798104396076,-46.73380073392527,0.0,0.0,37.464657730460964,0.0,0.0,31.834739578918143,941.5389695661692,0.0,0.0,0.0,0.0,116,16,77.39903938630076,185.1759385144761,35.876670412826314,45348.55504439521,1184859216.577748,223.059769841409,15.280772908194418,18.924964405850584,43.08609542086175,13.491531551312146,61.28361502270824,170.59760256957995,137.09888890916102,17.0,93.8378643778672,33.482367436656894,152.005392137028,161.6181058347377,11.0,80.10016169433288,127.10655843848251,81.60989278879644,759.652839023878,660.1764742779498,4.906855499910095,62.89983830566711,78.1478018965474,86.06480432988317,90.46600760629124,342,1,58.97338151379162,8,80.50559782478327,75.69592504315179,157.5905979728329,81.05847012822291,76.17767469258646,73.62002506264976,66.26869406061532,47.26096610549425,44.778797315405924,59.79542532382182,183.1989341053412,44.555959824709085,14.701675208407677,311.806667358611,58.152522871024765,49.35491125467109,58.56995481678467,15.162328955398229,1.4199745879696823,0.09817898856409163,0.0,0.0,0.0,0.0,0.21447501047345693,73.04615194928687,68.90900242032237,64.23133558246441,-52.916090257596785,-41.07423395971754,-47.92496440585059,-46.73770268353432,-19.506897537969344,2.0214740881815922,3.50095589991439,23.784114838520033,27.55816463703602,-7.859472685469902,69.68999993883041,57.72576497616338,5.563596216329053,1.1640000000000001,5.318,2.148,1,0,40.66,89.88,81.592,0,439.88038338256365,1.0
stc03,20.7779676694739,4.477568413505639,0.0,4802.045139608909,6.99205726171929,0.0,3.1325144603084523,0.0,0.0,945.0855524380283,0.0,0.08419140015409296,56.047479622413114,307.4029119432237,4,88.26352444591984,93.69676715120929,96.73339598097122,95.17313742222355,85.22214998386077,72.3012363393417,61.73319612219519,55.61768622305474,20.96486521495936,28.40028897724656,1.155788597051624,0.0,13.689365404474172,11.68066710356903,0.968379598588403,59.650247569073755,67.6198655963931,79.08098239835833,8,55.88495728490957,0.0,0.0,270.2785314788335,0.0,1.1413675052105754,55.21146524886021,0.5112070082468452,0.0,0.0,0.0,0.0,0.0,54.67076863034421,8.114136765211887,0.0,221.7629501547666,210.42290591552424,143.1320237144597,195.8283436947397,169.44453187957495,14.542464880848796,110.60999871416904,109.4423139886416,77.59509572907176,100.05553766014708,53.99019968991437,105.90840579800228,41.822894016233285,17.122568793851,11.313817864570757,-23.399397898117417,78.56230056434323,42.49023300922277,5,12.350155614153543,79.00016722761225,-52.24037511612615,-41.534592161481186,57,786.8556614938093,0.0,14.629430027744244,41.72272401414019,0.0,4605.071800829814,215.24187753656278,0.0,43.3893430195341,0.0,0.0,0.0,11,11.979427673995149,0.0,0.0,0.0,0.0,0.0,0.0,-16.75659384738058,25.50228633859998,14.06331606230155,56.40285989811581,-52.24037511612615,0.0,0.0,42.03467955942834,0.0,0.0,2.0189440981004565,944.0,0.0,0.0,0.0,0.0,116,16,75.9096513460258,286.093932895419,23.58068197531335,45536.82994495182,3366736012.3066206,221.7629501547666,18.052331773659926,19.04236087639637,44.26951828735253,13.313817864570755,61.8411281480333,523.2727326230812,140.11447728003097,17.0,96.19722035183321,33.927014817822155,155.98584958279056,165.94143177898601,10.975042161385034,83.13056038336124,131.18828084480805,25.34233423577988,1217.0394918051595,663.2257113041404,3.436272411469181,61.43422977247998,76.9980950637803,83.24340615261944,88.65931437281911,342,1,11.45512932534645,8,82.73673505586025,77.75066298669503,183.52071916721718,84.87383088134543,76.6918843613027,72.32680200967083,68.87426824914756,40.173126549914905,39.01568138592365,58.09600591195527,250.43256136668893,40.27029657413542,45.607969825528464,26.947712892532575,58.43140514339109,53.74032038595634,51.53903590275077,11.20659516736328,0.20628781632980947,0.025371872283057324,0.0,0.0,0.0,0.0013709422411449924,0.02774897699910188,21.334360393362054,66.35591480421873,60.99631746553342,-53.686486529412136,-40.75791972314729,-47.531680427495374,-45.61996421637269,-18.927012884183327,2.017758432624669,2.0648077182850892,23.269695790525475,23.899843079216282,-12.847187109756305,67.05235991194351,51.197830354549396,5.310872246686211,6.378,23.433999999999997,10.759,84,0,213.08100000000002,684.874,1190.895,0,1946.810736161175,1.0
stc04,5.724003559187362,0.0,0.0,5729.472327148758,3.668881104635275,0.0,0.0,0.0,0.0,936.4620116053584,0.0,0.0,57.02025951391867,203.3890495819378,4,90.12228189403675,96.34387418308526,99.29369267564915,97.29369267564917,87.34553354833112,74.0616641739454,63.576819974196624,57.57681997419663,3.56761856822712,51.17048530691764,38.9126808579652,0.0,31.548889012976378,0.0,0.0,60.07210038660063,68.00982330126347,80.00982330126345,10,13.766663038031167,0.0,0.0,269.6148824178182,0.0,0.039234813459785946,6.125057925053377,0.1516934062330687,0.0,0.0,0.0,0.0,0.0,8.762751961798397,1.2099035192339616,0.0,226.87149132327258,216.9839499160459,147.00588208839227,200.9839499160459,176.00420942996456,3.668881104635275,111.78898638123498,110.78898638123499,78.97991460092784,101.16429946545524,54.55656046027794,112.16555202261458,47.47644757049121,18.42512656796356,11.999999999999998,-15.714480649201633,79.7994225938902,44.38589175450377,6,18.18748419496095,83.48104770616362,-43.84591454151602,-33.995790570035396,62,810.8838038104915,0.0,0.0,97.29279787127476,0.0,18129.789813470845,174.64772016785307,0.0,2.70720212872523,0.0,0.0,0.0,1,9.316764860053183,0.0,0.0,0.0,0.0,0.0,0.0,-13.532184557632114,26.0,14.828221194694786,56.83865740734999,-43.84591454151602,0.0,0.0,36.838067177973265,0.0,0.0,31.548889012976378,942.664712994638,0.0,0.0,0.0,0.0,116,22,77.4972269545642,270.1693601713044,22.881699449803456,45468.15543633278,7518975204.425137,226.87149132327258,17.395217867627952,19.55656046027795,44.566996672933165,13.999999999999996,44.311417951120255,1256.819163914912,138.1216105910509,17.15169340623307,95.49706613289948,33.99999999999999,153.79924847904365,162.3316071515223,11.696787302380395,82.77916307997153,129.08237577759112,90.44141033372786,148.10582337268332,675.1062447343105,2.6738741949495055,61.139087347010886,77.32347221153827,86.46781544236786,94.57908286200103,342,1,50.992099519560014,5,81.96076518654021,73.10824916280866,174.627935968646,84.84264463163065,80.99160337074241,77.15492190111313,68.05365825039564,45.766714954398765,45.62827014117078,61.43790674203226,183.42613534934242,46.39880109301898,66.84187585582356,300.63803625931195,58.12191387034395,41.07553635352974,30.72592410605034,8.770498170315836,1.412872977594654,0.5450938961473274,0.0,0.0,0.27343316173049487,0.0,0.1221077791902136,84.59452141410969,67.48462089534202,66.23474048681003,-50.04875483543021,-40.181104918429384,-47.4134858889864,-45.08821185457394,-23.620119498334997,3.86938410745995,7.492912281687609,18.156361641555385,27.418144416252883,-6.663475992318187,69.94080895191456,57.233052273542825,0.5300824914924268,8529.146,9923.099,9218.534,20807504,20371,171360.875,3689544.25,16718.566,70,226.00478060628808,1.0
stc05,5.383280885046175,0.0,0.0,2886.4432108604155,1.3528749775536344,0.0,0.44720561315989316,0.0,0.0,913.1924539783208,0.0,0.00036228489918012943,59.01314651422196,206.1379999436174,4,94.53150899921286,99.39764179561838,99.99999999999999,98.0,89.41630597391443,76.26919834330589,65.91978117067315,59.63879953057334,83.37678200990483,5.872204573849713,24.1406996709074,0.0,20.504781427288602,0.0,0.0014491395967205177,62.21252357985585,70.47197357471381,83.41220086834161,10,9.443428706305465,0.0,0.0,226.09620071683733,0.0,2.259660281449694,68.08668434972007,0.099968529910096,0.0,0.0,0.0,0.0,0.0,81.5037875244338,0.4772043695983252,0.0,225.67003636799075,216.29766966409008,144.6281975056691,199.61271168354136,177.85782476038952,1.8000805907135276,111.84395677931398,109.65610049144132,79.88680971010274,101.89361553977966,55.77477338236108,113.97996833492093,48.542316970004144,19.005624253053817,12.900031470089903,-15.116133295007327,77.71139051337617,43.45807365345757,6,17.38182862668253,81.76911281994649,-42.81178453017293,-33.98741027568571,62,842.9036389060573,0.0,21.31565668470099,78.684343315299,0.0,2466.117682772299,173.06315064198336,0.0,0.0,0.0,0.0,0.0,1,14.894554981934586,0.0,0.0,0.0,0.0,0.0,0.0,-7.791478039682014,25.999999999999996,14.383575131520448,56.11203632774164,-42.81178453017293,0.0,0.0,39.15296577679932,0.0,0.0,20.504781427288602,927.4671714073027,0.0,0.0,0.0,0.0,116,16,79.98945134964944,214.70799508668006,35.67561702944099,44636.60102929949,1959486828.8806782,225.67003636799075,19.536433396509608,19.105592782963914,43.45807365345757,13.999999999999996,65.423963596918,226.3290159455047,134.70361109459628,18.01866417829605,94.05163410563792,34.781216927138836,148.94012953181283,158.06008738116486,11.598615383707983,79.71125921035517,124.79265961630509,82.2864730771718,1572.935973485276,676.548665070364,6.209443235542941,63.42311180359135,79.84279831328023,92.11515661676918,94.48754863725246,342,1,41.32775333500649,5,82.49974745382812,74.16959230035711,162.7615421094126,84.15879482373236,81.43369472585069,80.56908757236286,70.1449667876081,41.051725917922624,50.54594609475323,65.44835082968613,183.17447641929786,51.13987290724776,11.942562619106544,217.48801908130113,59.82646737174425,55.45041762020744,63.66859787081927,22.49021290170348,0.36751757829180653,0.0,0.0,0.0,0.0,0.0,0.0,76.28291015793268,71.29900747549958,71.69813724532887,-48.56834614012683,-38.748262725701295,-43.70627513128135,-43.38818672445441,-21.348050536529623,0.47274807635654276,2.825362740684113,32.887519916814,33.711490308337005,1.0506998208165619,72.50425651362185,62.03996426108289,0.6956512351656158,12.075000000000001,154.71800000000002,40.358,88,66,1720.2459999999999,18384.397,638.466,53,719.5288796576317,1.0
stc06,16.585902311284443,0.0755576895994983,0.0,2089.204215208868,0.0,0.0,0.2731256201256923,0.0,0.0,882.2839321761113,0.0,0.0,62.20332828126464,304.33811488800825,4,98.78711019438303,99.85447019184672,100.0,98.72509193137786,90.80922927142288,78.09745091117041,67.03359999958117,61.12787237755462,75.39154277776564,1.7838759439369616,1.4994306814031093,0.0,1.0962942558662903,0.0,0.0996959034669259,67.64584519461627,78.80560249225036,92.03307070371012,7,50.88000345444594,0.0,0.0,197.51123030264282,0.0,1.3883350198894189,96.31574804653692,0.0,0.0,0.0,0.0,0.0,0.0,67.13890481226042,6.020198985020053,0.0,205.62956937522148,196.56354179336367,126.37794107815056,179.40338849426522,157.19288359705988,0.3486833097251906,111.54136090695323,108.44168256808342,81.89372964770742,103.25097871503058,56.72400494718017,97.42602304297749,34.42498007218714,17.10440458288144,12.186684549727211,-30.268390682075395,73.9565783360218,38.38376059569478,6,-4.236366616407972,65.29109484394634,-57.888639313676556,-51.99410539701004,48,924.7770916987912,0.0,37.31161476295723,26.077882794192323,0.0,392.68103074773654,241.07453406044422,0.0,36.58582940803586,0.0,0.0,0.0,13,21.741531090535656,0.0,0.0,0.0,0.0,0.0,0.0,4.445549068122114,23.831676656612885,13.075061133589394,53.39315922789375,-57.888639313676556,0.0,0.0,45.39884174850393,0.0,0.0,1.0962942558662903,925.9999999999999,0.0,0.0,0.0,0.0,116,16,82.90758834874181,193.48350000312564,28.154614090518407,44558.99999999999,827256724.2949249,205.62956937522148,20.851998992415645,17.10440458288144,38.38376059569478,12.384743342206479,87.8305593376451,103.45424373808461,134.1321105110546,18.314813000721827,91.01990143559699,36.01136027486828,145.58185126730697,157.1420636047605,11.861333478207388,75.18958676253943,121.16493304649862,64.38531724490456,2455.38428506036,669.424350912112,24.660532223941836,71.80041035106666,84.59416379330217,105.12282902986885,76.47111580731844,342,1,17.965541706103554,4,89.91456415314424,83.09621102465212,206.50341736721555,82.59142578715318,80.21891553599197,79.681674642872,72.2080437161547,33.8029963302821,58.10227317284636,71.32369217234984,269.75780272314984,64.84707314883887,4.923663610659671,13.50155773776822,72.07773645238653,74.4687451071568,87.73769359460844,37.82849583182497,1.215254004854586,0.0,0.0,0.0,0.0,0.018441038130859476,0.47213183657155167,46.01441478486738,85.28031688810924,85.38035026943408,-48.823602194071356,-32.884287632555235,-40.25563518653416,-43.25821774665773,-8.30529407756934,0.6822170281383358,2.8188667523213087,55.54315640396019,45.99807469249058,5.641211260005669,80.38101572377724,70.04675127277527,4.018463662086646,10.231,146.911,37.058,88,66,1565.57,16459.642,614.674,58,5830.451231937701,0.9965041370708869
stc07,10.259866937573603,0.7110059077195472,0.0,1630.3242435121115,0.9229973412223422,0.0,0.08376604571716306,0.0,0.0,893.5470947346801,0.0,0.011249795809148729,59.45871538263478,224.97434412358606,4,96.67520489139042,99.42350357022545,99.99999999999997,98.31885419566882,89.68073526924086,76.58898210442489,65.27241840485276,59.01414183405003,72.45303328829502,0.6468067015637663,4.30066891702805,0.0,3.2549646477598095,0.12210963422506928,0.197740371564905,63.92169535197727,73.67910303942789,87.39945410474677,8,21.82818501386785,0.0,0.0,148.0887650247978,0.0,0.8462802083826377,93.27986674889497,0.03462391012313024,0.0,0.0,0.037717752354735866,0.0,0.0,3.74483089596686,3.112105650384763,0.0,214.41397821351472,205.7327756549145,132.33418862752308,186.64559274102587,167.59454144546137,1.7177692946590526,110.13297180905124,108.19585358175183,79.25178955179986,100.77809797703271,54.95694753421454,105.25265075765374,40.85453212468288,17.893316303286152,12.357943163078929,-23.496707847900232,75.06907483873266,40.216138969969485,3,5.169671965220502,71.26323895563185,-50.60415158016304,-44.27454572606586,57,858.5631883539805,0.0,32.58202535214938,15.900717308621148,0.0,387.1850945142468,189.2294604766143,0.0,51.52601630923217,0.0,0.0,0.0,13,18.521991372380686,0.0,0.0,0.0,0.0,0.0,0.0,-3.8052210586476636,24.562816753771386,13.38960875747725,54.454611901346446,-50.60415158016304,0.0,0.0,41.92385551340712,0.0,0.0,3.138479911439315,926.4441305724392,0.0,0.0,0.0,0.0,116,16,80.90043477753561,170.30673124592184,29.655794873128485,44582.760091449134,295055737.00527817,214.41397821351472,18.599315339493693,17.990199934966043,40.216138969969485,12.9547296349094,79.97483221461249,41.83585426227656,134.59333476897757,17.65597528514095,92.26176695399592,34.651087644685454,146.69310199899505,157.26586517007092,11.352153535237578,76.58278255918046,122.43785119839785,71.21207037600827,2138.4128786155566,662.6170527950206,15.458913170628085,68.47006547235627,81.826863994211,96.24554353591765,84.34947439487085,342,1,33.192414878023534,8,84.03769891800765,78.49786718536262,162.48031496541768,80.30594466771704,76.72790134728817,78.54818069988364,68.74300607205936,39.54457905466521,53.04368180842969,66.08573203722891,203.80269930825364,54.894811821814436,2.37153914062915,34.220205002451536,64.82645433207504,67.0835428380908,79.58421012105474,28.55117332458188,0.0812889845955425,0.006449772170180277,0.0,0.0,0.018858876177367933,0.03746649567768572,0.018469819841508774,62.37643363807147,78.50106461198754,74.36026102322256,-51.129826846602455,-37.5482668656817,-43.82952398947581,-45.1061422474726,-14.940956996272577,0.3005778741752121,2.1115579329161998,43.750067574594894,38.947724051995685,2.3596942309507476,76.1382361357311,65.87072525141328,3.4594333234409653,5.693,48.269000000000005,15.657,1,0,483.188,2494.798,69.267,0,3629.9657867080364,0.9973308368826501
sup00,14.347846417187501,5.973058065075585,0.0,73.89459271674237,1.068305420688006,0.0,5.561398792807191,0.0,0.0,746.8533330281667,0.0,0.05935814707140474,67.81383428779563,331.3180916589124,4,99.15927644465505,99.85322608081938,99.9096264842541,96.79846672073582,89.1014110290597,79.40535590469224,69.80878141004185,64.4141910107208,0.6310277556931662,0.039716899849714424,86.48130609598513,0.0,86.72761851635481,2.2388848942958357,17.312823547285667,76.49531685047482,87.07742527774441,95.64599333562046,7,15.515991557391054,0.0,0.01676721788576439,6.762789329371564,0.0,0.0,0.5788596634012452,0.0,0.0,0.012062948200305738,0.16476492466647036,0.0354439612173893,0.0,2.992221140993025,5.251182648189942,0.0,171.8485790423498,167.68365423650891,92.90790806677091,138.64877560515092,122.58239606714584,12.585852045214688,102.87623166389722,95.3629704515884,76.56426571202606,98.21335295846173,50.31501223666682,67.00766808315564,-7.299112801026722,10.085997573146207,5.303889263874929,-80.97062160092351,60.03274711018708,29.727727912675334,11,-47.363891449794316,29.184006818137725,-118.60318508735932,-102.9051136076475,44,804.8783231548908,0.0,12.819398838388194,0.0,0.0,58.940075412235934,178.92054015458342,0.0,87.12751055132088,0.0,0.053090610290952474,0.0,1,32.36688955319889,0.0,0.0,0.0,0.0,0.0,0.0,6.906399727649067,15.536259663550267,7.207916977552849,40.37749424726269,-118.60318508735932,0.0,0.0,35.043283509154094,0.003984355755557935,0.0,84.51113155712588,938.3420682577455,0.0,0.0,0.0,0.0,116,20,85.51200744065709,6.647031647659094,80.42763403578094,46334.92556820275,24591119.152437832,172.4018284185358,10.123696053091074,10.132235133979322,29.77717488432989,5.431181692429717,79.78145198868607,1.2555520764655823,119.257717523376,13.095613030229138,74.03513223453665,30.63845919942424,131.34644238478973,143.31934568978326,6.694957057194411,62.36101902461787,108.20396746179738,89.64578583846668,10.830033072070922,578.8669589131971,46.11963744537763,75.84470843211079,87.28908681427454,108.3785869633772,36.13070675453168,344,1,87.38844111497886,8,86.63801857523595,92.07635790151703,685.6459645450498,83.5902921421123,75.44083582410094,49.9190212197128,70.54476693389692,54.8827335653321,38.86876354408948,49.24606319222946,200.00029313071857,57.0393085988124,0.04272601054843902,846.587816972308,76.1121158861687,69.30437580014885,78.37469757988094,71.52102402091514,31.687311293414023,8.554253332485564,4.844926250724324,0.0,1.572910378941819,1.0685427721190395,2.6126277496091315,88.7270475963851,65.89355714930029,59.500138704104536,-47.30468923877794,-27.138465389263693,-34.7750684478368,-36.1371181734697,19.352615810365258,18.423671002874165,36.41141888120196,64.313704513822,38.91986179660603,-19.733076823935598,89.84877858284639,71.62173569348295,0.3617738828563162,1573.088,4202.0419999999995,2756.131,295593,14971,68013.102,1016936.307,596.9979999999999,173,82058.48648380883,0.9996821823702629
sup01,23.17820082369844,33.25156449524824,0.0,869.2794329801608,4.023720679780464,0.0,40.15834618575108,0.0,0.0,801.1476253397469,0.0,2.389413130532175,68.72580335542207,483.53461457385174,4,91.4504556166845,94.31495870935323,94.66375801587749,91.88841257555373,84.29006171327345,76.25892349273899,69.85177360799278,66.13871620192822,3.6109697657561024,0.8253977901005843,2.8755506814602034,0.0,50.67838739239839,48.327834170183294,1.2961013581357035,74.77518075421649,80.74214604401344,86.30504040078418,8,20.834703444130326,0.0,0.12426719045414586,69.72240103209347,0.0,0.04028408355961143,0.1592866429811845,0.019774967995863924,0.0,0.0,8.279079743785395,7.901493422226715,0.0,0.0,10.14444313762671,0.0,184.5193696343667,172.33760024229983,104.00811031574891,153.205595996282,120.9937105769091,77.32302619374363,109.26880663346834,99.32177173578006,84.36687464144083,107.47273579204305,53.77839381124192,62.05588486177751,-26.27157708434371,8.62558252588229,2.313564802831846,-109.75746761906736,62.57288946869069,29.30583821561193,3,-44.32040313229018,36.827671092935375,-143.55924418649855,-110.0869185540667,46,720.9664702649727,0.0,15.318275218517933,0.0,0.0,313.47095313774844,386.88263922187315,0.0,84.68172478148209,0.0,0.0,0.0,11,30.550971879050838,0.0,0.0,0.0,0.0,0.0,0.0,-9.76760864742674,14.756302195474488,5.333353575365158,42.478338891383935,-143.55924418649855,0.0,0.0,35.52619647409046,0.0,0.0,2.3526785773073713,950.8973996943263,0.0,0.0,0.0,0.0,116,2,81.6518305342601,70.08423159620253,79.60784801568997,55946.07398144188,119138032.71593404,184.5193696343667,11.485019333988072,9.57700808416555,31.291143236789953,3.235828942349223,97.51214249742462,16.99848236422056,127.96523078432098,11.463034738879074,78.09064278725984,31.43327140969319,144.72954709073747,156.00400579109268,4.235656402524875,68.60999393940769,119.44046480990534,37.43320477258927,160.29779101330948,604.0004656513705,31.555528351356074,62.08447793650218,79.10708011756013,90.23926670036225,33.377847211434535,344,1,9.241453770159477,8,97.38658312276367,88.5046054836908,570.8146155159466,104.06156412780547,98.68649865950086,52.90213258048133,76.49554392525054,53.115747374571384,16.319705512221905,35.41968582583908,421.72686969928867,24.337348718040047,0.8961073664684447,30.30719959906068,62.18985338593372,96.82830699474403,91.50273825425433,62.76147249885144,8.420835528989677,0.6636086011984974,0.7649361745488577,0.0,0.20981370748531597,0.3802004764554961,1.4467193139391785,12.479168273412487,39.209053901026955,25.664570540727823,-36.62568740333386,-23.648890173703137,-35.65902275653629,-27.968708870643482,11.489910366942926,5.854030032690346,22.9822019772734,74.08649497500227,10.321306976393116,-22.479731178696582,86.94540381948721,40.91703399445586,0.5346929807397278,122.975,170.406,146.713,1135,440,2087.658,17404.861,164.98,95,9708.309447457754,0.9978716805166854
sup10,25.549315592365925,14.010109093117748,0.0,228.20267721013087,43.88720955560166,0.0,29.90599296922859,0.0,0.0,784.6138864064898,0.0,0.7219049826142722,65.1004132617546,297.3226497464012,4,99.99999999999999,99.99999999999999,99.99999999999999,97.07217858461517,89.08932412206002,77.82542519030197,66.89682428806636,61.07219803925077,1.46270660138378,0.0,6.1860874110495345,0.0,53.461057079536545,52.0349548978601,15.20287167779733,74.04950457067264,85.50067270175518,95.775636743701,7,50.06339176417667,0.0,0.0,38.51409952526251,0.0,0.0,5.1835376915225755,0.0,0.0,0.027080902054845347,0.0,0.0,0.0,89.26711009095465,8.172308956619895,0.0,178.75716256547656,174.52233201900668,99.32209922778496,146.38300938842806,133.13019654041074,87.864353801283,105.44868092672708,98.69019026822882,75.03806464838509,98.37813455104404,50.58688246517626,76.9485520687295,10.212899502157693,12.096627079657434,8.017260661785336,-54.688738845389565,61.39011938385442,31.702025510249985,6,-35.90930223771634,36.24588581130401,-88.08553004189002,-85.22033783005776,44,814.5064647466512,0.0,0.0,0.0,0.0,124.38956739134625,210.5272861303892,0.0,99.99999999999999,0.0,0.0,0.0,10,36.57779767033651,0.0,0.0,0.0,0.0,0.0,0.0,3.601970271336556,17.222217383194867,9.007004379443032,42.62806698577043,-88.08553004189002,0.0,0.0,32.02774367460837,0.0,0.0,1.4355382901321798,944.0,0.0,0.0,0.0,0.0,116,4,84.47280520748133,41.42680393333434,118.41301792277567,45536.99999999999,14070614.100647336,178.75716256547656,12.195464247943034,12.096627079657434,31.702025510249985,8.017260661785336,99.1191209926656,2.9745221153082,122.98693644571239,14.337280791273695,77.51819292564619,31.30109714663464,137.59524370490797,150.39013173780745,8.292285511959312,63.53130158366011,112.29078722663239,90.7767353711915,45.38516754812201,595.7902265306742,45.03353751567044,76.03221164056,85.40190814135833,103.9215226814387,49.26065808741659,344,1,41.22579509615889,8,86.79041928268657,95.2043765475675,677.346181669488,80.25422405072729,70.92908631958989,53.67556193830053,68.93500382059612,55.86998744389974,39.554739576015514,49.82325477735097,241.4213990196212,57.78461411297979,0.0,17.506605528352043,77.22157629355914,86.04096996690257,98.81299138275565,83.88371243437136,27.527845140239055,0.7450352753263445,0.5554239736885376,0.0,0.08958344130842882,0.23577631643235938,1.3135693805885096,85.18958965206829,72.00563585250985,62.16664740695104,-52.76695743860917,-29.47162027331,-38.59411931299389,-41.609669404823784,18.63649954582861,12.805121651918268,40.639748828973794,86.53911964463987,36.80318358253823,-15.316709277133684,86.12543514777292,69.20739836772837,1.5530158696985494,33.023,85.942,45.48,52,0,554.353,3780.084,6.127,0,2132.9219373068704,0.9942617771465255
sup11,26.623239945208823,9.127042791376816,0.0,746.0318973994051,29.764119531102786,0.0,23.931559182761244,0.0,0.0,776.0785632749445,0.0,1.2660762873390083,66.48300402276563,289.51001311540927,4,99.99999999999999,99.99999999999999,99.99999999999999,97.88324325662172,90.32402785383118,79.02919487936728,68.00287191725569,62.26008547190122,9.065971884749539,0.4281381555334923,21.019834257508105,0.0,30.317471959255453,17.879926755347533,36.27572189671148,76.00178643276887,88.08993042523332,97.45240711210019,7,46.380979052469684,0.0,0.12980114451970853,57.63883527019295,0.0,0.0,12.276507290661106,0.032031408077074955,0.0,0.0,1.825636459084994,0.07418180012404992,0.0,89.85417690754804,6.9427339926962635,0.0,177.1109686196203,172.38609425959518,97.69948873232772,144.74439352821108,129.87980357965765,62.909543739149,106.25035053262056,99.11137816621374,75.64456104673823,100.09441676843623,51.022172147949895,75.12622289134839,8.535306447636296,11.38018004346668,7.574450636768561,-61.074413385728526,60.700928780378085,30.572194774301668,6,-40.680749211812774,34.61233636355816,-96.20862507592086,-93.06808942281337,44,848.9782951442595,0.0,0.0,0.0,0.0,306.5326220900616,191.05107523342835,0.0,99.99999999999999,0.0,0.0,0.0,11,35.443330429210945,0.0,0.0,0.0,0.0,0.0,0.0,8.50076223390796,17.032031408077074,8.9778278520501,42.291877997625264,-96.20862507592086,0.0,0.0,33.98849444532627,0.0,0.0,12.544737488382866,943.695474336111,0.0,0.0,0.0,0.0,116,4,85.58695710088494,63.357074776241404,81.04931193907484,45477.94397780077,131481975.42667007,177.1109686196203,10.721156110222944,11.38018004346668,30.572194774301668,7.574450636768561,99.20917305396546,18.232697932043216,121.82351718649984,14.887959281988657,76.66765078831251,31.938849350772184,136.34908530614268,150.35393883836042,8.9778278520501,62.60321408345856,111.01966395201994,67.26773798206875,149.51327993850109,597.6376671927684,45.75040849696528,78.41543466253326,87.10595265665123,109.4834641539878,45.6510092728085,344,1,35.41953621147073,8,87.94311462078022,98.73194432182177,487.1491380298654,81.2572859346611,71.41811623087406,58.31797949140104,68.92609513860255,55.20128923476362,43.17047688844818,52.11417772675653,220.77629827579284,60.954813801609546,0.8308574084886204,140.40293154783748,78.01556576562841,85.74906012104871,99.20917305396546,85.97390188307692,24.557875188358242,1.3670825285483303,0.7653110358191837,0.0,0.2203350894337668,0.26053172359395843,1.2785940103906335,60.87153965443993,79.07159683236266,69.39731197628237,-52.60487322648938,-27.538427521335322,-38.14069876588028,-40.38334050194031,22.30590338167404,10.76346376177351,31.8285439781934,83.41557379799903,41.73258892406293,-6.389727564538196,87.65315554309545,73.81493916376733,3.7663093204019473,1573.088,4202.0419999999995,2756.131,295593,14971,68013.102,1016936.307,596.9979999999999,173,865.0035244369732,1.0
sup12,76.10673044524191,39.702486417495706,0.0,212.15613200338186,1.4800889130538109,0.0,40.53608354713235,0.0,0.0,730.8347407297929,0.0,0.13950003107487,73.29765263174447,562.2215121793666,4,100.0,100.0,100.0,98.61968595506295,92.51409746477637,82.36590409316979,72.36329518462337,67.75153841602047,0.31942170848290297,0.307791642126898,16.427957507429912,0.0,10.401001366423927,2.066805071988433,8.291890750195167,84.94737706211494,95.62620065379669,99.95211275201474,7,159.71664303993785,0.0,0.3131175852406174,18.45982293491605,0.0,0.0,0.5677046855048954,0.0,0.0,0.0,0.7848527388651079,0.014676867282420828,0.0,1.3241143374089515,47.65297559409291,0.0,163.26106803710803,157.00872112508875,87.99889259932843,135.5607059170816,112.76879207980745,81.54484965089978,109.4873426492899,98.68498429529853,78.61772664741297,101.81156327420796,52.670784399603434,56.7566585056708,-13.536839923801152,7.683655238670408,4.51424230810688,-92.77469397600689,58.515585982308465,26.982178041114008,9,-61.340962608271454,20.658471590355465,-129.2486798174478,-120.02220836922477,40,981.2314819809262,0.0,0.0,0.0,0.0,61.88724977242661,279.6957591215914,0.0,100.0,0.0,0.0,0.0,1,38.89234279630624,0.0,0.0,0.0,0.0,0.0,0.0,25.292604620809495,14.708157727381883,6.5029403115454345,38.10676584113548,-129.2486798174478,0.0,0.0,34.14377051721052,0.0,0.0,8.309231955396655,926.2572844235477,0.0,0.0,0.0,0.0,116,2,88.94080057450745,17.42361388625254,101.76685745545413,44563.8859851114,26103710.901052512,163.34247942443602,6.3471077796493605,7.683655238670408,26.982178041114008,4.51424230810688,98.7712945834819,4.552259853376981,115.71952838182652,14.434149871412979,71.63513011440182,32.14408308737866,134.66444831848614,143.1213299751617,6.5029403115454345,59.55661941275043,107.8341313015779,29.546205670491357,54.862821994190185,592.1766961454789,59.34616914056925,84.22319383317878,92.74242969468897,134.35090421704743,26.470037127864966,333,1,16.185953266564255,8,97.41995876122023,103.49700426604625,748.8972490927837,88.5020569375852,78.55743670116226,61.747645884413465,74.15038002813782,59.35971969102323,59.72719101154826,59.38588650843997,391.5584506437685,81.07608616157204,0.19017226283371413,104.07060891119072,93.92780318275736,88.59696169772252,98.7052071264842,82.28630683077944,32.09545673155081,0.9799856630549029,1.2019537320562046,0.0,0.6729134696300042,0.8892898662099843,2.3038838860866955,24.95141269345225,93.51027652424197,89.71896692889023,-45.03731326866662,-15.769953890195092,-31.243508753616386,-34.2474263543536,30.769339458991393,14.915452787442437,51.51766048235338,90.9607781781447,54.53680590264153,3.268067417105615,94.35249775036559,87.03650473792503,0.228808873954178,25.046,209.86200000000002,71.828,537,0,958.779,7923.969000000001,0.9750000000000001,0,5068.173600642233,0.9996989328490614
sup13,50.667512717628526,45.080513855170544,0.0,6.278770890037847,2.7690846732128245,0.0,31.613325049757076,0.0,0.0,716.7295364085026,0.0,0.3183746750122562,73.32022668692021,566.9298417021738,4,100.00000000000003,100.00000000000003,100.00000000000003,97.89243139648248,91.23348292081899,81.37999556306676,72.122344086965,67.78593253559275,0.015295502977825217,0.0,17.867478003033664,0.0,15.90786963592325,8.50790218975045,21.061389465729885,85.32571954878088,95.70996113155158,99.94782467936865,7,113.12893805440237,0.0,0.15177592610908336,7.254460493520177,0.023949818848914554,0.0,0.0,0.0,0.0,0.024519054334649203,2.1730390270237723,0.0,0.0,0.0,43.563357466718365,0.0,159.99372019473273,153.09228298190266,86.08212568148724,131.2102141430009,106.48088991665608,79.45398212010268,106.36511332947806,97.38270533106447,78.14982973079972,101.04620385562549,51.24050298059871,50.15888162017839,-22.46358028237714,6.876488057833568,3.0343237476536347,-107.84699520469458,57.50595073581958,25.571860110653002,9,-69.95053981820833,14.890121865854965,-144.50369517992587,-126.43388177474034,40,947.536660600681,0.0,0.005968565470572234,0.0,0.0,19.91957436041155,336.3223918981068,0.0,99.99403143452945,0.0,0.0,0.0,1,43.72963664332453,0.0,0.0,0.0,0.0,0.0,0.0,24.181695998284273,13.897520136754848,5.43821538578702,36.402636671436326,-144.50369517992587,0.0,0.0,31.143860023426765,0.9428997274732147,0.0,6.470256395241548,926.0000000000001,0.0,0.0,0.0,0.0,116,6,88.8353385350941,7.708932799693501,114.34456114880831,44559.00000000001,7823.4428932085275,160.1888290172803,4.8224355841487885,6.876488057833568,25.571860110653002,3.0343237476536347,98.5185916419071,0.006496853493692708,115.16813829050542,13.455356687374653,69.43494360574998,30.90888910613663,132.16242909937128,142.0548762199795,5.43821538578702,58.94387712803465,107.88428521141005,38.5018145014188,48.24664234698093,576.8055588067845,59.98544609811947,84.14889401626318,93.76779561795013,132.3870104454673,19.287407265627923,333,1,23.01692190289901,8,94.53271935527184,104.82103437436184,795.1658265999226,87.2836761803377,81.62746302389368,55.26872138508471,72.64767348051012,63.86515640592002,55.568627741225214,58.41046245474221,426.40249330305693,71.59640565502679,0.0,93.24202438194864,91.35445034297474,96.7978696712277,98.1682702418237,91.18536255053473,48.6776559416997,1.5697989792962994,1.179803766912053,0.0,0.8375415404692343,1.2540567422092679,3.3977939768626495,31.554078342015718,88.1460168150154,86.36080521146333,-42.56446108408828,-17.78908275252178,-32.65832961870599,-33.97662984629206,33.70596910836029,20.8542334726408,64.83859984277441,95.51265900505602,56.173742279804756,-6.097767492927699,95.92056671054483,87.62311086825233,0.0,46.064,335.13,121.011,1599,520,1673.317,16487.291,0.046,192,5699.9712550130425,0.9990803519494382
sup14,42.037462792847776,64.75329373733211,0.0,62.946908256584166,9.972391415973322,0.0,7.587130696089184,0.0,0.0,717.0899560337956,0.0,1.1093370011857422,70.34357291630943,518.1839611859505,6,100.0,100.0,100.0,97.66682608387116,90.53635225185467,80.06256109725472,70.15410031895657,65.13629242651025,0.14225752069041048,0.0,12.263774798238195,0.0,9.59299512856939,0.25473567055747,7.263014385390832,81.29504448716597,92.19101848892574,99.02485281650785,7,66.68193767146558,0.0,0.01786038115722541,15.180937861923578,0.005303025240686505,0.0,0.0,0.0,0.0,0.09175134205992902,3.4137200422949454,0.8863630977351697,0.0,0.0,34.704136794086246,0.0,158.55026980285996,150.50017093370164,82.01254220593204,131.4311054217427,100.69778115782918,82.34600446377867,106.04725706324146,95.94521889213411,76.86956629485583,99.72997543454564,48.74595448600575,47.368791825553416,-28.871631836816366,6.033358577217883,1.5665665238523927,-121.78158016097954,56.49546160037058,24.154695309381992,2,-78.4824660354139,9.839683064713515,-157.92551877896207,-133.34251854215847,40,876.6418474411939,0.0,1.0347032069340807,0.0,0.0,28.89295752756937,320.3561658567546,0.0,78.54652804311003,0.0,20.406497174006997,0.0,1,45.57416265762618,0.0,0.0,0.0,0.0,0.0,0.0,17.773416809016904,13.239200046065216,4.25608358316389,36.153488310065924,-157.92551877896207,0.0,0.0,31.57348646509104,0.4325612933570448,0.0,8.906571335067053,926.0,0.0,0.0,0.0,0.0,116,6,87.149837165221,14.779883434626097,114.25652071225619,44559.0,2200702.3522714665,158.64197834761626,5.176224521857724,6.033358577217883,24.154695309381992,1.5665665238523927,98.3660041831703,0.44568515609777637,118.28295822737907,12.156267400696276,69.01273257001671,29.06259373686457,134.55124626327597,144.66970399937588,4.175590150943649,58.16133266593338,107.08647995954087,29.396246491287258,60.31729339068866,561.1334194070599,52.76605852937967,83.85137984991337,94.04999331351715,122.5193192085716,13.335599966852952,370,1,17.050666064555855,8,88.12561043544589,103.84346037951762,673.4062031533067,82.36583973931032,79.49207864209832,51.659564071715444,70.15611187559429,63.25301266100594,48.30725090744301,56.75560451569065,394.9053687807072,63.1757133696925,0.0,123.45346282618766,78.31270296054859,97.39571167949022,97.97701273487611,93.20627628359512,54.64397663214736,3.541477199121298,1.101259480129917,0.0,0.9212946008302494,0.9466977972257642,3.4018873911613934,24.722675465306736,82.22440587175461,72.18537279135738,-44.873584262343954,-25.375882829553596,-34.431811046345004,-38.57050083102302,33.40111468329876,27.510855792281326,70.18300228983813,96.01382756238701,57.32370685423402,-11.022764466893213,97.48062918058568,87.47971835323236,0.0,62.244,366.92600000000004,145.798,6728,646,2137.584,17886.486,3.912,193,9842.486188810808,0.9977015051266732
sup15,43.63036113499698,51.91010015841987,0.0,28.3517256604873,20.462104204113096,0.0,3.812141375140129,0.0,0.0,690.7169280522397,0.0,4.8481414747372416,71.1665970050338,522.4959579253502,6,100.0,100.0,100.0,98.34692702251552,92.19343025430437,82.35642288342774,72.68588280161228,66.8982556616257,0.06384084731620451,0.0,8.519851537481628,0.0,8.887233517156746,1.707783102072368,23.148344904710562,81.44524402265759,92.53408750448217,99.2215730204846,7,64.09309226666481,0.0,0.0,8.694020512709152,0.0,0.0,0.0,0.0020939153579748663,0.0,0.372911078612758,7.0191120661976045,3.0185755189159105,0.0,0.0,36.21529795344129,0.0,151.9194728366002,144.32995432422905,75.9338253608407,125.46977597801656,96.50422810584655,76.1762241951176,105.6982572467946,94.08919561735823,76.89342859856737,99.62312625735797,47.95192909752703,45.983980415061595,-33.662868521740606,5.061057229023263,1.01227313820644,-122.16555006616977,54.562960376123684,22.688723514593153,9,-84.54015527372596,4.13095354989455,-163.93336724546614,-139.830867030186,40,845.6541329600459,0.0,6.7863411286131345,0.0,0.0,16.30072837515809,323.5534566131622,0.0,37.33217304028435,0.0,55.881485831102495,0.0,1,46.29476078281999,0.0,0.0,0.0,0.0,0.0,0.0,18.103973540500885,12.424308096459917,4.034585357698463,35.01252155708542,-163.93336724546614,0.0,0.0,29.857171259185527,0.0,0.0,7.159513316337225,925.9999999999998,0.0,0.0,0.0,0.0,116,6,88.14100621684577,8.074823844239006,111.69301171114486,44559.0,796627.7209184543,152.07753999778194,5.085226886236114,5.061057229023263,22.688723514593153,1.01227313820644,98.74955616886953,0.1488661063557287,115.29000310654472,11.328399403491453,67.14900191735477,28.221329486421432,129.91544559058576,139.30109975416352,3.9774264336174276,55.67890666957592,103.06257590924962,31.66658438653183,76.73829562797847,551.0693342857802,53.83015039304985,83.603795257261,93.26414342631428,122.75351989851637,8.380050353392505,370,1,16.574600063760446,6,83.46803133390533,99.41860084896277,603.9109499819596,84.74658152086651,77.61417466645467,54.66019378858537,71.11403396861208,65.1610753225264,47.8425369536287,55.29635756797728,392.26939064750695,59.182016048464796,0.0,96.7568197720825,76.3982077319966,98.41297239191742,98.53867157893876,93.36446815123931,54.54151450126789,4.168379916705906,1.0503214785030595,0.0,1.0248944082985008,0.843352759875015,4.309013974110896,24.924483934036065,75.92432589767343,60.02378487216297,-44.16995801808764,-27.38576358840164,-30.937891425401524,-34.54442559828191,32.3299670444135,31.198497813923233,71.47376049695255,97.03148832967022,58.8614080873488,-1.8950381807744163,98.35978503273104,89.5535352451118,0.0,38.107,235.619,100.729,1923,0,1713.5720000000001,16677.78,0.948,0,7912.439718190673,0.9991410580089608
sup16,37.38380686100119,47.71071890245964,0.0,78.46836577441674,24.088349038570385,0.0,5.894592944940989,0.0,0.0,685.8321299739753,0.0,4.141742819261497,70.92528995821435,426.2518849980439,6,99.99999999999997,99.99999999999997,99.99999999999997,97.91023703113703,90.95065913738324,81.92192888149728,73.05483302820683,67.29076056233214,0.0,0.0,3.3360806682703363,0.0,21.30107931820107,18.81703041154646,1.327336439074197,80.67601529725425,91.77276017975568,99.0881801555572,7,46.69865593695613,0.0,0.0,17.138182952163028,0.0,0.0,0.0,0.0,0.0,0.39243143214372955,8.764930914185227,4.346228755400352,1.0541575883015206,0.0,28.134741199205763,0.0,157.43539629061738,146.78591021624328,75.87203471627738,128.9357337869015,94.55590145956187,77.89163035085144,106.21425527217104,93.77823833823513,77.45676579406584,101.32781139165284,46.36281908824701,44.16007386300564,-39.90625740688493,3.854759829973952,0.31612574713059194,-131.214808297115,53.62623462663322,20.547604690116742,8,-93.25004974783346,0.30075198859343655,-178.54413790529242,-147.48714935730268,40,813.4581979820878,0.0,17.01910895388941,0.0,0.0,19.069978771371815,262.4384700699984,0.0,39.81973282257227,0.0,43.11976192394943,0.0,11,45.96478141023184,0.0,0.0,0.0,0.0,0.0,0.0,15.668005466859235,11.602312070769973,3.200650055950251,34.0037131042862,-178.54413790529242,0.0,0.0,34.07847535102121,0.0,0.0,2.46880744626135,925.9999999999999,0.0,0.0,0.0,0.0,116,6,87.73518772583657,15.565255389867268,91.94004440921466,44558.999999999985,1963128.142006652,157.56730292315135,7.385907702776881,3.854759829973952,20.547604690116742,0.31612574713059194,99.44495650968851,0.4114519863171,115.62172113225546,10.231792155770492,65.10399352528478,27.03361804618341,131.2343476276832,141.03696089704871,3.200650055950251,55.38198316754862,104.25024919281529,12.636051370646262,58.993719383386484,544.0990586848172,53.12326943614893,83.232023978759,93.96770741371088,118.82750047174689,4.821860732138638,370,1,5.33037135089247,6,82.80702517397023,94.91929118293875,528.3579080457353,91.63951076106612,80.55528636001347,49.11967371588171,70.43987914350298,58.550919807580996,44.79765193117186,52.8127204994343,328.31816660277644,53.822624298589766,0.0,48.664424674235725,72.4250917241313,99.1570991396956,99.24834269680927,93.38610867217263,50.96709450215485,3.525741266610433,1.0968353559480797,0.0,0.7164040597183517,1.5788890959236555,5.252100544181261,7.766600221536026,69.2317182038897,50.95984620631316,-42.77690285672577,-28.273325357286335,-32.35062678931215,-29.911846029981817,31.27394140173323,28.809341740200626,70.17478607776339,96.79383396210503,60.964978267170444,-11.296609479528477,99.5364983006858,91.47687685287123,0.0,63.823,175.202,109.91,1953,0,1536.617,10432.548999999999,2.348,0,6884.9446742737755,0.9983367396134581
sup17,57.85425897613183,44.32094653916842,0.0,77.20851296332454,19.56223413676107,0.0,4.697791396551459,0.0,0.0,639.1907358036724,0.0,4.639043908392322,76.9000867283805,489.5706859040363,6,100.0,100.0,100.0,97.9190595800372,91.96424119393014,84.90513459511094,77.37485820210662,72.48318362963049,0.0,0.0,10.855223176594125,0.0,11.79271990556623,1.4741957557246397,12.71901223228827,87.36899815362442,96.15700873479982,99.99897179953585,7,69.8191913297444,0.0,0.0,8.871482754259654,0.0,0.0,0.0,0.0,0.0,1.1679594870750618,11.339474002721156,3.164882247141669,0.16814516495406098,0.0,40.72431684374545,0.0,148.3341983056595,143.67979916415038,73.5087047604169,118.01673789402953,95.70615431329921,68.58637785698187,99.91235369077555,88.84771930879388,76.7991262856146,98.00313025663002,47.44755063776094,42.722341573338646,-36.76410509867929,4.291505629417414,0.609382352265139,-125.16670568050613,52.421720745624604,21.29585220132271,8,-85.52745975556152,3.050929005194952,-169.4292007569418,-142.63780568026056,34,827.698811731498,0.0,63.571503347934794,0.0,0.0,21.992820956627316,259.58063482074533,0.0,17.470181587702687,0.0,18.958315064362512,0.0,1,43.8743081100513,0.0,0.0,0.0,0.0,0.0,0.0,22.68983321724764,11.512338983918962,3.5502205107557137,32.23820797078555,-169.4292007569418,0.0,0.0,31.73077172345227,0.0,0.4028356704063629,9.875552919239025,926.0,0.0,0.0,0.0,0.0,116,6,90.4864657424397,8.499985690355818,102.22599341766174,44559.000000000015,4534977.203268941,148.66121105116974,6.39856466619775,4.291505629417414,21.29585220132271,0.609382352265139,96.98029823082248,0.6615743737370069,106.19943816890088,10.970116145351325,61.561766697753576,27.87333304840555,118.39657358074517,128.17326842985509,3.5502205107557137,53.995028978078494,97.28991769905294,47.578807170622525,71.06662904185785,532.0599991179854,58.97425327699403,82.86787893280943,93.82146247951904,129.62330349971094,5.470714948259481,377,1,24.9917218030565,4,87.73545658490735,96.85523287527002,571.6857652739152,93.61329471256215,77.87788775996616,47.62818266141285,72.06772352328119,62.15079520629217,41.54751396205631,50.09708932538502,351.4936213667483,56.98478668629602,0.0,125.88556277549564,78.65478929900301,96.17032450050796,96.51341761516163,90.78262863237049,49.72056577556153,3.491514170086705,1.4523808859407477,0.0,0.9328667090619862,1.2031398327471508,5.21427333465452,36.50720512282757,67.24356932095017,57.55313388397736,-39.12933654164473,-17.365759604915326,-25.877062547448094,-20.881725374050113,36.385601881410764,25.311778281564806,63.48795065722027,92.21937949221523,57.22169716440711,-11.548224091805276,99.0130977638826,89.48129987224581,0.0,10.689,53.198,24.038,873,0,384.47700000000003,2331.709,0.01,0,5235.185743383458,0.9988957676145876
sup18,84.11496390381447,22.55813044757808,0.0,22.086779871325582,36.307997179042346,0.0,2.7238742894388093,0.0,0.0,669.1292032692267,0.0,3.8605403478853275,74.30349125117421,525.2469729924095,6,99.99999999999999,99.99999999999999,99.99999999999999,97.11649489548158,90.36723403026431,82.30492390863029,74.46363702688147,69.65158555164817,0.0,0.0,10.425714222065462,0.0,8.493464556337656,0.00023091616479883542,23.4358268592332,84.98122836526127,95.01629562609412,99.83948421394322,7,65.32138696387565,0.0,0.021651900512256538,8.238104724668956,0.0,0.0,0.0,0.0,0.0,0.1248823243688581,23.142101992899853,0.9115281755670467,0.0,0.0,36.74925598035816,0.0,158.57973115382055,148.01726023355016,77.99337682049934,123.9986748300166,95.54704750753831,61.51818850404821,102.07027036398956,91.95929115635829,78.05214730917686,102.01325712391294,46.87250480612923,40.23302311238668,-39.57772270888584,3.8784868514524393,0.10333632392417141,-129.88630754633198,53.56687674826682,21.579813092253346,8,-84.6714605705995,3.9729995640494855,-176.21242315787177,-146.62935486012094,40,827.2724415208153,0.0,92.34525583376987,0.0,0.0,30.13704478164869,237.5340887224042,0.0,3.2564411546484644,0.0,4.3983030115816675,0.0,1,47.0348402702069,0.0,0.0,0.0,0.0,0.0,0.0,18.951946950903395,11.193869048678316,3.258605587940036,31.82984765989972,-176.21242315787177,0.0,0.0,30.441608538161432,0.0,0.0,8.493233640172857,926.0000000000001,0.0,0.0,0.0,0.0,116,4,88.96969615265188,8.1569890869501,110.8706843557402,44559.0,634285.1819412254,158.57973115382055,5.516545650316342,3.8784868514524393,21.579813092253346,0.10333632392417141,99.77356961839361,0.058422487416320515,111.97367040872604,10.748962425110992,63.357885843242684,26.673325072122694,124.82671325996517,138.96948602798744,3.258605587940036,55.58812599783747,102.7487814941105,17.62900623103703,45.88568194231638,540.6181289047638,60.07086210930038,84.7682651256663,94.99574981069878,123.92044636749422,6.080544665681103,377,1,10.646828460166446,4,89.90995638733699,96.28197364012223,565.6849677590483,93.95057862270949,82.37195372340041,44.3455796023303,71.37630867632949,64.00640715356606,36.576448930660575,44.51627232029162,392.13524218156493,51.97793793793318,0.0,103.62333317028805,79.23870992538906,99.62136615664045,99.77356961839361,94.55915437243388,57.066699086384695,4.749621753379191,1.0084858977059545,0.0,0.812609483073124,0.9881437550127907,4.9599769955952855,15.09560311958617,73.86309109617801,62.796847954129476,-40.64034382942647,-19.46712313523288,-30.54893359744256,-24.65230585068012,34.005886232512985,33.16539973531782,71.90438496663388,96.75784156006083,51.44322079803958,-20.357398107413992,99.71433284657819,89.47779620832401,0.0,302.976,473.757,393.646,258923,12433,5864.208,54582.971,4.204,1025,1842.2386569483388,1.0
sup19,24.301214654198937,20.74103214850578,0.0,21.900982543033493,37.342937122798,0.0,2.392055320003351,0.0,0.0,701.5223394990633,0.0,3.9523019743099663,69.33535189046178,437.2499574632857,6,99.92554385690347,100.0,100.0,96.79392302836753,88.8337142712562,79.23216545913213,70.89214356248404,66.08708470370067,0.0,0.0,24.355388782035615,0.0,29.42312501879854,7.2183653749715395,14.07329602251987,78.13337252136004,88.92678410362517,97.23205725991082,7,38.11676250649138,0.0,0.00961387936739426,8.389452012440557,0.0,0.0,0.0,0.0,0.190031773857778,0.6697411027113849,7.0365997169551235,3.1220774978544337,0.34503551530848764,0.0,17.80283122721294,0.0,167.21058191779898,150.050555609828,78.33819508495215,131.8889802296301,93.63885846890031,60.44056222453664,105.52825024594789,95.19258130828419,78.71506702025269,105.03017795710771,45.96595924980741,37.38917477700123,-51.41712964519505,1.6641024005300624,0.0004380749190503532,-149.15481158752556,54.982449640522276,20.068261109075973,9,-97.16979931708879,-0.9913619962822663,-197.39908890344535,-162.7049203704956,40,763.1866512068412,0.0,22.958697943796345,0.0,0.0,18.564005778582455,309.34127890787494,0.0,39.18246103044405,0.0,37.86643122665772,0.0,1,47.405297380914625,0.0,0.0,0.0,0.0,0.0,0.0,7.898382206953593,10.382055943119576,1.6861086752045344,31.951625997661363,-197.39908890344535,0.0,0.0,32.30137471548709,0.012029493955809982,0.0,22.14216882006087,925.9999999999999,0.0,0.0,0.0,0.0,116,4,86.29158922879346,8.378438489944168,98.94145115558801,44558.99999999999,626842.2417869094,167.21058191779898,6.065582788314935,1.6641024005300624,20.068261109075973,0.0004380749190503532,99.95978575092407,0.11481544570045618,119.13077152097186,8.761971932621545,66.30217832552614,24.664934115350512,134.76832565093878,150.2415709250142,1.1722388516524733,57.102809904966044,108.32348769941609,40.40319463412213,29.940900402518235,541.7657702439637,54.57937529359274,82.99419835794077,96.56610922096166,108.99788980381125,0.022715256772663714,377,1,31.298569443008738,8,87.89666596733264,86.29913075713007,476.28529151607916,89.86944973836049,90.33944160009565,43.58226625569534,68.13018130119568,61.620129081307645,32.0185477163957,41.59662446575356,351.7148260316394,40.83888850039063,0.0,237.62030153298727,70.42080286710122,99.73724455890974,99.85403392131889,96.23777594800096,60.363705491261875,8.814483102655338,1.8181371495466396,0.0,1.0279421575942513,1.2689494173403728,4.7253299076739665,37.778896761596314,62.2932321751656,49.77758374875024,-39.842272386593834,-26.11484090194359,-37.027164217872,-33.15006685392846,22.732874815260885,28.086255003722446,71.43978238479936,95.71914178874404,51.636286551736596,-23.60951775626284,99.99591922370611,94.9914493924129,0.0,285.188,446.968,377.992,258488,12433,5540.7080000000005,48483.772000000004,1.357,1057,25302.065007587484,0.9978620536178191
sup02,47.286352475443906,27.29166021312239,0.0,530.6175612033072,8.643704546396037,0.0,47.13324083767936,0.0,0.0,828.9648199514377,0.0,0.01800243027971616,68.63803960669254,392.64666266204176,4,93.7985950801778,96.56478459537276,97.32380247831735,94.83500369061996,87.68022883719897,78.53632389765247,69.5966499357599,65.33013492725179,6.372036033508815,0.3832756304883466,15.370741375013075,0.0,32.00901159568637,19.15879583038258,9.752836721348672,74.85263062200745,81.43282523709355,88.27287592071738,8,63.942719409508484,0.0,0.0,53.338218604849246,0.0,0.02687836300146163,1.2373486537856582,0.0,0.0,0.0,0.0,0.009454753268128226,0.0,0.0,14.378572805052674,0.0,190.96638970500493,179.73360941890286,102.68628114280541,153.54638123912378,129.9514583028614,83.01428487299293,113.85136663976446,103.04278626812754,86.12718398248077,109.92770100848544,56.555531605527946,71.6392218638479,-10.96961202055713,10.627461225118957,4.103875333817352,-93.89215458912432,65.39448272595862,32.358079159788225,3,-34.868613123346776,40.88909853568834,-128.16349186905524,-101.09484535599879,46,765.2591440647934,0.0,1.0110565895012273,0.0,0.0,274.367928056644,216.76059042431984,0.0,98.98894341049876,0.0,0.0,0.0,11,27.258451483333804,0.0,0.0,0.0,0.0,0.0,0.0,-7.5339375705651355,17.013860080967483,6.883252610136328,45.89830552001457,-128.16349186905524,0.0,0.0,36.47320617871901,0.0,0.0,12.925904202984277,946.0100092004743,0.0,0.0,0.0,0.0,116,2,83.1766558773762,53.6899855771082,65.72467224785466,50886.80008878838,52091911.3157982,190.96638970500493,10.690382801475609,11.232969028691082,33.44682812913586,4.8825447624875755,93.40053989625113,7.305243162420899,131.49837807072552,13.484036625435419,81.9048922810334,34.06086836936708,147.44134891492766,160.52181529970812,5.685950833831403,69.36054138168147,118.90030711499865,22.28462969851933,187.31372174742228,635.2939896117799,27.968801412353027,63.85650560223259,78.72022018710413,92.47878066097427,41.771111060411435,344,1,16.723434952758243,8,101.51346474527114,94.66077937819092,589.5447805323397,96.16042457148234,95.86446414593198,56.525770709910915,83.68014093823001,52.81010917524257,19.5468335735434,44.9508103068444,296.87251423906173,28.311956794829484,0.23828956282335712,139.70410806022903,63.86425517363185,90.12151058835498,84.82992287951735,54.32523750207917,7.10040181953191,1.4162972273191823,1.216933235935275,0.0,0.17951255863353507,0.34810115317770185,1.2177068206141348,18.342266469937513,47.5263218895345,32.79663079545937,-40.433740422658474,-22.637459705601735,-29.398325253253265,-34.76485202942178,13.16088080675534,4.629888526214063,17.555189526804895,64.48775929341971,25.216664240449386,-18.29322455810907,82.46315535112026,42.02537218551131,1.7834262033525687,4.615,7.772,6.152,14,0,64.245,249.353,2.375,0,4947.0165542267,0.9957924469936944
sup20,47.393075575252674,36.916456100696536,0.0,104.70407046993364,2.716016739812189,0.0,21.916660399035482,0.0,0.0,711.9620345973879,0.0,1.3859988767332252,68.2966951987031,470.79296159428105,6,99.93142031024905,100.00000000000001,100.00000000000001,96.52341915030391,88.70929881728614,79.09123364197258,69.99285658029811,65.03457220009003,0.09699350746835635,0.012952560436146659,25.98974053125396,0.0,28.992089197351252,9.10863469740544,18.644986925628157,77.24912989609008,88.6075984343687,97.03785257913569,7,44.029030432805314,0.0,0.09085669324176501,14.611493642276816,0.0,0.0,0.0,0.12547207522515372,0.0,0.027772356339297578,3.6390257424246766,7.162559366368626,0.0,0.0,23.45412307581025,0.0,168.89722222838282,155.7509720275489,82.97995814382855,132.83670470792774,102.2397494893337,61.47880577393645,102.82776628965641,94.28635898468687,77.27023054668605,101.73410784073012,47.041323350708616,46.40579440789919,-35.291330410010346,4.6547894750287835,0.5163706579895853,-124.71596833514073,56.336608971532,23.83797098840345,2,-76.79224797089216,10.428059131866972,-171.46282105780298,-140.85365495082243,40,766.8616328689671,0.0,33.119583396457266,0.0,0.0,31.97841770284718,245.72999047473328,0.0,66.75330197727455,0.0,0.09875681152111893,0.0,1,42.041917997422686,0.0,0.0,0.0,0.0,0.0,0.0,7.054138378830648,12.15197392376734,3.6908501176767237,34.571040041654285,-171.46282105780298,0.0,0.0,33.057786913613455,0.0,0.0,19.864714152964307,926.0109660181354,0.0,0.0,0.0,0.0,116,6,85.85803410864953,13.780527874494679,94.62938415655118,44559.0,4727281.227909612,168.89722222838282,6.227676841690716,4.6547894750287835,23.83797098840345,0.5189611700768146,98.17688199703933,1.1794443000315913,118.93990847513845,10.221591440040706,68.7986809667519,26.352513958989217,131.5085590464878,147.54642427989265,3.181183301620965,58.67488403117136,107.52492492728202,56.30148469066678,53.54231832478833,548.348746051089,54.06364156572776,80.51827148226035,92.77343408850474,107.83518698433079,12.57442058439632,377,1,35.79664258364532,8,87.78918156071097,86.45278419317371,516.1897358229822,84.17802648671166,82.81775513923077,43.51127148702216,69.5519800977667,60.71742993203637,33.14560439805117,45.693376530761945,319.57418183102294,46.47014965365639,0.03626716922121065,194.38953302451824,75.2403622151839,96.1574933469775,98.06792196990294,86.92263941804379,41.89199704929567,4.219908421590203,1.5031563029444583,0.0,1.0105420072117892,1.1717735970297698,3.5555343453951025,51.2439388290754,62.42470010024918,49.37297090149209,-43.8286597029341,-26.145594665982127,-35.22868486008923,-35.916847606619406,20.283943864775743,19.25276369187479,58.53975246437423,91.96894962358763,47.705808466051394,-25.84488617416059,98.93503067929373,85.7400914796716,0.0,30.222,62.882,48.475,1769,0,635.849,4174.953,0.338,0,5868.440534197201,0.9944613299707867
sup21,39.4638172235249,39.85577545519374,0.0,381.486564632957,11.301956562264097,0.0,22.448081341655303,0.0,0.0,733.1048651037519,0.0,2.8028969719447017,68.1338860392474,536.4678883139323,6,99.08131088500357,99.99999999999997,99.99999999999997,96.77763213762489,88.96196171308071,79.27507896908662,70.46534229748912,65.56478153511225,0.2964326993042667,0.8860848944766854,5.661587554665424,0.0,8.674761412976684,2.178221354621704,1.6878424006679185,75.92555969090473,85.34941069532005,94.2932463439414,7,39.60057369001842,0.0,1.3097203860078641,33.29740603648356,0.1406211577367604,0.029788577912832733,0.7774703049575518,0.0,0.0,0.17783533650416436,9.02910497051168,5.641255384015684,0.0,0.0,22.499319716352783,0.0,169.58285523188675,155.10811085728307,84.01505187133031,136.58017961479788,101.43480719918202,73.51043685233057,106.36173467164296,97.18974886404992,80.41822886294447,105.02679077361576,48.61795114588924,44.42522442603787,-43.01626687607808,4.600436702378638,0.47836829605646397,-129.77498785936413,58.2400279177629,24.63836698079512,9,-77.67719587667676,11.411638271528732,-171.7198885118514,-143.6211076321734,40,750.1346885039526,0.0,56.89498790218419,0.0,0.0,58.246414530124554,377.0415200536384,0.0,43.09934418015356,0.0,0.005667917662227099,0.0,1,42.2106763094447,0.0,0.0,0.0,0.0,0.0,0.0,2.2305257009605346,12.019403967789922,3.4516401945634847,35.84677846023183,-171.7198885118514,0.0,0.0,31.684946498779016,0.0,0.0,6.480581935674165,925.9999999999997,0.0,0.0,0.0,0.0,116,6,85.4016981642263,31.342925728410858,94.90529853340915,44558.99999999999,50918770.31279813,169.58285523188675,6.211798696481906,4.600436702378638,24.63836698079512,0.5503433412905544,99.97725047614715,11.944548858242827,122.92028166870044,9.847394317635809,71.23812269168258,26.95133002304292,135.9358409355374,151.19458311337854,2.5141800731613317,60.44081169534703,110.4753573045736,15.737889995476523,57.505443173069644,564.7287958145732,47.06920498995694,77.56532634211855,91.56596981173122,102.37328996064512,11.453814205252815,377,1,9.397930442759572,4,89.31231835775334,85.7450325312427,438.5443678302206,88.9666208802632,88.62159688885536,46.72185040148929,72.09136501060328,62.01336839479015,30.722920322668177,44.54492676554779,444.4386743720291,40.56720731527331,0.609802411344534,73.44046067158166,68.0794889903069,99.61606230510368,99.85720830726876,85.45161867112128,37.80768975279387,3.041859365372862,1.058384077197346,0.0,0.7187777736889379,0.9043050760297631,2.830202405161603,14.011542478317885,54.050591670159335,40.60820466860503,-41.27839492120186,-27.29823814861314,-34.72729991318736,-34.488771616120935,16.93757186058689,18.199489249144733,61.341566926351334,95.65107800525315,44.21668373257384,-22.420980250342556,98.47821571988898,84.66861221067535,0.0,60.361,127.47,99.859,8130,0,1414.082,10173.125,33.538,0,8850.855509923842,0.9972310713680307
sup22,62.65907969569147,34.621369732434395,0.0,252.1421952697861,2.732712331896636,0.0,37.06656734762676,0.0,0.0,746.2911996091846,0.0,0.26916728949848595,71.23495682254861,562.0317333257517,4,97.82586873418356,99.73594043385718,99.79523942623281,96.80803363557871,89.3669729663352,81.02369964928153,72.99268644452025,68.19717671594691,0.39869846750571936,0.29944244570665235,21.689930674066254,0.0,40.016501328109214,19.871015750773164,17.74041716114003,78.03736334175431,85.59201532048336,93.05654584415808,7,59.546097477774175,0.0,0.6517265825780307,23.789061830783552,0.0,0.0,0.03694810173387413,0.0,0.0,0.0,1.769580887523278,0.7520332480929754,0.0,0.0,26.55387969041661,0.0,174.54101962302457,167.50306583830667,90.47269166324237,137.47602726155688,118.72814880697237,74.48257682012867,104.5059094898415,95.63825731245102,82.29788415605914,103.92941678029548,52.80089850113192,62.113173433716554,-17.687092164364724,9.582164586594507,4.007068079002891,-96.20109663750847,61.07841968777503,30.150051722065157,11,-49.14605331223351,28.23322120531173,-131.98205071182858,-108.92614459889198,44,738.1635982616549,0.0,4.315252744679358,0.0,0.0,282.5314480720221,299.4178688474791,0.0,95.68474725532064,0.0,0.0,0.0,11,36.43771656336587,0.0,0.0,0.0,0.0,0.0,0.0,-1.0293419727281008,14.996878979861862,6.349382977143542,39.9704542434003,-131.98205071182858,0.0,0.0,37.24265572900802,0.0,0.0,20.20990163161505,944.6543312060451,0.0,0.0,0.0,0.0,116,2,86.12544202949779,24.64643743791622,79.47581611398002,52554.31100506523,48694819.71102297,174.54101962302457,10.804153354271014,9.689122248492794,30.235919977175328,4.393558867988145,92.30995002204158,7.023100353868906,120.74782258322044,12.406219211099303,74.0974668930922,30.931613148905875,130.101299708369,144.42055104856578,5.319994309007472,63.636262313906016,107.90297883599422,43.88390224248899,57.590637860523394,592.4294278899857,38.94404664143111,68.77952285684992,81.32720805511717,99.02277603353471,31.35935239940919,344,1,29.296446525766836,8,93.93524021005355,90.63233345301367,568.6140562047253,93.10949208400989,86.88852957732068,50.57434873459829,74.75300194554389,51.95446187442172,23.098872816988525,41.612658114608344,410.1140511568695,34.051962252154,0.32226132916425654,196.52181607124277,65.65078594978391,89.71847407298965,91.54094973213707,75.81771363351183,28.371759859897423,2.5800219297875597,2.089741206266457,0.0,0.9521156009146018,1.1226919506862905,2.773924443964479,40.616478184336465,48.477492570084294,35.38995703948712,-39.70929546512611,-22.177492635405045,-30.61853582490406,-28.284506199391334,18.0432499939552,14.596240022445839,44.091141107007424,83.4380331880327,26.970991255397145,-20.345023058539166,86.39209074884705,55.57470223486753,0.03725266927492505,8.736,13.001999999999999,11.072,197,0,102.89699999999999,347.846,0.154,0,8215.552045032155,0.9967750978019072
sup03,46.68753656922496,55.37691726617095,0.0,471.32588624474545,6.623023889663844,0.0,29.935176875353196,0.0,0.0,829.1773302376696,0.0,0.020713222531510464,71.82432804123503,480.77175613117413,4,98.97250114614016,99.91639616282097,100.0,96.89369594945074,89.30965275053761,79.82414294921209,71.15654731320193,67.64538353303577,3.642752262057952,0.44700563730832066,3.5644189535314137,0.0,25.140173484084833,22.176108321566,19.97316796641555,79.38375461460782,88.13705839698878,95.43042896012746,7,87.25448090252758,0.0,0.0,50.60069780317077,0.0,0.0,4.196894312959135,0.0,0.0,0.0,0.0,0.0,0.0,0.0,17.57550675831862,0.0,190.0638324363901,176.7119287510364,108.15471478887979,158.3099111812744,127.06061440025606,91.83560359539374,115.69922793174997,107.26077538180786,88.16675577986989,111.01028539137725,58.78836975325937,70.17327877644115,-11.475129269434408,11.200254796952755,4.879008086832421,-92.88373142317079,67.8719804658511,34.078714300729494,9,-36.88340961777617,41.670990028290944,-126.94477630004478,-102.39988977029716,44,834.8915267880853,0.0,0.0,0.0,0.0,170.87267079974038,295.7919907666978,0.0,100.0,0.0,0.0,0.0,11,28.56944164075436,0.0,0.0,0.0,0.0,0.0,0.0,0.7389601135712967,17.031385942453205,7.223024280250419,45.993467732968284,-126.94477630004478,0.0,0.0,35.90257203635075,0.0,0.0,2.9649561943618457,944.9391851018963,0.0,0.0,0.0,0.0,116,6,86.62047484601125,50.86242481099516,70.85410768780955,49729.55575796454,40308400.56921284,190.0638324363901,9.276142437433387,11.248619288529198,34.085847251658095,5.160672793911516,93.9858821035033,5.480705670341007,130.12027565127104,14.701729504111277,81.40429612222704,36.264254433159095,146.83014028266973,158.0876110831701,6.565865462602194,70.71039594521855,121.32064658743599,19.4065393654559,138.67875535210982,656.4641582832104,37.73409226820546,70.73946796134585,82.48126388199168,100.89061260536019,41.85306288780701,344,1,6.063577888447001,8,106.95036175140697,101.01095416993144,593.2285076157596,97.99411986054126,99.26532285512086,58.41904690571023,86.9760753216519,54.724692286839584,25.011702630239697,47.80714814029432,379.3170038403676,36.44059893603001,0.2676589409089476,36.909822864223955,74.12797326960633,90.41684056296519,87.33732230194454,46.004820900446916,8.149454428047758,1.0255465713347132,1.0826493324491087,0.0,0.0865299782843976,0.3140173537493849,1.2939317415870164,8.684472528222674,59.002182227066044,42.02852021927674,-37.19573904214896,-17.74754198329911,-28.312887772601034,-33.20148824156346,19.210678730741567,5.009786790043468,22.773029167301264,78.41671940933655,28.297937429190945,-17.241718368277176,85.60266793011564,54.23810374942424,0.5002508748688423,28.633,52.637,40.884,136,27,468.634,2149.108,6.430000000000001,80,3431.270666779106,0.9937799653169925
sup04,51.39360754246216,50.205766725565795,0.0,452.8990550931674,5.3141053132905824,0.0,19.706839743621547,0.0,0.0,817.9800836725568,0.0,0.0,70.79997380346042,525.3280247685027,4,99.93145369419202,100.0,100.0,96.75391976960547,89.52482521086924,80.32823929261548,71.24343801103052,66.90577642120691,0.7721486405362216,0.0,11.065617812315113,0.0,29.156709808560503,20.31430216495323,35.88457147652489,78.44647718441755,88.78239955179454,96.9600095636086,7,72.61068802572689,0.0,0.0,39.43074831472006,0.0,0.0,13.17047088697167,0.0,0.0,0.36842434930372703,0.07701091339685813,0.0,0.0,0.0,18.834045355768982,0.0,185.2591125894849,172.25594409744602,106.1219065550349,155.54154528980763,124.34564534654311,75.3428469476937,114.37334136593925,106.93478680842361,85.84129639347209,108.88006238015625,56.659804510248705,68.64042647057752,-12.244985735032346,10.990644223678453,5.530973203159579,-88.5866195138959,67.61490337127117,33.818036200010866,7,-42.140250690187855,37.39380043503939,-122.35297835239284,-104.2109888602516,44,859.6292942015174,0.0,0.0,0.0,0.0,308.4462497424545,320.2827154341692,0.0,100.0,0.0,0.0,0.0,11,33.960033623029844,0.0,0.0,0.0,0.0,0.0,0.0,4.766512139329152,16.48696442490235,7.321614376732082,44.844578151501935,-122.35297835239284,0.0,0.0,37.70935941031737,0.0,0.0,8.777699930101269,944.1751546938214,0.0,0.0,0.0,0.0,116,6,86.64834311091157,38.539276792578946,67.97395514728481,46024.60171801637,21296571.21825704,185.2591125894849,11.315761348737558,10.990644223678453,33.818036200010866,5.530973203159579,96.90536979286507,3.5177947322075416,128.33278469188065,14.112778965605962,79.9296601690372,35.138522990742665,144.32309598069074,155.63247636464575,7.000808634632216,70.0682637962381,120.72314132950862,40.24968513416289,46.81846663256413,647.1039138817947,41.5927760079769,75.50038332021089,86.41072487903467,105.1572378643763,40.143051239339705,344,1,25.21768774121255,8,103.94515979886874,96.33441297730631,737.0737124895816,97.76787911420655,90.83928578759708,57.394204215131005,88.76515232977215,50.92339560264337,31.611704279574614,48.427922416729835,396.61402895621944,46.15250082021952,0.0,116.4935542409648,76.96372945808172,91.27979829348271,96.36384437495633,72.74035363737514,15.87502671338061,1.6289969116143102,1.1869100032859996,0.0,0.20957367106548008,0.30547503829602046,1.7100265487692439,33.0173907779163,67.65472705248511,53.64706844410823,-41.44806354216514,-18.79810188115907,-26.42165427781554,-32.26732167345822,16.870109965254265,9.764177067508081,28.7789252387995,86.83627546532156,29.972569044394934,-18.160806748651318,87.97427669537147,65.29739781559822,0.832958112229432,18.214,29.466,23.511,178,0,241.21,1174.266,2.113,0,2659.1490561611877,0.9952418419988007
sup05,49.19781539420369,52.279930984662386,0.0,244.88126162381087,6.637828985065414,0.0,25.509574685431428,0.0,0.0,844.2960114707893,0.0,0.0,67.36811820094962,501.9726403936082,4,99.38306445964548,100.0,100.0,96.41677836706533,88.33088837492366,78.22496049074961,68.3479750648887,63.58334895586604,1.6184475598885504,0.0,3.6033502811231486,0.0,27.805492634596597,24.904975216867047,57.28870740020675,75.25169395420804,85.35621012057508,94.65370325301366,7,73.78592354216703,0.0,0.0,38.504328942856915,0.0,0.0,11.93981619950926,0.0,0.0,0.0,0.0,0.0,0.0,0.0,19.24443930758868,0.0,186.29023259517533,172.46418151120005,107.2256207904477,156.5986336355351,124.77045543937699,84.46959862838825,115.4176797100442,109.11947377976227,84.01817936084925,108.09376931623693,55.666373832186906,68.6637443755414,-10.498742403663961,11.20957119557539,5.743968046410293,-87.66997915021716,69.19816014490544,34.448915857819166,3,-41.42839009516876,37.78219026995752,-119.27443389412423,-103.38941895374803,44,833.1893876598288,0.0,0.0,0.0,0.0,90.08860431894925,342.81037218396295,0.0,100.0,0.0,0.0,0.0,11,34.8466169542547,0.0,0.0,0.0,0.0,0.0,0.0,-1.3400056399487934,16.90189042383019,7.355676573358831,45.644021293101076,-119.27443389412423,0.0,0.0,36.55792898334302,0.0,0.0,2.8829344563674804,944.0551729539668,0.0,0.0,0.0,0.0,116,6,84.84515950400801,39.2458540287944,64.42758619296816,45709.14570605398,10184003.082013458,186.29023259517533,10.82290105188569,11.20957119557539,34.448915857819166,5.77068888115636,97.83598731015492,1.7018286630557125,132.02536856661987,14.070715922042858,82.28552197232372,34.20252148334803,149.666217118089,161.67045409173093,6.54363257096694,72.25232747144912,124.95813575558549,9.181948474233991,87.12941641861912,647.759569501974,40.068252383328314,73.07870341718521,85.41445018663529,98.66215190611996,40.96333939955048,344,1,2.4409139074518555,8,101.97855368496873,96.14343625668945,713.2292577255582,95.90149007218437,85.6803925402802,56.336813414034594,87.47251678470217,52.6237208993124,30.69257682238002,46.195584764314155,421.4111020171362,42.53260391640269,0.0,37.257011607744346,76.38876022597029,94.30247802053334,97.06151142249146,77.65454907221633,17.123141603735327,1.2262691749342767,0.9773718638703806,0.0,0.08371192647702366,0.07187172187482263,1.65945132452813,3.975162890737474,63.32368809059778,50.798614476263296,-46.93894409712227,-22.63675103078466,-29.874520089591744,-35.93082319768644,14.31087304696926,7.839939204956273,31.360485741604073,88.8334136605712,25.242915752687743,-21.99161803484246,86.05357955403875,63.51184594256984,1.6237562187216292,43.379,153.49,75.793,664,410,996.645,7126.746,4.705,172,3587.988873817616,0.9944362123722588
sup06,62.0962781372613,32.77523259303705,0.0,611.9993062074329,3.01739702657918,0.0,26.37688108122954,0.0,0.0,789.3931688156889,0.0,0.08696360907618343,64.32408172792798,408.1759968737382,4,99.51184785992326,100.00000000000001,100.00000000000001,96.56597562655621,88.10349874246167,77.63103428385756,67.10192938436214,61.47279260679421,1.4103723669985542,0.4764288989501124,27.896334861792788,0.0,38.34561829506675,14.08979817068589,1.3530509321736783,71.69558690401286,82.02786093576545,93.38083123378426,7,71.11879221204602,0.0,0.0,46.5771337379127,0.0,0.0,9.295724246658796,0.0,0.0,0.0,0.13127197904103424,0.0,0.0,0.0,16.266946287497497,0.0,183.76123160324607,174.25385621582373,102.53463352959874,152.26407832899457,126.5839042953657,62.000273527189776,107.28189517075066,100.49354850409972,76.73008956380306,100.20770611150438,49.98991572947386,70.13696154634181,-5.770710738352522,10.943465333431648,6.083020100957321,-74.84740637779001,62.82949749305979,31.146451266958238,3,-42.305851807320764,34.13399611557393,-110.21232282435518,-97.61101430551845,44,808.3369418817434,0.0,0.0,0.0,0.0,241.13158127315336,180.25447395727696,0.0,100.00000000000001,0.0,0.0,0.0,11,34.00452362184248,0.0,0.0,0.0,0.0,0.0,0.0,2.427682788113333,16.02112155996126,7.499724229774063,42.587622167094665,-110.21232282435518,0.0,0.0,37.784883122800565,0.0,0.0,24.520786793904918,943.9999999999998,0.0,0.0,0.0,0.0,116,6,83.47781460307864,46.390387480389826,67.44556223489496,45537.00000000001,78409119.23812462,183.76123160324607,10.411833209230949,10.943465333431648,31.146451266958238,6.083020100957321,94.96704825138585,14.857224849561755,124.85954277029876,12.531620816757297,77.53746392850073,30.204141016524808,140.42574240489358,152.0624746468371,6.547931771954259,65.25650404734648,115.18046340023575,43.06072376051572,57.26174802188535,595.0073911351511,39.549122843019894,75.42285342438488,87.53291085806997,102.6486401666853,42.64533627604765,344,1,33.90847175647391,8,85.67883507554099,87.2741050274504,828.1250258828387,83.84482082147262,76.3307096918948,50.09808079007354,74.19098729883854,51.565541919104874,40.62051431756189,50.88147930531993,257.3215963948002,63.2000553923344,0.3978189277339381,241.20251362803896,70.47591622320904,89.69198315006454,93.94568521987442,84.32629368500537,23.392517475261783,1.7711078573572518,1.5641831711417753,0.0,0.696850877606078,0.25849510993706115,2.2687511622278245,39.980166797309366,65.23009149920763,60.73817052906412,-49.759244351230215,-31.377285643894087,-35.79977710104635,-40.43819070204672,11.090247482078853,8.875484089039109,24.298142561465173,78.04561143554203,38.49056270349716,-23.007741706750995,90.00301404668296,72.8537077088399,1.4551006734145233,28.598,135.282,55.955999999999996,127,0,688.061,4628.329,30.225,0,2859.0475395607527,0.9951267640889224
sup07,60.22001170295496,48.35192253231422,0.0,219.70392493916637,4.22615527565202,0.0,25.601720980295685,0.0,0.0,839.9414103250582,0.0,1.0472821520414288,64.48927909242603,463.94517947496826,4,98.81135355923259,100.00000000000001,100.00000000000001,96.26619533715039,87.20313118800138,76.59282716247132,66.43566873864187,61.232384927521736,1.945732830106049,0.01052758816553741,2.0645840189116993,0.0,28.128224703937946,26.95233602757346,29.538981159048596,72.24876615969437,82.34038325155228,92.77326967033254,7,72.37004027789754,0.0,0.0,36.73207869874961,0.0,0.0,18.38866687701228,0.0,0.0,0.0,0.0,0.0,0.0,0.0,17.29880547241165,0.0,186.24992815918222,174.5150762559587,107.01066035415431,156.37713752116233,126.60507922070626,78.40706511285384,112.60737762706282,107.50442139333505,80.62246323893453,104.88096816092909,52.92327229966844,69.4283575467849,-7.499248122224293,11.371964979175354,6.257332241862975,-79.9831850493811,67.91284359764018,33.47111743035999,3,-41.18972188946869,36.8068584733535,-112.13885409117981,-98.69347640399785,44,810.8795074675254,0.0,0.0,0.0,0.0,79.60029217195407,271.06196510490537,0.0,100.00000000000001,0.0,0.0,0.0,11,33.9892569001495,0.0,0.0,0.0,0.0,0.0,0.0,-3.510976103407823,16.730638810919213,7.638172242631985,44.85333880873,-112.13885409117981,0.0,0.0,36.18006481042346,0.0,0.0,1.250557610896797,944.0000000000001,0.0,0.0,0.0,0.0,116,6,83.32443560975696,38.69191335580929,65.61528035387579,45536.99999999999,12402913.96656404,186.24992815918222,9.472578159701927,11.371964979175354,33.47111743035999,6.421239770550888,98.04515593452813,2.094703996506583,131.6824522945282,13.229139641399858,81.72213434283618,32.28165792427937,149.58574265800758,161.0336085795148,6.638596767240735,70.92292289440337,124.34215598297268,26.63087846282085,74.80255852627172,630.0101137407421,39.455203878703095,73.55816485849184,84.73120146607265,96.48902389659217,43.21043532016591,344,1,10.643493056940295,8,93.06326102357438,92.28784843950163,726.5632430591875,89.79485828086543,83.13729806321682,53.723119595215046,81.16172568820942,54.39335002688768,34.05940935749603,48.75878332046728,370.92135166450663,46.96074304150762,0.0,16.662795409470757,74.1794416257587,90.62074649567107,97.71139925675703,81.0257139138595,18.15868564033902,0.5418483962599275,0.8774105648767778,0.0,0.0090122051949869,0.004176287944124184,1.717685074743347,14.714606102089656,62.85332738533176,50.836899174178555,-48.375085005736906,-29.195168109285017,-34.870381789932054,-39.88587564474088,11.314793356523175,8.160495782611639,27.958312728311864,80.74615452155165,31.207251126365854,-24.256814514450756,86.11616844038362,66.13984327397802,1.773368023375038,28.598,135.282,55.955999999999996,127,0,688.061,4628.329,30.225,0,1789.2702074067438,1.0
sup08,76.59481049459319,24.495017364618572,0.0,734.4146549240022,5.72545842275565,0.0,30.482039110599544,0.0,0.0,807.97411479549,0.0,0.3296733347119809,64.42879468895305,512.5759965097146,4,99.40638518075407,99.99999999999996,99.99999999999996,97.24827523604462,89.28451601182505,78.02181265789451,67.38407763018574,61.40448803306465,0.881923505085288,0.3838422170592251,22.527569119964827,0.0,32.1651624634318,16.895294232914406,2.8531447659029476,73.00798213514109,83.70333188507,94.23814494608253,7,99.54100596108502,0.0,0.0,52.50971274954541,0.0,0.0,16.060937957703565,0.0,0.0,0.022458451001058147,0.0,0.0,0.0,0.3990204982410391,24.22700015059708,0.0,181.48445182290024,169.81912134042173,100.71565069731491,150.40630805240897,123.5536044177949,60.59217493135615,110.46356107035153,104.37521989578362,78.23790480419864,102.6924941237625,51.4172580711046,66.6742396487936,-9.589031457233704,11.053505594628197,6.376331358311079,-78.9750576616858,64.4466185350353,31.679377176143934,8,-44.85135584323403,31.57476793533402,-111.28575288607497,-98.39022359012507,44,815.3293882439954,0.0,0.0,0.0,0.0,306.05861046838527,223.89704150085143,0.0,99.99999999999996,0.0,0.0,0.0,11,35.89172567285597,0.0,0.0,0.0,0.0,0.0,0.0,0.9577800679286272,16.43101868545171,7.636602920252369,43.493336026518804,-111.28575288607497,0.0,0.0,34.14678518037179,0.0,0.0,15.352946002053772,943.9999999999995,0.0,0.0,0.0,0.0,116,2,84.01844127922148,51.61296660246788,65.23742060495765,45536.999999999985,155672036.14328077,181.48445182290024,8.388047142147517,11.053505594628197,31.679377176143934,6.471656536427039,97.12725166417916,17.65757844016005,127.38564242334084,13.206407180930462,79.51555129629794,31.503584750175335,143.8823366608993,155.6737060136062,6.797269350184244,66.61949230907052,118.15905999839599,47.26010900178184,70.1005598740478,612.1967824066667,42.8751652524681,75.20463207290977,86.01870881028078,101.00976936980972,40.22881221828146,344,1,25.360827095858102,8,85.71029465674722,92.77271082298071,731.44402777119,84.23913895832267,79.3473622836854,58.11988573115589,76.2532418989983,57.685182272544196,37.55928461976312,53.690525822372805,342.5729150783482,51.04222558900265,1.1816495145097066,180.10455274956416,76.39437033562417,92.81933387269854,96.49122900649557,82.56872086208838,23.61440931660705,2.7339134954429474,2.0922040390256496,0.0,0.48160861174039327,0.40426574892309636,1.2440893879869683,31.672511446407817,65.79697276872716,54.128164332552196,-48.981867916018025,-32.7101755238382,-35.36963374338493,-41.49725614390248,14.179714354420254,10.28783932794564,33.11952133202159,85.59869832074236,40.83328610907115,-12.444808068985264,87.60286360906304,70.3664175266136,0.1839922048472648,3.311,9.596,4.957,25,20,63.53,230.32,0.612,127,2442.4149936941303,0.9969588244345208
sup09,32.08310139673487,14.214947576438908,0.0,301.41129772686185,20.202800599760145,0.0,29.930608509459432,0.0,0.0,787.8319578698356,0.0,1.1364979500956676,65.2418077432894,315.8158456314976,4,100.00000000000003,100.00000000000003,100.00000000000003,97.07576310649799,89.12949046521939,78.14513435817861,67.43583251794342,61.51758443712254,1.4420271772009214,0.0,27.413396557812163,0.0,52.75080743193083,36.172406275183135,21.738838516381893,74.62239867170157,86.6236175565571,96.49435943284648,7,67.14094274456696,0.0,0.0,34.73997320261822,0.0,0.0,7.303723589070264,0.0,0.0,0.0,0.0,0.0,0.0,80.06462856973444,10.812565924409341,0.0,178.60524645535247,173.25767598890383,97.40856477951979,145.58135319805186,130.72431378695498,64.16805923941546,106.44783041979407,98.56295821789249,76.74605666434535,99.88318872326495,51.06081257162193,74.45469643996329,4.988549485341754,11.975898964414025,7.8765004396595115,-60.3467978695938,61.55904735765773,31.451078038428456,11,-37.876908784861435,34.29870279376052,-93.32437486303077,-87.3394830090356,44,829.288503422033,0.0,0.0,0.0,0.0,255.68829785657437,195.41634544133547,0.0,100.00000000000003,0.0,0.0,0.0,11,36.95558958828796,0.0,0.0,0.0,0.0,0.0,0.0,4.9242836096945775,17.00934600443791,8.938341566541144,42.887497191506675,-93.32437486303077,0.0,0.0,32.986597141712615,0.0,0.0,16.450119536169577,944.0000000000003,0.0,0.0,0.0,0.0,116,2,84.67484683899991,34.82306375001049,73.32261596706589,45537.000000000015,31569228.06077787,178.72297948153224,8.045501873958369,11.975898964414025,31.451078038428456,7.8765004396595115,97.47169808513925,4.723733258594829,124.94025294158669,14.385121430330294,77.8140564151592,31.881971892678,138.57398228771547,151.13836656218874,8.45363208715809,63.67911190165209,111.83893246893369,59.7616442386148,50.95677578453064,600.2127235994614,46.897793399143175,76.59905944713275,86.07360587710856,105.34933737086479,46.718422703347024,344,1,29.93764687344593,8,86.56067422948921,95.93249423454922,602.7466629359656,81.93226987922863,73.73382599739699,53.355954912290194,69.83467967537693,58.77052998173614,40.96858492215563,49.82512254350201,239.2554485575784,58.270522095790795,0.0,200.1731209947307,80.79054783015579,89.04874954493067,97.22836381887245,83.9930784270972,29.38719669625793,1.7564843366635676,1.0491972028095222,0.0,0.35015851656325947,0.22957475558726756,1.4700151395822019,44.60078320983001,73.29033066162795,64.41605035414959,-51.14784171393139,-30.540845617676016,-37.515477125756,-40.72145144537313,18.763798454491752,12.745740473443846,39.37774482010903,86.04886780443044,36.8898470757445,-16.17109629386877,86.4922599603851,70.63672253844861,0.8744562867583351,4.666,11.723,6.356,32,0,54.439,186.734,0.485,0,3113.9972220286686,0.988767011096448
